{"type":"FeatureCollection","features":[{"type":"Feature","properties":{"area":"Bosque de Tlalpan","zona":"Proteccion Estricta","zona_k":"proteccion estricta","ha":3.57},"geometry":{"type":"MultiPolygon","coordinates":[[[[-99.203747,19.297628],[-99.203739,19.297572],[-99.20373,19.297547],[-99.203757,19.297488],[-99.203775,19.297446],[-99.203757,19.297421],[-99.20373,19.297412],[-99.203712,19.297379],[-99.203721,19.297345],[-99.203739,19.297286],[-99.203783,19.297244],[-99.203801,19.29721],[-99.203836,19.297159],[-99.203863,19.297117],[-99.203881,19.297075],[-99.203881,19.297041],[-99.203898,19.297008],[-99.203934,19.296999],[-99.203987,19.296991],[-99.204023,19.296957],[-99.204049,19.296907],[-99.204058,19.296881],[-99.204067,19.296848],[-99.204076,19.29678],[-99.204049,19.296738],[-99.204022,19.296713],[-99.203987,19.296696],[-99.203933,19.296679],[-99.203871,19.296646],[-99.203836,19.29662],[-99.203827,19.296578],[-99.203836,19.296519],[-99.203898,19.296486],[-99.203995,19.296494],[-99.204022,19.296477],[-99.20404,19.29646],[-99.203995,19.296418],[-99.20396,19.296393],[-99.20388,19.296376],[-99.203835,19.296317],[-99.203782,19.296317],[-99.203693,19.296334],[-99.203631,19.296343],[-99.203605,19.296343],[-99.203578,19.296334],[-99.203542,19.296301],[-99.20356,19.296191],[-99.203578,19.296124],[-99.203586,19.296048],[-99.203586,19.296031],[-99.203631,19.295972],[-99.20364,19.295947],[-99.203648,19.295888],[-99.203666,19.295863],[-99.203702,19.295837],[-99.203746,19.295854],[-99.203817,19.295896],[-99.203844,19.29593],[-99.203853,19.295972],[-99.203879,19.296006],[-99.203933,19.296014],[-99.203995,19.295972],[-99.204057,19.29593],[-99.204092,19.295896],[-99.204101,19.295871],[-99.20411,19.295803],[-99.204065,19.295744],[-99.203986,19.295728],[-99.203914,19.295677],[-99.203879,19.29566],[-99.203843,19.295618],[-99.203843,19.295585],[-99.203817,19.295517],[-99.203825,19.295458],[-99.203834,19.295433],[-99.203905,19.295399],[-99.203941,19.295382],[-99.203967,19.295357],[-99.204012,19.295315],[-99.204029,19.295264],[-99.204056,19.295231],[-99.204109,19.295197],[-99.204145,19.295171],[-99.204189,19.295188],[-99.20426,19.29523],[-99.204296,19.295264],[-99.204331,19.295289],[-99.204376,19.295298],[-99.204429,19.295356],[-99.204482,19.29539],[-99.204544,19.29539],[-99.20458,19.295365],[-99.204624,19.295331],[-99.204642,19.295297],[-99.204642,19.295255],[-99.204651,19.295196],[-99.20466,19.295129],[-99.204677,19.29507],[-99.20473,19.295036],[-99.204793,19.294994],[-99.204819,19.294927],[-99.204837,19.29491],[-99.204872,19.294876],[-99.204917,19.294884],[-99.204961,19.294901],[-99.204979,19.29496],[-99.204997,19.295011],[-99.204988,19.295053],[-99.204979,19.295137],[-99.204953,19.295263],[-99.204935,19.295322],[-99.204917,19.295356],[-99.204846,19.295415],[-99.204775,19.295482],[-99.204749,19.295541],[-99.204705,19.295609],[-99.204678,19.295668],[-99.204616,19.295718],[-99.204563,19.295803],[-99.204518,19.295904],[-99.204483,19.295954],[-99.204474,19.29603],[-99.204501,19.296114],[-99.204519,19.296165],[-99.204563,19.296198],[-99.204617,19.296274],[-99.204661,19.296299],[-99.204696,19.296291],[-99.204741,19.296291],[-99.204865,19.296333],[-99.204892,19.296341],[-99.204945,19.296358],[-99.204998,19.296366],[-99.205061,19.296366],[-99.205078,19.29635],[-99.205096,19.296324],[-99.205096,19.296282],[-99.20514,19.296257],[-99.205202,19.296223],[-99.205256,19.296215],[-99.205264,19.296164],[-99.205247,19.296122],[-99.20522,19.29608],[-99.20522,19.296038],[-99.205229,19.295987],[-99.205255,19.29597],[-99.205335,19.295987],[-99.205353,19.296021],[-99.205398,19.296054],[-99.205428,19.296097],[-99.205373,19.297708],[-99.203747,19.297628]]]]}},{"type":"Feature","properties":{"area":"Bosque de Tlalpan","zona":"Uso Publico Intensivo","zona_k":"uso publico intensivo","ha":16.21},"geometry":{"type":"MultiPolygon","coordinates":[[[[-99.194449,19.295149],[-99.194316,19.295352],[-99.193807,19.295902],[-99.19377,19.295896],[-99.193372,19.296096],[-99.193093,19.296222],[-99.19245,19.296515],[-99.192421,19.296522],[-99.192097,19.296524],[-99.191565,19.296504],[-99.191411,19.296496],[-99.191131,19.29648],[-99.191714,19.292542],[-99.193624,19.290222],[-99.193923,19.290867],[-99.194318,19.291423],[-99.195109,19.292584],[-99.195117,19.292596],[-99.195059,19.292715],[-99.194854,19.292815],[-99.19467,19.29293],[-99.194557,19.293051],[-99.194396,19.293263],[-99.194409,19.293853],[-99.194512,19.294846],[-99.194514,19.294991],[-99.194469,19.295099],[-99.194449,19.295149]],[[-99.191779,19.294649],[-99.191684,19.294703],[-99.191528,19.294737],[-99.191432,19.295272],[-99.191507,19.295293],[-99.191748,19.295339],[-99.192011,19.2954],[-99.192167,19.295437],[-99.192508,19.29551],[-99.192756,19.29554],[-99.192788,19.29551],[-99.192795,19.295446],[-99.192802,19.295291],[-99.192795,19.295126],[-99.192791,19.294965],[-99.192777,19.294827],[-99.192575,19.294803],[-99.192426,19.294776],[-99.192181,19.294726],[-99.191982,19.294686],[-99.191779,19.294649]],[[-99.193648,19.295913],[-99.193615,19.29586],[-99.193536,19.295906],[-99.193568,19.295958],[-99.193648,19.295913]],[[-99.192189,19.295898],[-99.192146,19.295894],[-99.192106,19.295905],[-99.192075,19.295929],[-99.192059,19.295952],[-99.192049,19.295984],[-99.192082,19.296301],[-99.192308,19.296278],[-99.19227,19.295955],[-99.192255,19.295933],[-99.192226,19.295913],[-99.192189,19.295898]]]]}},{"type":"Feature","properties":{"area":"Bosque de Tlalpan","zona":"Uso Especial","zona_k":"uso especial","ha":0.1},"geometry":{"type":"MultiPolygon","coordinates":[[[[-99.192146,19.295894],[-99.192189,19.295898],[-99.192226,19.295913],[-99.192255,19.295933],[-99.19227,19.295955],[-99.192308,19.296278],[-99.192082,19.296301],[-99.192049,19.295984],[-99.192059,19.295952],[-99.192075,19.295929],[-99.192106,19.295905],[-99.192146,19.295894]]]]}},{"type":"Feature","properties":{"area":"Bosque de Tlalpan","zona":"Uso Especial","zona_k":"uso especial","ha":0.01},"geometry":{"type":"MultiPolygon","coordinates":[[[[-99.193615,19.29586],[-99.193648,19.295913],[-99.193568,19.295958],[-99.193536,19.295906],[-99.193615,19.29586]]]]}},{"type":"Feature","properties":{"area":"Bosque de Tlalpan","zona":"Uso Especial","zona_k":"uso especial","ha":9.1},"geometry":{"type":"MultiPolygon","coordinates":[[[[-99.188282,19.292766],[-99.186104,19.29479],[-99.186342,19.295267],[-99.18644,19.295275],[-99.1867,19.295646],[-99.1863,19.295606],[-99.186331,19.29539],[-99.186334,19.295328],[-99.186326,19.295281],[-99.186321,19.295266],[-99.186275,19.295186],[-99.186188,19.29505],[-99.186082,19.295025],[-99.185348,19.294855],[-99.184437,19.294215],[-99.184439,19.294206],[-99.184711,19.293719],[-99.184778,19.293654],[-99.185468,19.293026],[-99.185609,19.292817],[-99.185716,19.292659],[-99.185843,19.291507],[-99.18592,19.291165],[-99.186212,19.291206],[-99.186783,19.291248],[-99.187477,19.291176],[-99.187544,19.291507],[-99.18761,19.291755],[-99.187632,19.291838],[-99.187941,19.292303],[-99.188282,19.292766]]]]}},{"type":"Feature","properties":{"area":"Bosque de Tlalpan","zona":"Uso Especial","zona_k":"uso especial","ha":1.05},"geometry":{"type":"MultiPolygon","coordinates":[[[[-99.191779,19.294649],[-99.191982,19.294686],[-99.192181,19.294726],[-99.192426,19.294776],[-99.192575,19.294803],[-99.192777,19.294827],[-99.192791,19.294965],[-99.192795,19.295126],[-99.192802,19.295291],[-99.192795,19.295446],[-99.192788,19.29551],[-99.192756,19.29554],[-99.192508,19.29551],[-99.192167,19.295437],[-99.192011,19.2954],[-99.191748,19.295339],[-99.191507,19.295293],[-99.191432,19.295272],[-99.191528,19.294737],[-99.191684,19.294703],[-99.191779,19.294649]]]]}},{"type":"Feature","properties":{"area":"Bosque de Tlalpan","zona":"Uso Publico Extensivo","zona_k":"uso publico extensivo","ha":62.1},"geometry":{"type":"MultiPolygon","coordinates":[[[[-99.194514,19.294991],[-99.194512,19.294846],[-99.194409,19.293853],[-99.194396,19.293263],[-99.194557,19.293051],[-99.19467,19.29293],[-99.194854,19.292815],[-99.195059,19.292715],[-99.195117,19.292596],[-99.195109,19.292584],[-99.194318,19.291423],[-99.193923,19.290867],[-99.193624,19.290222],[-99.194458,19.289208],[-99.194594,19.288922],[-99.193647,19.288676],[-99.193675,19.288584],[-99.193645,19.288508],[-99.193584,19.28848],[-99.193538,19.288447],[-99.193508,19.288397],[-99.193508,19.288369],[-99.193506,19.28831],[-99.193459,19.288295],[-99.193427,19.288251],[-99.193449,19.288212],[-99.193566,19.288193],[-99.193644,19.288137],[-99.193713,19.288109],[-99.193801,19.288119],[-99.193859,19.288109],[-99.193957,19.288109],[-99.194016,19.288137],[-99.194084,19.288118],[-99.194123,19.288081],[-99.194162,19.287988],[-99.194217,19.287951],[-99.19424,19.287905],[-99.19424,19.287821],[-99.194275,19.287757],[-99.194367,19.287729],[-99.194504,19.287766],[-99.194588,19.287767],[-99.194676,19.287776],[-99.194806,19.287775],[-99.194963,19.287765],[-99.19509,19.287737],[-99.195217,19.2877],[-99.195275,19.287635],[-99.195303,19.287591],[-99.195296,19.287547],[-99.195273,19.287517],[-99.195252,19.287493],[-99.195235,19.287452],[-99.195239,19.287428],[-99.195256,19.287395],[-99.195307,19.287363],[-99.195325,19.287346],[-99.195346,19.28733],[-99.195346,19.287301],[-99.195342,19.287257],[-99.195316,19.28722],[-99.195269,19.2872],[-99.195256,19.287155],[-99.195277,19.287098],[-99.195316,19.287078],[-99.195346,19.287041],[-99.195359,19.28702],[-99.1954,19.286979],[-99.195431,19.286915],[-99.195453,19.286878],[-99.195461,19.286837],[-99.19544,19.286796],[-99.195427,19.286752],[-99.19541,19.286711],[-99.195423,19.286674],[-99.19544,19.286646],[-99.195478,19.286609],[-99.195513,19.286593],[-99.195534,19.286576],[-99.195551,19.286552],[-99.195573,19.286548],[-99.195607,19.286523],[-99.195624,19.286483],[-99.195658,19.286475],[-99.195714,19.286487],[-99.195749,19.286503],[-99.195783,19.286507],[-99.195809,19.286503],[-99.19583,19.286487],[-99.195851,19.286466],[-99.19586,19.286454],[-99.195881,19.286438],[-99.195937,19.286421],[-99.19598,19.286421],[-99.196027,19.286433],[-99.196079,19.286458],[-99.196122,19.286458],[-99.196169,19.286445],[-99.196208,19.286429],[-99.196229,19.286401],[-99.196238,19.286384],[-99.196255,19.286356],[-99.196255,19.286315],[-99.196246,19.286287],[-99.196203,19.286274],[-99.196173,19.286258],[-99.196164,19.286226],[-99.196182,19.286185],[-99.196203,19.28616],[-99.196237,19.286148],[-99.196246,19.286128],[-99.196242,19.286103],[-99.196242,19.286086],[-99.199607,19.286169],[-99.20031,19.286309],[-99.200319,19.286324],[-99.200332,19.286346],[-99.200337,19.286365],[-99.200352,19.286382],[-99.20037,19.286399],[-99.200381,19.286416],[-99.200373,19.28645],[-99.200352,19.28647],[-99.200319,19.286451],[-99.200298,19.286443],[-99.200283,19.286433],[-99.200236,19.286438],[-99.200224,19.286458],[-99.200216,19.286482],[-99.200224,19.286509],[-99.200224,19.286524],[-99.200242,19.286541],[-99.200252,19.286551],[-99.20027,19.286573],[-99.200278,19.286587],[-99.200283,19.286599],[-99.200288,19.286621],[-99.200298,19.286634],[-99.200329,19.28666],[-99.200355,19.286668],[-99.200394,19.28667],[-99.200409,19.286648],[-99.200412,19.286621],[-99.200396,19.286597],[-99.200386,19.286582],[-99.200381,19.286568],[-99.200381,19.286548],[-99.200391,19.286538],[-99.200409,19.286524],[-99.200432,19.286516],[-99.200458,19.286516],[-99.200496,19.286511],[-99.200543,19.286499],[-99.200576,19.286514],[-99.200604,19.286533],[-99.20062,19.286533],[-99.200638,19.286521],[-99.200658,19.286504],[-99.200689,19.286511],[-99.200728,19.286521],[-99.200746,19.28654],[-99.200751,19.286555],[-99.200756,19.286562],[-99.200769,19.286577],[-99.20079,19.286579],[-99.200815,19.286562],[-99.200846,19.286538],[-99.200872,19.286518],[-99.200898,19.286499],[-99.200898,19.286486],[-99.200928,19.286469],[-99.200974,19.286441],[-99.202298,19.286704],[-99.202484,19.28674],[-99.203566,19.286776],[-99.204315,19.286781],[-99.204461,19.28675],[-99.204538,19.286711],[-99.204316,19.286903],[-99.204173,19.286921],[-99.203983,19.28693],[-99.203868,19.286966],[-99.203592,19.286985],[-99.203439,19.287014],[-99.203363,19.28702],[-99.203542,19.287074],[-99.203587,19.287168],[-99.203563,19.28727],[-99.203499,19.287382],[-99.203367,19.287554],[-99.20318,19.28769],[-99.202866,19.287887],[-99.20263,19.28805],[-99.20247,19.288231],[-99.202352,19.288398],[-99.202202,19.288586],[-99.202177,19.288659],[-99.202159,19.288726],[-99.202165,19.288766],[-99.202092,19.288875],[-99.202049,19.288945],[-99.202054,19.289176],[-99.202015,19.289405],[-99.201924,19.289679],[-99.20185,19.289866],[-99.201709,19.290085],[-99.201586,19.290232],[-99.201417,19.290333],[-99.20138,19.290387],[-99.201341,19.290323],[-99.201312,19.290305],[-99.201275,19.290351],[-99.201236,19.290367],[-99.201193,19.290361],[-99.201164,19.29037],[-99.20117,19.290398],[-99.201154,19.290408],[-99.201141,19.290389],[-99.201108,19.290367],[-99.201049,19.290352],[-99.20098,19.29037],[-99.200908,19.290411],[-99.200836,19.290473],[-99.2008,19.290554],[-99.200767,19.29061],[-99.200754,19.290657],[-99.200711,19.290695],[-99.200695,19.290757],[-99.200669,19.290813],[-99.200705,19.290841],[-99.200751,19.290881],[-99.20078,19.290928],[-99.2008,19.291012],[-99.200794,19.291053],[-99.200827,19.291096],[-99.200823,19.291137],[-99.200828,19.291174],[-99.2007,19.29121],[-99.200595,19.291185],[-99.200486,19.29115],[-99.200399,19.291177],[-99.200379,19.291301],[-99.200412,19.291425],[-99.200165,19.291491],[-99.200146,19.29151],[-99.200295,19.291861],[-99.200325,19.291915],[-99.200491,19.292217],[-99.200597,19.292396],[-99.200776,19.292638],[-99.200854,19.292806],[-99.200838,19.292839],[-99.200807,19.292903],[-99.200689,19.292984],[-99.200621,19.29303],[-99.200317,19.293203],[-99.200198,19.293221],[-99.200087,19.293169],[-99.200022,19.293098],[-99.200021,19.293063],[-99.199986,19.293069],[-99.199933,19.293076],[-99.199875,19.293049],[-99.199826,19.293073],[-99.19976,19.293209],[-99.19968,19.293329],[-99.199654,19.293342],[-99.199591,19.293372],[-99.199478,19.293377],[-99.199403,19.293349],[-99.199293,19.293317],[-99.199209,19.293263],[-99.19916,19.293236],[-99.199098,19.293236],[-99.199008,19.29324],[-99.19891,19.293314],[-99.198504,19.293352],[-99.198502,19.293354],[-99.198354,19.293431],[-99.198158,19.293559],[-99.197986,19.29369],[-99.197844,19.29381],[-99.197635,19.293994],[-99.197482,19.294119],[-99.197319,19.294196],[-99.197037,19.294264],[-99.196812,19.294316],[-99.196503,19.294346],[-99.19626,19.294347],[-99.196174,19.294325],[-99.19597,19.294273],[-99.195824,19.294315],[-99.195684,19.294375],[-99.195493,19.294478],[-99.195284,19.29455],[-99.195109,19.294654],[-99.195081,19.294692],[-99.195071,19.294737],[-99.195103,19.294906],[-99.195109,19.294973],[-99.195049,19.295064],[-99.194881,19.295186],[-99.194783,19.295265],[-99.194533,19.295149],[-99.194469,19.295099],[-99.194514,19.294991]],[[-99.201672,19.289086],[-99.201586,19.289093],[-99.201503,19.28912],[-99.201457,19.289122],[-99.201434,19.289148],[-99.201427,19.289185],[-99.201406,19.289204],[-99.201358,19.289199],[-99.201252,19.289199],[-99.201224,19.289218],[-99.201143,19.28931],[-99.201049,19.289409],[-99.201006,19.289483],[-99.20093,19.289532],[-99.200854,19.289573],[-99.200791,19.289592],[-99.20071,19.289597],[-99.200626,19.289614],[-99.200557,19.28965],[-99.200494,19.289686],[-99.200413,19.28971],[-99.200355,19.289727],[-99.200365,19.289749],[-99.200405,19.289799],[-99.200464,19.289854],[-99.200525,19.289866],[-99.200596,19.289876],[-99.200621,19.289886],[-99.200616,19.289902],[-99.200614,19.289941],[-99.200654,19.289984],[-99.20071,19.290023],[-99.200779,19.290049],[-99.200852,19.290051],[-99.200923,19.290027],[-99.20103,19.289998],[-99.201161,19.289952],[-99.20125,19.289916],[-99.201356,19.289882],[-99.201435,19.289849],[-99.201541,19.289783],[-99.2016,19.28973],[-99.201676,19.289658],[-99.201741,19.289538],[-99.2018,19.289413],[-99.201868,19.289271],[-99.201911,19.289143],[-99.201908,19.289129],[-99.201893,19.289112],[-99.201842,19.289107],[-99.201789,19.289098],[-99.201728,19.28909],[-99.201672,19.289086]],[[-99.196534,19.292114],[-99.196511,19.292122],[-99.196508,19.292152],[-99.1965,19.292192],[-99.196483,19.292219],[-99.196469,19.292246],[-99.196435,19.292272],[-99.196398,19.292278],[-99.196359,19.292286],[-99.196317,19.292289],[-99.196277,19.292289],[-99.196252,19.292289],[-99.196206,19.292289],[-99.196173,19.292297],[-99.196127,19.292302],[-99.196079,19.292297],[-99.19604,19.292294],[-99.196003,19.292305],[-99.195958,19.292313],[-99.195893,19.292337],[-99.195868,19.292377],[-99.195848,19.292418],[-99.195817,19.292453],[-99.19578,19.292485],[-99.195752,19.292514],[-99.195699,19.292544],[-99.195642,19.292579],[-99.195597,19.292597],[-99.195541,19.292616],[-99.195473,19.29264],[-99.195416,19.292673],[-99.195385,19.292691],[-99.195354,19.292705],[-99.19532,19.292726],[-99.195292,19.292737],[-99.195241,19.292775],[-99.195162,19.292815],[-99.195091,19.292859],[-99.195094,19.292915],[-99.195117,19.292947],[-99.195145,19.292974],[-99.195173,19.292977],[-99.195199,19.292968],[-99.195365,19.292866],[-99.195422,19.292799],[-99.195433,19.29278],[-99.195464,19.292783],[-99.195543,19.292751],[-99.195574,19.292735],[-99.195616,19.292705],[-99.195656,19.292676],[-99.195681,19.292652],[-99.195721,19.292633],[-99.195777,19.292622],[-99.195803,19.292593],[-99.195828,19.292566],[-99.195848,19.292547],[-99.195904,19.29252],[-99.195913,19.292496],[-99.195913,19.292469],[-99.195938,19.292453],[-99.19602,19.292402],[-99.196119,19.292397],[-99.196152,19.292367],[-99.196175,19.292351],[-99.196231,19.292343],[-99.196251,19.292362],[-99.196274,19.29237],[-99.19633,19.292364],[-99.19635,19.292356],[-99.196384,19.292346],[-99.196432,19.292329],[-99.196505,19.292308],[-99.196545,19.292276],[-99.196556,19.292237],[-99.196559,19.292192],[-99.196565,19.292144],[-99.196551,19.292122],[-99.196534,19.292114]]]]}},{"type":"Feature","properties":{"area":"Bosque de Tlalpan","zona":"Restauracion","zona_k":"restauracion","ha":0.2},"geometry":{"type":"MultiPolygon","coordinates":[[[[-99.196534,19.292114],[-99.196551,19.292122],[-99.196565,19.292144],[-99.196559,19.292192],[-99.196556,19.292237],[-99.196545,19.292276],[-99.196505,19.292308],[-99.196432,19.292329],[-99.196384,19.292346],[-99.19635,19.292356],[-99.19633,19.292364],[-99.196274,19.29237],[-99.196251,19.292362],[-99.196231,19.292343],[-99.196175,19.292351],[-99.196152,19.292367],[-99.196119,19.292397],[-99.19602,19.292402],[-99.195938,19.292453],[-99.195913,19.292469],[-99.195913,19.292496],[-99.195904,19.29252],[-99.195848,19.292547],[-99.195828,19.292566],[-99.195803,19.292593],[-99.195777,19.292622],[-99.195721,19.292633],[-99.195681,19.292652],[-99.195656,19.292676],[-99.195616,19.292705],[-99.195574,19.292735],[-99.195543,19.292751],[-99.195464,19.292783],[-99.195433,19.29278],[-99.195422,19.292799],[-99.195365,19.292866],[-99.195199,19.292968],[-99.195173,19.292977],[-99.195145,19.292974],[-99.195117,19.292947],[-99.195094,19.292915],[-99.195091,19.292859],[-99.195162,19.292815],[-99.195241,19.292775],[-99.195292,19.292737],[-99.19532,19.292726],[-99.195354,19.292705],[-99.195385,19.292691],[-99.195416,19.292673],[-99.195473,19.29264],[-99.195541,19.292616],[-99.195597,19.292597],[-99.195642,19.292579],[-99.195699,19.292544],[-99.195752,19.292514],[-99.19578,19.292485],[-99.195817,19.292453],[-99.195848,19.292418],[-99.195868,19.292377],[-99.195893,19.292337],[-99.195958,19.292313],[-99.196003,19.292305],[-99.19604,19.292294],[-99.196079,19.292297],[-99.196127,19.292302],[-99.196173,19.292297],[-99.196206,19.292289],[-99.196252,19.292289],[-99.196277,19.292289],[-99.196317,19.292289],[-99.196359,19.292286],[-99.196398,19.292278],[-99.196435,19.292272],[-99.196469,19.292246],[-99.196483,19.292219],[-99.1965,19.292192],[-99.196508,19.292152],[-99.196511,19.292122],[-99.196534,19.292114]]]]}},{"type":"Feature","properties":{"area":"Bosque de Tlalpan","zona":"Proteccion con Uso Restringido","zona_k":"proteccion con uso restringido","ha":7.0},"geometry":{"type":"MultiPolygon","coordinates":[[[[-99.187941,19.292303],[-99.187632,19.291838],[-99.18761,19.291755],[-99.187638,19.291725],[-99.187652,19.291677],[-99.187688,19.291651],[-99.187725,19.291608],[-99.187771,19.291578],[-99.187789,19.29156],[-99.187798,19.291504],[-99.187807,19.29146],[-99.187816,19.291439],[-99.187848,19.291417],[-99.187903,19.2914],[-99.187949,19.291347],[-99.187985,19.291339],[-99.188045,19.291313],[-99.188076,19.291274],[-99.18809,19.291252],[-99.188067,19.291222],[-99.188017,19.291204],[-99.188017,19.291183],[-99.188017,19.291135],[-99.188031,19.291096],[-99.188049,19.291078],[-99.188104,19.291078],[-99.188131,19.291065],[-99.18814,19.291039],[-99.188181,19.291009],[-99.188204,19.290996],[-99.18825,19.290987],[-99.188241,19.290961],[-99.188222,19.290926],[-99.18819,19.290879],[-99.188186,19.290844],[-99.188245,19.290809],[-99.188305,19.290822],[-99.188323,19.290822],[-99.18835,19.290775],[-99.188318,19.290749],[-99.188314,19.290714],[-99.188327,19.290644],[-99.188346,19.290579],[-99.188419,19.2905],[-99.188423,19.290474],[-99.188419,19.290409],[-99.188423,19.290366],[-99.188455,19.290299],[-99.188469,19.290282],[-99.188487,19.290269],[-99.188519,19.290247],[-99.188519,19.290221],[-99.188533,19.290173],[-99.188542,19.290143],[-99.188537,19.290074],[-99.188542,19.290017],[-99.188579,19.289978],[-99.188588,19.289956],[-99.188592,19.289909],[-99.188583,19.289883],[-99.188556,19.289857],[-99.188542,19.289831],[-99.188514,19.289783],[-99.188555,19.28974],[-99.188583,19.28974],[-99.188629,19.289744],[-99.188661,19.289709],[-99.188651,19.289683],[-99.188674,19.28964],[-99.188679,19.289618],[-99.188711,19.289592],[-99.188729,19.289566],[-99.188765,19.289522],[-99.18884,19.289494],[-99.188873,19.289473],[-99.188883,19.289442],[-99.188898,19.289394],[-99.188905,19.289349],[-99.188883,19.289331],[-99.188858,19.28929],[-99.188836,19.289276],[-99.188807,19.289273],[-99.188785,19.289262],[-99.188774,19.289238],[-99.188781,19.2892],[-99.188799,19.289159],[-99.188839,19.289134],[-99.188901,19.289124],[-99.188949,19.28912],[-99.189003,19.289127],[-99.189058,19.289145],[-99.189083,19.289141],[-99.189098,19.289127],[-99.189131,19.289082],[-99.189131,19.289041],[-99.189127,19.288985],[-99.189127,19.288934],[-99.189152,19.288896],[-99.1892,19.288875],[-99.189243,19.288857],[-99.189306,19.288844],[-99.189329,19.288828],[-99.189345,19.288813],[-99.189406,19.288792],[-99.189454,19.288768],[-99.189484,19.288763],[-99.189525,19.288767],[-99.189548,19.288802],[-99.189555,19.288844],[-99.189599,19.288837],[-99.189658,19.288798],[-99.189736,19.288791],[-99.189769,19.288798],[-99.189813,19.288823],[-99.189839,19.288819],[-99.189873,19.288784],[-99.189902,19.288756],[-99.189935,19.288738],[-99.189995,19.288717],[-99.190057,19.288728],[-99.190139,19.288745],[-99.190172,19.28878],[-99.190176,19.288822],[-99.190172,19.288847],[-99.190187,19.288899],[-99.19018,19.288945],[-99.19018,19.289001],[-99.190176,19.289036],[-99.190187,19.289061],[-99.190202,19.289096],[-99.190224,19.289131],[-99.190232,19.289148],[-99.190272,19.289173],[-99.190332,19.289201],[-99.190372,19.289197],[-99.190387,19.28919],[-99.190406,19.289173],[-99.190431,19.289152],[-99.190443,19.289138],[-99.190487,19.289131],[-99.190498,19.289138],[-99.190524,19.289155],[-99.190524,19.289169],[-99.19052,19.289211],[-99.190517,19.289236],[-99.190513,19.28926],[-99.190498,19.289282],[-99.190491,19.28931],[-99.190495,19.289341],[-99.190484,19.289387],[-99.190458,19.289439],[-99.190473,19.289482],[-99.190461,19.289517],[-99.19045,19.289569],[-99.190491,19.28958],[-99.190528,19.289587],[-99.190565,19.289587],[-99.190593,19.289647],[-99.190588,19.289692],[-99.190582,19.289737],[-99.190593,19.289757],[-99.190619,19.289777],[-99.190656,19.289807],[-99.190677,19.289842],[-99.190704,19.289877],[-99.19072,19.289943],[-99.190683,19.289988],[-99.19072,19.290053],[-99.190741,19.290048],[-99.190804,19.290063],[-99.19082,19.290078],[-99.190841,19.290098],[-99.190847,19.290123],[-99.190841,19.290158],[-99.190836,19.290193],[-99.190831,19.290228],[-99.190884,19.290243],[-99.190915,19.290268],[-99.190926,19.290308],[-99.188282,19.292766],[-99.187941,19.292303]],[[-99.18968,19.289094],[-99.189618,19.289098],[-99.189585,19.289121],[-99.189551,19.28913],[-99.189528,19.289148],[-99.189542,19.289166],[-99.189547,19.28918],[-99.189547,19.289193],[-99.189533,19.289202],[-99.189509,19.289198],[-99.18948,19.289193],[-99.189466,19.289198],[-99.189457,19.289211],[-99.189461,19.289243],[-99.189452,19.289261],[-99.189452,19.289274],[-99.189433,19.28931],[-99.189428,19.289351],[-99.189438,19.289378],[-99.189457,19.289392],[-99.189471,19.289392],[-99.189485,19.289405],[-99.189509,19.289428],[-99.189523,19.289441],[-99.189576,19.289437],[-99.189604,19.289459],[-99.189628,19.289473],[-99.189637,19.289504],[-99.189604,19.289513],[-99.189571,19.289504],[-99.189557,19.289531],[-99.189576,19.289545],[-99.189604,19.289567],[-99.189614,19.289603],[-99.189609,19.289635],[-99.1896,19.289666],[-99.189581,19.289702],[-99.18959,19.28972],[-99.189633,19.289734],[-99.189652,19.289761],[-99.189661,19.289765],[-99.189685,19.28977],[-99.189714,19.289765],[-99.189718,19.289747],[-99.189737,19.289725],[-99.189742,19.289707],[-99.189737,19.289671],[-99.189747,19.289653],[-99.189761,19.28963],[-99.189785,19.28963],[-99.189799,19.28963],[-99.189832,19.289662],[-99.189847,19.289675],[-99.18987,19.289684],[-99.189885,19.289671],[-99.189899,19.289643],[-99.189899,19.289616],[-99.189903,19.28958],[-99.18988,19.289562],[-99.189842,19.289549],[-99.189827,19.289517],[-99.189799,19.28949],[-99.189766,19.289477],[-99.189737,19.289477],[-99.189685,19.28945],[-99.189633,19.289432],[-99.189609,19.2894],[-99.18959,19.289364],[-99.18958,19.289324],[-99.189585,19.289288],[-99.189594,19.289261],[-99.189632,19.289252],[-99.189661,19.289247],[-99.189694,19.289225],[-99.189732,19.289216],[-99.189742,19.289202],[-99.189746,19.289175],[-99.189746,19.289161],[-99.18977,19.289157],[-99.189808,19.28917],[-99.189827,19.289184],[-99.189856,19.289202],[-99.189884,19.289202],[-99.189898,19.289211],[-99.189913,19.289224],[-99.189932,19.289202],[-99.189932,19.289175],[-99.189936,19.289152],[-99.189936,19.289125],[-99.189931,19.289116],[-99.189898,19.289112],[-99.189874,19.28913],[-99.189817,19.289139],[-99.189803,19.289121],[-99.189784,19.289103],[-99.18976,19.289116],[-99.189737,19.289125],[-99.189713,19.289116],[-99.18968,19.289094]],[[-99.189906,19.28992],[-99.189873,19.289939],[-99.189818,19.289959],[-99.189757,19.289965],[-99.189696,19.289978],[-99.189642,19.289991],[-99.189574,19.289998],[-99.189554,19.289991],[-99.189534,19.290023],[-99.18954,19.290081],[-99.189527,19.290094],[-99.189479,19.290062],[-99.189446,19.290049],[-99.189418,19.290075],[-99.189432,19.290139],[-99.189459,19.290171],[-99.189486,19.290197],[-99.189493,19.290229],[-99.189514,19.290261],[-99.1895,19.290294],[-99.1895,19.290319],[-99.189527,19.290371],[-99.189568,19.290396],[-99.189588,19.290422],[-99.189561,19.290441],[-99.189521,19.290448],[-99.189534,19.290493],[-99.189555,19.290519],[-99.189555,19.290557],[-99.189561,19.290589],[-99.189595,19.290602],[-99.18965,19.290576],[-99.189677,19.290563],[-99.189717,19.290551],[-99.189785,19.290544],[-99.189839,19.290557],[-99.189887,19.29055],[-99.189927,19.290499],[-99.189948,19.290473],[-99.189968,19.290415],[-99.189995,19.29037],[-99.190042,19.290312],[-99.190056,19.290299],[-99.190151,19.290248],[-99.190151,19.290196],[-99.190171,19.290158],[-99.190157,19.290126],[-99.190144,19.290081],[-99.190137,19.290029],[-99.19011,19.289991],[-99.190083,19.289958],[-99.190069,19.289946],[-99.189995,19.28992],[-99.189906,19.28992]]]]}},{"type":"Feature","properties":{"area":"Bosque de Tlalpan","zona":"Proteccion Estricta","zona_k":"proteccion estricta","ha":23.54},"geometry":{"type":"MultiPolygon","coordinates":[[[[-99.18761,19.291755],[-99.187544,19.291507],[-99.187477,19.291176],[-99.186783,19.291248],[-99.186212,19.291206],[-99.18592,19.291165],[-99.186041,19.290627],[-99.186218,19.290062],[-99.186505,19.289278],[-99.18753,19.287229],[-99.187683,19.287117],[-99.187736,19.28718],[-99.1878,19.287234],[-99.187817,19.287295],[-99.187801,19.287326],[-99.187793,19.287394],[-99.187881,19.28744],[-99.187906,19.287478],[-99.187938,19.28754],[-99.18797,19.287593],[-99.188011,19.287624],[-99.188075,19.287631],[-99.188132,19.28757],[-99.188156,19.287516],[-99.188212,19.287455],[-99.188317,19.287455],[-99.188398,19.287478],[-99.188446,19.287516],[-99.188478,19.287539],[-99.188583,19.287554],[-99.188672,19.287592],[-99.188696,19.287608],[-99.188712,19.287707],[-99.188704,19.287761],[-99.188721,19.287791],[-99.188761,19.287837],[-99.188833,19.287829],[-99.188914,19.287799],[-99.188946,19.287738],[-99.188995,19.287699],[-99.189027,19.287607],[-99.189035,19.287546],[-99.189043,19.28747],[-99.189115,19.287439],[-99.189188,19.287477],[-99.189196,19.287607],[-99.189196,19.287699],[-99.189148,19.287768],[-99.189075,19.287845],[-99.189041,19.2879],[-99.189035,19.287975],[-99.189043,19.288074],[-99.189003,19.288105],[-99.188906,19.288112],[-99.188834,19.288097],[-99.188737,19.28812],[-99.188681,19.288128],[-99.188624,19.288174],[-99.188624,19.28822],[-99.188648,19.28825],[-99.188689,19.288258],[-99.188697,19.288296],[-99.188665,19.288312],[-99.188616,19.28835],[-99.188624,19.288396],[-99.188657,19.288434],[-99.188721,19.288449],[-99.188794,19.288457],[-99.188834,19.288434],[-99.188873,19.288423],[-99.188868,19.288446],[-99.188878,19.28847],[-99.1889,19.288491],[-99.188922,19.288506],[-99.188954,19.288515],[-99.188992,19.288524],[-99.189033,19.288533],[-99.189064,19.288566],[-99.18908,19.288569],[-99.189108,19.28856],[-99.189137,19.288569],[-99.189165,19.288575],[-99.189187,19.28856],[-99.189222,19.288557],[-99.189241,19.288545],[-99.189266,19.288509],[-99.18925,19.288479],[-99.189225,19.288446],[-99.189219,19.288422],[-99.189244,19.288407],[-99.189279,19.288359],[-99.189313,19.288353],[-99.189335,19.288374],[-99.189364,19.28838],[-99.189389,19.288347],[-99.189392,19.288314],[-99.189361,19.288272],[-99.189359,19.288271],[-99.189393,19.288219],[-99.189427,19.28817],[-99.18947,19.288112],[-99.189557,19.288055],[-99.189591,19.288038],[-99.189626,19.288022],[-99.189677,19.288022],[-99.189703,19.288047],[-99.189798,19.288079],[-99.189858,19.288086],[-99.189928,19.28803],[-99.18998,19.287981],[-99.190049,19.287972],[-99.190075,19.287948],[-99.190057,19.287874],[-99.190074,19.287841],[-99.190135,19.287817],[-99.190178,19.287825],[-99.190221,19.287833],[-99.190264,19.287825],[-99.190282,19.287792],[-99.190256,19.287759],[-99.19023,19.287726],[-99.190238,19.287702],[-99.190264,19.287677],[-99.190299,19.287694],[-99.190385,19.287702],[-99.190411,19.287677],[-99.190411,19.287636],[-99.190402,19.287579],[-99.190428,19.287489],[-99.19048,19.287439],[-99.190523,19.287407],[-99.19054,19.287308],[-99.190532,19.287284],[-99.190506,19.287251],[-99.19048,19.287218],[-99.190471,19.287153],[-99.190523,19.287112],[-99.190549,19.287087],[-99.190557,19.287079],[-99.190583,19.287046],[-99.190618,19.287005],[-99.190643,19.286944],[-99.190656,19.286949],[-99.19068,19.286947],[-99.190704,19.286937],[-99.190726,19.286928],[-99.190743,19.286935],[-99.190752,19.286953],[-99.190762,19.286972],[-99.190772,19.286983],[-99.190793,19.28699],[-99.190815,19.28699],[-99.190844,19.286976],[-99.190856,19.286965],[-99.19087,19.286951],[-99.19088,19.286935],[-99.190901,19.286926],[-99.190923,19.28691],[-99.190954,19.286895],[-99.190974,19.286881],[-99.190998,19.286867],[-99.191037,19.286863],[-99.191077,19.286867],[-99.19113,19.286876],[-99.191168,19.286844],[-99.191165,19.286824],[-99.191153,19.286801],[-99.19114,19.286783],[-99.191128,19.286763],[-99.191128,19.286717],[-99.191143,19.286696],[-99.19118,19.286676],[-99.191205,19.286661],[-99.191272,19.286647],[-99.191358,19.286684],[-99.191391,19.286693],[-99.191413,19.28669],[-99.191422,19.286658],[-99.191443,19.286635],[-99.191471,19.286632],[-99.191483,19.286649],[-99.191496,19.286675],[-99.191505,19.286707],[-99.191517,19.286742],[-99.191535,19.286763],[-99.191563,19.28678],[-99.1916,19.286774],[-99.191621,19.28676],[-99.191649,19.286739],[-99.191673,19.286733],[-99.191716,19.286759],[-99.191777,19.286768],[-99.191829,19.286768],[-99.191863,19.286768],[-99.191909,19.286756],[-99.191946,19.286751],[-99.191983,19.286736],[-99.192007,19.286713],[-99.19205,19.286681],[-99.192062,19.286625],[-99.19205,19.286588],[-99.19204,19.286547],[-99.19205,19.286515],[-99.192077,19.286498],[-99.192132,19.286474],[-99.192154,19.286474],[-99.192178,19.286466],[-99.1922,19.286439],[-99.192212,19.286416],[-99.192227,19.286399],[-99.192248,19.286391],[-99.192279,19.286415],[-99.192298,19.286451],[-99.192316,19.286456],[-99.192354,19.286456],[-99.192385,19.286427],[-99.19246,19.286403],[-99.192491,19.286368],[-99.192516,19.286332],[-99.192516,19.286279],[-99.192505,19.286248],[-99.192625,19.286217],[-99.193496,19.28617],[-99.193756,19.287045],[-99.194837,19.287001],[-99.194583,19.286123],[-99.195739,19.286074],[-99.196242,19.286086],[-99.196242,19.286103],[-99.196246,19.286128],[-99.196237,19.286148],[-99.196203,19.28616],[-99.196182,19.286185],[-99.196164,19.286226],[-99.196173,19.286258],[-99.196203,19.286274],[-99.196246,19.286287],[-99.196255,19.286315],[-99.196255,19.286356],[-99.196238,19.286384],[-99.196229,19.286401],[-99.196208,19.286429],[-99.196169,19.286445],[-99.196122,19.286458],[-99.196079,19.286458],[-99.196027,19.286433],[-99.19598,19.286421],[-99.195937,19.286421],[-99.195881,19.286438],[-99.19586,19.286454],[-99.195851,19.286466],[-99.19583,19.286487],[-99.195809,19.286503],[-99.195783,19.286507],[-99.195749,19.286503],[-99.195714,19.286487],[-99.195658,19.286475],[-99.195624,19.286483],[-99.195607,19.286523],[-99.195573,19.286548],[-99.195551,19.286552],[-99.195534,19.286576],[-99.195513,19.286593],[-99.195478,19.286609],[-99.19544,19.286646],[-99.195423,19.286674],[-99.19541,19.286711],[-99.195427,19.286752],[-99.19544,19.286796],[-99.195461,19.286837],[-99.195453,19.286878],[-99.195431,19.286915],[-99.1954,19.286979],[-99.195359,19.28702],[-99.195346,19.287041],[-99.195316,19.287078],[-99.195277,19.287098],[-99.195256,19.287155],[-99.195269,19.2872],[-99.195316,19.28722],[-99.195342,19.287257],[-99.195346,19.287301],[-99.195346,19.28733],[-99.195325,19.287346],[-99.195307,19.287363],[-99.195256,19.287395],[-99.195239,19.287428],[-99.195235,19.287452],[-99.195252,19.287493],[-99.195273,19.287517],[-99.195296,19.287547],[-99.195303,19.287591],[-99.195275,19.287635],[-99.195217,19.2877],[-99.19509,19.287737],[-99.194963,19.287765],[-99.194806,19.287775],[-99.194676,19.287776],[-99.194588,19.287767],[-99.194504,19.287766],[-99.194367,19.287729],[-99.194275,19.287757],[-99.19424,19.287821],[-99.19424,19.287905],[-99.194217,19.287951],[-99.194162,19.287988],[-99.194123,19.288081],[-99.194084,19.288118],[-99.194016,19.288137],[-99.193957,19.288109],[-99.193859,19.288109],[-99.193801,19.288119],[-99.193713,19.288109],[-99.193644,19.288137],[-99.193566,19.288193],[-99.193449,19.288212],[-99.193427,19.288251],[-99.193459,19.288295],[-99.193506,19.28831],[-99.193508,19.288369],[-99.193508,19.288397],[-99.193538,19.288447],[-99.193584,19.28848],[-99.193645,19.288508],[-99.193675,19.288584],[-99.193647,19.288676],[-99.192894,19.28848],[-99.190926,19.290308],[-99.190915,19.290268],[-99.190884,19.290243],[-99.190831,19.290228],[-99.190836,19.290193],[-99.190841,19.290158],[-99.190847,19.290123],[-99.190841,19.290098],[-99.19082,19.290078],[-99.190804,19.290063],[-99.190741,19.290048],[-99.19072,19.290053],[-99.190683,19.289988],[-99.19072,19.289943],[-99.190704,19.289877],[-99.190677,19.289842],[-99.190656,19.289807],[-99.190619,19.289777],[-99.190593,19.289757],[-99.190582,19.289737],[-99.190588,19.289692],[-99.190593,19.289647],[-99.190565,19.289587],[-99.190528,19.289587],[-99.190491,19.28958],[-99.19045,19.289569],[-99.190461,19.289517],[-99.190473,19.289482],[-99.190458,19.289439],[-99.190484,19.289387],[-99.190495,19.289341],[-99.190491,19.28931],[-99.190498,19.289282],[-99.190513,19.28926],[-99.190517,19.289236],[-99.19052,19.289211],[-99.190524,19.289169],[-99.190524,19.289155],[-99.190498,19.289138],[-99.190487,19.289131],[-99.190443,19.289138],[-99.190431,19.289152],[-99.190406,19.289173],[-99.190387,19.28919],[-99.190372,19.289197],[-99.190332,19.289201],[-99.190272,19.289173],[-99.190232,19.289148],[-99.190224,19.289131],[-99.190202,19.289096],[-99.190187,19.289061],[-99.190176,19.289036],[-99.19018,19.289001],[-99.19018,19.288945],[-99.190187,19.288899],[-99.190172,19.288847],[-99.190176,19.288822],[-99.190172,19.28878],[-99.190139,19.288745],[-99.190057,19.288728],[-99.189995,19.288717],[-99.189935,19.288738],[-99.189902,19.288756],[-99.189873,19.288784],[-99.189839,19.288819],[-99.189813,19.288823],[-99.189769,19.288798],[-99.189736,19.288791],[-99.189658,19.288798],[-99.189599,19.288837],[-99.189555,19.288844],[-99.189548,19.288802],[-99.189525,19.288767],[-99.189484,19.288763],[-99.189454,19.288768],[-99.189406,19.288792],[-99.189345,19.288813],[-99.189329,19.288828],[-99.189306,19.288844],[-99.189243,19.288857],[-99.1892,19.288875],[-99.189152,19.288896],[-99.189127,19.288934],[-99.189127,19.288985],[-99.189131,19.289041],[-99.189131,19.289082],[-99.189098,19.289127],[-99.189083,19.289141],[-99.189058,19.289145],[-99.189003,19.289127],[-99.188949,19.28912],[-99.188901,19.289124],[-99.188839,19.289134],[-99.188799,19.289159],[-99.188781,19.2892],[-99.188774,19.289238],[-99.188785,19.289262],[-99.188807,19.289273],[-99.188836,19.289276],[-99.188858,19.28929],[-99.188883,19.289331],[-99.188905,19.289349],[-99.188898,19.289394],[-99.188883,19.289442],[-99.188873,19.289473],[-99.18884,19.289494],[-99.188765,19.289522],[-99.188729,19.289566],[-99.188711,19.289592],[-99.188679,19.289618],[-99.188674,19.28964],[-99.188651,19.289683],[-99.188661,19.289709],[-99.188629,19.289744],[-99.188583,19.28974],[-99.188555,19.28974],[-99.188514,19.289783],[-99.188542,19.289831],[-99.188556,19.289857],[-99.188583,19.289883],[-99.188592,19.289909],[-99.188588,19.289956],[-99.188579,19.289978],[-99.188542,19.290017],[-99.188537,19.290074],[-99.188542,19.290143],[-99.188533,19.290173],[-99.188519,19.290221],[-99.188519,19.290247],[-99.188487,19.290269],[-99.188469,19.290282],[-99.188455,19.290299],[-99.188423,19.290366],[-99.188419,19.290409],[-99.188423,19.290474],[-99.188419,19.2905],[-99.188346,19.290579],[-99.188327,19.290644],[-99.188314,19.290714],[-99.188318,19.290749],[-99.18835,19.290775],[-99.188323,19.290822],[-99.188305,19.290822],[-99.188245,19.290809],[-99.188186,19.290844],[-99.18819,19.290879],[-99.188222,19.290926],[-99.188241,19.290961],[-99.18825,19.290987],[-99.188204,19.290996],[-99.188181,19.291009],[-99.18814,19.291039],[-99.188131,19.291065],[-99.188104,19.291078],[-99.188049,19.291078],[-99.188031,19.291096],[-99.188017,19.291135],[-99.188017,19.291183],[-99.188017,19.291204],[-99.188067,19.291222],[-99.18809,19.291252],[-99.188076,19.291274],[-99.188045,19.291313],[-99.187985,19.291339],[-99.187949,19.291347],[-99.187903,19.2914],[-99.187848,19.291417],[-99.187816,19.291439],[-99.187807,19.29146],[-99.187798,19.291504],[-99.187789,19.29156],[-99.187771,19.291578],[-99.187725,19.291608],[-99.187688,19.291651],[-99.187652,19.291677],[-99.187638,19.291725],[-99.18761,19.291755]]]]}},{"type":"Feature","properties":{"area":"Bosque de Tlalpan","zona":"Uso Publico Extensivo","zona_k":"uso publico extensivo","ha":0.39},"geometry":{"type":"MultiPolygon","coordinates":[[[[-99.189906,19.28992],[-99.189995,19.28992],[-99.190069,19.289946],[-99.190083,19.289958],[-99.19011,19.289991],[-99.190137,19.290029],[-99.190144,19.290081],[-99.190157,19.290126],[-99.190171,19.290158],[-99.190151,19.290196],[-99.190151,19.290248],[-99.190056,19.290299],[-99.190042,19.290312],[-99.189995,19.29037],[-99.189968,19.290415],[-99.189948,19.290473],[-99.189927,19.290499],[-99.189887,19.29055],[-99.189839,19.290557],[-99.189785,19.290544],[-99.189717,19.290551],[-99.189677,19.290563],[-99.18965,19.290576],[-99.189595,19.290602],[-99.189561,19.290589],[-99.189555,19.290557],[-99.189555,19.290519],[-99.189534,19.290493],[-99.189521,19.290448],[-99.189561,19.290441],[-99.189588,19.290422],[-99.189568,19.290396],[-99.189527,19.290371],[-99.1895,19.290319],[-99.1895,19.290294],[-99.189514,19.290261],[-99.189493,19.290229],[-99.189486,19.290197],[-99.189459,19.290171],[-99.189432,19.290139],[-99.189418,19.290075],[-99.189446,19.290049],[-99.189479,19.290062],[-99.189527,19.290094],[-99.18954,19.290081],[-99.189534,19.290023],[-99.189554,19.289991],[-99.189574,19.289998],[-99.189642,19.289991],[-99.189696,19.289978],[-99.189757,19.289965],[-99.189818,19.289959],[-99.189873,19.289939],[-99.189906,19.28992]]]]}},{"type":"Feature","properties":{"area":"Bosque de Tlalpan","zona":"Restauracion","zona_k":"restauracion","ha":0.85},"geometry":{"type":"MultiPolygon","coordinates":[[[[-99.201672,19.289086],[-99.201728,19.28909],[-99.201789,19.289098],[-99.201842,19.289107],[-99.201893,19.289112],[-99.201908,19.289129],[-99.201911,19.289143],[-99.201868,19.289271],[-99.2018,19.289413],[-99.201741,19.289538],[-99.201676,19.289658],[-99.2016,19.28973],[-99.201541,19.289783],[-99.201435,19.289849],[-99.201356,19.289882],[-99.20125,19.289916],[-99.201161,19.289952],[-99.20103,19.289998],[-99.200923,19.290027],[-99.200852,19.290051],[-99.200779,19.290049],[-99.20071,19.290023],[-99.200654,19.289984],[-99.200614,19.289941],[-99.200616,19.289902],[-99.200621,19.289886],[-99.200596,19.289876],[-99.200525,19.289866],[-99.200464,19.289854],[-99.200405,19.289799],[-99.200365,19.289749],[-99.200355,19.289727],[-99.200413,19.28971],[-99.200494,19.289686],[-99.200557,19.28965],[-99.200626,19.289614],[-99.20071,19.289597],[-99.200791,19.289592],[-99.200854,19.289573],[-99.20093,19.289532],[-99.201006,19.289483],[-99.201049,19.289409],[-99.201143,19.28931],[-99.201224,19.289218],[-99.201252,19.289199],[-99.201358,19.289199],[-99.201406,19.289204],[-99.201427,19.289185],[-99.201434,19.289148],[-99.201457,19.289122],[-99.201503,19.28912],[-99.201586,19.289093],[-99.201672,19.289086]]]]}},{"type":"Feature","properties":{"area":"Bosque de Tlalpan","zona":"Restauracion","zona_k":"restauracion","ha":0.15},"geometry":{"type":"MultiPolygon","coordinates":[[[[-99.18968,19.289094],[-99.189713,19.289116],[-99.189737,19.289125],[-99.18976,19.289116],[-99.189784,19.289103],[-99.189803,19.289121],[-99.189817,19.289139],[-99.189874,19.28913],[-99.189898,19.289112],[-99.189931,19.289116],[-99.189936,19.289125],[-99.189936,19.289152],[-99.189932,19.289175],[-99.189932,19.289202],[-99.189913,19.289224],[-99.189898,19.289211],[-99.189884,19.289202],[-99.189856,19.289202],[-99.189827,19.289184],[-99.189808,19.28917],[-99.18977,19.289157],[-99.189746,19.289161],[-99.189746,19.289175],[-99.189742,19.289202],[-99.189732,19.289216],[-99.189694,19.289225],[-99.189661,19.289247],[-99.189632,19.289252],[-99.189594,19.289261],[-99.189585,19.289288],[-99.18958,19.289324],[-99.18959,19.289364],[-99.189609,19.2894],[-99.189633,19.289432],[-99.189685,19.28945],[-99.189737,19.289477],[-99.189766,19.289477],[-99.189799,19.28949],[-99.189827,19.289517],[-99.189842,19.289549],[-99.18988,19.289562],[-99.189903,19.28958],[-99.189899,19.289616],[-99.189899,19.289643],[-99.189885,19.289671],[-99.18987,19.289684],[-99.189847,19.289675],[-99.189832,19.289662],[-99.189799,19.28963],[-99.189785,19.28963],[-99.189761,19.28963],[-99.189747,19.289653],[-99.189737,19.289671],[-99.189742,19.289707],[-99.189737,19.289725],[-99.189718,19.289747],[-99.189714,19.289765],[-99.189685,19.28977],[-99.189661,19.289765],[-99.189652,19.289761],[-99.189633,19.289734],[-99.18959,19.28972],[-99.189581,19.289702],[-99.1896,19.289666],[-99.189609,19.289635],[-99.189614,19.289603],[-99.189604,19.289567],[-99.189576,19.289545],[-99.189557,19.289531],[-99.189571,19.289504],[-99.189604,19.289513],[-99.189637,19.289504],[-99.189628,19.289473],[-99.189604,19.289459],[-99.189576,19.289437],[-99.189523,19.289441],[-99.189509,19.289428],[-99.189485,19.289405],[-99.189471,19.289392],[-99.189457,19.289392],[-99.189438,19.289378],[-99.189428,19.289351],[-99.189433,19.28931],[-99.189452,19.289274],[-99.189452,19.289261],[-99.189461,19.289243],[-99.189457,19.289211],[-99.189466,19.289198],[-99.18948,19.289193],[-99.189509,19.289198],[-99.189533,19.289202],[-99.189547,19.289193],[-99.189547,19.28918],[-99.189542,19.289166],[-99.189528,19.289148],[-99.189551,19.28913],[-99.189585,19.289121],[-99.189618,19.289098],[-99.18968,19.289094]]]]}},{"type":"Feature","properties":{"area":"Bosque de Tlalpan","zona":"Restauracion","zona_k":"restauracion","ha":0.1},"geometry":{"type":"MultiPolygon","coordinates":[[[[-99.189359,19.288271],[-99.189361,19.288272],[-99.189392,19.288314],[-99.189389,19.288347],[-99.189364,19.28838],[-99.189335,19.288374],[-99.189313,19.288353],[-99.189279,19.288359],[-99.189244,19.288407],[-99.189219,19.288422],[-99.189225,19.288446],[-99.18925,19.288479],[-99.189266,19.288509],[-99.189241,19.288545],[-99.189222,19.288557],[-99.189187,19.28856],[-99.189165,19.288575],[-99.189137,19.288569],[-99.189108,19.28856],[-99.18908,19.288569],[-99.189064,19.288566],[-99.189033,19.288533],[-99.188992,19.288524],[-99.188954,19.288515],[-99.188922,19.288506],[-99.1889,19.288491],[-99.188878,19.28847],[-99.188868,19.288446],[-99.188873,19.288423],[-99.188875,19.288416],[-99.188875,19.28838],[-99.188894,19.288353],[-99.188944,19.288347],[-99.188995,19.288344],[-99.189039,19.288359],[-99.18907,19.288365],[-99.189092,19.288332],[-99.189105,19.288311],[-99.189108,19.288287],[-99.189111,19.288275],[-99.189136,19.288275],[-99.189162,19.28829],[-99.189162,19.288311],[-99.189162,19.288344],[-99.189178,19.288368],[-99.189209,19.288368],[-99.189222,19.288356],[-99.189231,19.288335],[-99.189228,19.288314],[-99.18925,19.28829],[-99.189278,19.288263],[-99.189278,19.288242],[-99.189297,19.288236],[-99.189338,19.288257],[-99.189359,19.288271]]]]}},{"type":"Feature","properties":{"area":"Bosque de Tlalpan","zona":"Proteccion con Uso Restringido","zona_k":"proteccion con uso restringido","ha":3.23},"geometry":{"type":"MultiPolygon","coordinates":[[[[-99.188873,19.288423],[-99.188834,19.288434],[-99.188794,19.288457],[-99.188721,19.288449],[-99.188657,19.288434],[-99.188624,19.288396],[-99.188616,19.28835],[-99.188665,19.288312],[-99.188697,19.288296],[-99.188689,19.288258],[-99.188648,19.28825],[-99.188624,19.28822],[-99.188624,19.288174],[-99.188681,19.288128],[-99.188737,19.28812],[-99.188834,19.288097],[-99.188906,19.288112],[-99.189003,19.288105],[-99.189043,19.288074],[-99.189035,19.287975],[-99.189041,19.2879],[-99.189075,19.287845],[-99.189148,19.287768],[-99.189196,19.287699],[-99.189196,19.287607],[-99.189188,19.287477],[-99.189115,19.287439],[-99.189043,19.28747],[-99.189035,19.287546],[-99.189027,19.287607],[-99.188995,19.287699],[-99.188946,19.287738],[-99.188914,19.287799],[-99.188833,19.287829],[-99.188761,19.287837],[-99.188721,19.287791],[-99.188704,19.287761],[-99.188712,19.287707],[-99.188696,19.287608],[-99.188672,19.287592],[-99.188583,19.287554],[-99.188478,19.287539],[-99.188446,19.287516],[-99.188398,19.287478],[-99.188317,19.287455],[-99.188212,19.287455],[-99.188156,19.287516],[-99.188132,19.28757],[-99.188075,19.287631],[-99.188011,19.287624],[-99.18797,19.287593],[-99.187938,19.28754],[-99.187906,19.287478],[-99.187881,19.28744],[-99.187793,19.287394],[-99.187801,19.287326],[-99.187817,19.287295],[-99.1878,19.287234],[-99.187736,19.28718],[-99.187683,19.287117],[-99.1881,19.286813],[-99.188155,19.286804],[-99.188187,19.286828],[-99.188224,19.286815],[-99.188251,19.286828],[-99.188234,19.286857],[-99.188224,19.286886],[-99.188183,19.286895],[-99.188153,19.286908],[-99.188136,19.286918],[-99.188116,19.286947],[-99.188119,19.286966],[-99.18815,19.286959],[-99.18819,19.28694],[-99.188251,19.286911],[-99.188264,19.286895],[-99.188298,19.286882],[-99.188339,19.286866],[-99.1884,19.28685],[-99.188484,19.286837],[-99.188568,19.286834],[-99.18865,19.286834],[-99.188754,19.286831],[-99.188795,19.286834],[-99.188812,19.286843],[-99.188825,19.286872],[-99.188822,19.286879],[-99.188812,19.286891],[-99.188788,19.286911],[-99.188771,19.286917],[-99.188758,19.286911],[-99.188721,19.286901],[-99.188694,19.286892],[-99.18867,19.286901],[-99.18865,19.286924],[-99.188646,19.286943],[-99.18868,19.286962],[-99.18869,19.286994],[-99.188677,19.28701],[-99.188657,19.287026],[-99.18865,19.287036],[-99.18867,19.287052],[-99.18869,19.287065],[-99.188704,19.287077],[-99.188701,19.287106],[-99.188687,19.287116],[-99.188643,19.287122],[-99.188633,19.287129],[-99.188623,19.287145],[-99.188606,19.287177],[-99.188609,19.287199],[-99.188633,19.287212],[-99.188664,19.287222],[-99.18868,19.287219],[-99.188694,19.287212],[-99.188704,19.287193],[-99.188714,19.28718],[-99.188721,19.287154],[-99.188718,19.287132],[-99.188748,19.287113],[-99.188802,19.287125],[-99.188819,19.287138],[-99.188866,19.287138],[-99.188927,19.287148],[-99.188951,19.287151],[-99.188971,19.287164],[-99.188985,19.287196],[-99.188991,19.287221],[-99.188988,19.28726],[-99.188978,19.287266],[-99.188961,19.287282],[-99.188951,19.287305],[-99.188948,19.287343],[-99.188948,19.287363],[-99.188968,19.287379],[-99.189005,19.287379],[-99.189049,19.287369],[-99.189066,19.287343],[-99.189076,19.287318],[-99.189083,19.287289],[-99.189079,19.287266],[-99.189093,19.287234],[-99.189116,19.287244],[-99.18915,19.287257],[-99.189174,19.287279],[-99.189191,19.287292],[-99.189204,19.287295],[-99.189214,19.287282],[-99.189228,19.287266],[-99.189231,19.287247],[-99.189225,19.287224],[-99.189194,19.287199],[-99.189177,19.287189],[-99.189147,19.287186],[-99.18913,19.287176],[-99.18912,19.287151],[-99.189099,19.287119],[-99.189093,19.287084],[-99.189089,19.287064],[-99.189079,19.287058],[-99.189062,19.287048],[-99.189052,19.287013],[-99.189049,19.286987],[-99.189045,19.286955],[-99.189052,19.286926],[-99.189062,19.28691],[-99.189082,19.286882],[-99.189116,19.286878],[-99.189133,19.286898],[-99.189146,19.286917],[-99.189167,19.286917],[-99.189177,19.286901],[-99.18918,19.286885],[-99.189184,19.286853],[-99.18918,19.286833],[-99.18915,19.286805],[-99.189163,19.286772],[-99.189183,19.28675],[-99.189217,19.286746],[-99.18924,19.286747],[-99.189265,19.286768],[-99.18927,19.286792],[-99.189265,19.28681],[-99.189261,19.286828],[-99.189268,19.286846],[-99.189287,19.286854],[-99.189301,19.286856],[-99.189312,19.286844],[-99.189325,19.286836],[-99.189361,19.286832],[-99.189384,19.286834],[-99.189396,19.286852],[-99.189403,19.286882],[-99.189405,19.2869],[-99.189413,19.286932],[-99.189411,19.286956],[-99.189401,19.286976],[-99.189392,19.286992],[-99.189399,19.287018],[-99.189422,19.287034],[-99.189441,19.287042],[-99.189466,19.287038],[-99.189477,19.28701],[-99.189479,19.286988],[-99.189479,19.286964],[-99.189464,19.286938],[-99.189473,19.286912],[-99.189485,19.286898],[-99.189511,19.286878],[-99.189532,19.286845],[-99.189545,19.2868],[-99.189545,19.286755],[-99.189562,19.28671],[-99.189614,19.286677],[-99.189664,19.286666],[-99.189686,19.286669],[-99.189718,19.286669],[-99.189743,19.286659],[-99.189759,19.286646],[-99.189764,19.286636],[-99.189786,19.286628],[-99.18981,19.28663],[-99.189813,19.286643],[-99.189818,19.286658],[-99.189826,19.286689],[-99.189845,19.286697],[-99.189875,19.286704],[-99.189899,19.286694],[-99.189912,19.286676],[-99.189926,19.286663],[-99.18995,19.286663],[-99.189977,19.286661],[-99.190004,19.286651],[-99.190033,19.286628],[-99.190133,19.286617],[-99.190229,19.28661],[-99.190306,19.286613],[-99.190455,19.286609],[-99.190552,19.286589],[-99.190591,19.28658],[-99.190651,19.286573],[-99.190675,19.286589],[-99.190694,19.286618],[-99.190704,19.286634],[-99.190709,19.286655],[-99.190709,19.28668],[-99.190706,19.286703],[-99.190699,19.286719],[-99.19069,19.286737],[-99.190682,19.286746],[-99.190668,19.286782],[-99.190673,19.286814],[-99.190675,19.286839],[-99.190668,19.286862],[-99.190649,19.286885],[-99.190613,19.286908],[-99.190613,19.286926],[-99.190632,19.28694],[-99.190643,19.286944],[-99.190618,19.287005],[-99.190583,19.287046],[-99.190557,19.287079],[-99.190549,19.287087],[-99.190523,19.287112],[-99.190471,19.287153],[-99.19048,19.287218],[-99.190506,19.287251],[-99.190532,19.287284],[-99.19054,19.287308],[-99.190523,19.287407],[-99.19048,19.287439],[-99.190428,19.287489],[-99.190402,19.287579],[-99.190411,19.287636],[-99.190411,19.287677],[-99.190385,19.287702],[-99.190299,19.287694],[-99.190264,19.287677],[-99.190238,19.287702],[-99.19023,19.287726],[-99.190256,19.287759],[-99.190282,19.287792],[-99.190264,19.287825],[-99.190221,19.287833],[-99.190178,19.287825],[-99.190135,19.287817],[-99.190074,19.287841],[-99.190057,19.287874],[-99.190075,19.287948],[-99.190049,19.287972],[-99.18998,19.287981],[-99.189928,19.28803],[-99.189858,19.288086],[-99.189798,19.288079],[-99.189703,19.288047],[-99.189677,19.288022],[-99.189626,19.288022],[-99.189591,19.288038],[-99.189557,19.288055],[-99.18947,19.288112],[-99.189427,19.28817],[-99.189393,19.288219],[-99.189359,19.288271],[-99.189338,19.288257],[-99.189297,19.288236],[-99.189278,19.288242],[-99.189278,19.288263],[-99.18925,19.28829],[-99.189228,19.288314],[-99.189231,19.288335],[-99.189222,19.288356],[-99.189209,19.288368],[-99.189178,19.288368],[-99.189162,19.288344],[-99.189162,19.288311],[-99.189162,19.28829],[-99.189136,19.288275],[-99.189111,19.288275],[-99.189108,19.288287],[-99.189105,19.288311],[-99.189092,19.288332],[-99.18907,19.288365],[-99.189039,19.288359],[-99.188995,19.288344],[-99.188944,19.288347],[-99.188894,19.288353],[-99.188875,19.28838],[-99.188875,19.288416],[-99.188873,19.288423]]]]}},{"type":"Feature","properties":{"area":"Bosque de Tlalpan","zona":"Restauracion","zona_k":"restauracion","ha":1.15},"geometry":{"type":"MultiPolygon","coordinates":[[[[-99.190643,19.286944],[-99.190632,19.28694],[-99.190613,19.286926],[-99.190613,19.286908],[-99.190649,19.286885],[-99.190668,19.286862],[-99.190675,19.286839],[-99.190673,19.286814],[-99.190668,19.286782],[-99.190682,19.286746],[-99.19069,19.286737],[-99.190699,19.286719],[-99.190706,19.286703],[-99.190709,19.28668],[-99.190709,19.286655],[-99.190704,19.286634],[-99.190694,19.286618],[-99.190675,19.286589],[-99.190651,19.286573],[-99.190591,19.28658],[-99.190552,19.286589],[-99.190455,19.286609],[-99.190306,19.286613],[-99.190229,19.28661],[-99.190133,19.286617],[-99.190033,19.286628],[-99.190004,19.286651],[-99.189977,19.286661],[-99.18995,19.286663],[-99.189926,19.286663],[-99.189912,19.286676],[-99.189899,19.286694],[-99.189875,19.286704],[-99.189845,19.286697],[-99.189826,19.286689],[-99.189818,19.286658],[-99.189813,19.286643],[-99.18981,19.28663],[-99.189786,19.286628],[-99.189764,19.286636],[-99.189759,19.286646],[-99.189743,19.286659],[-99.189718,19.286669],[-99.189686,19.286669],[-99.189664,19.286666],[-99.189614,19.286677],[-99.189562,19.28671],[-99.189545,19.286755],[-99.189545,19.2868],[-99.189532,19.286845],[-99.189511,19.286878],[-99.189485,19.286898],[-99.189473,19.286912],[-99.189464,19.286938],[-99.189479,19.286964],[-99.189479,19.286988],[-99.189477,19.28701],[-99.189466,19.287038],[-99.189441,19.287042],[-99.189422,19.287034],[-99.189399,19.287018],[-99.189392,19.286992],[-99.189401,19.286976],[-99.189411,19.286956],[-99.189413,19.286932],[-99.189405,19.2869],[-99.189403,19.286882],[-99.189396,19.286852],[-99.189384,19.286834],[-99.189361,19.286832],[-99.189325,19.286836],[-99.189312,19.286844],[-99.189301,19.286856],[-99.189287,19.286854],[-99.189268,19.286846],[-99.189261,19.286828],[-99.189265,19.28681],[-99.18927,19.286792],[-99.189265,19.286768],[-99.18924,19.286747],[-99.189217,19.286746],[-99.189183,19.28675],[-99.189163,19.286772],[-99.18915,19.286805],[-99.18918,19.286833],[-99.189184,19.286853],[-99.18918,19.286885],[-99.189177,19.286901],[-99.189167,19.286917],[-99.189146,19.286917],[-99.189133,19.286898],[-99.189116,19.286878],[-99.189082,19.286882],[-99.189062,19.28691],[-99.189052,19.286926],[-99.189045,19.286955],[-99.189049,19.286987],[-99.189052,19.287013],[-99.189062,19.287048],[-99.189079,19.287058],[-99.189089,19.287064],[-99.189093,19.287084],[-99.189099,19.287119],[-99.18912,19.287151],[-99.18913,19.287176],[-99.189147,19.287186],[-99.189177,19.287189],[-99.189194,19.287199],[-99.189225,19.287224],[-99.189231,19.287247],[-99.189228,19.287266],[-99.189214,19.287282],[-99.189204,19.287295],[-99.189191,19.287292],[-99.189174,19.287279],[-99.18915,19.287257],[-99.189116,19.287244],[-99.189093,19.287234],[-99.189079,19.287266],[-99.189083,19.287289],[-99.189076,19.287318],[-99.189066,19.287343],[-99.189049,19.287369],[-99.189005,19.287379],[-99.188968,19.287379],[-99.188948,19.287363],[-99.188948,19.287343],[-99.188951,19.287305],[-99.188961,19.287282],[-99.188978,19.287266],[-99.188988,19.28726],[-99.188991,19.287221],[-99.188985,19.287196],[-99.188971,19.287164],[-99.188951,19.287151],[-99.188927,19.287148],[-99.188866,19.287138],[-99.188819,19.287138],[-99.188802,19.287125],[-99.188748,19.287113],[-99.188718,19.287132],[-99.188721,19.287154],[-99.188714,19.28718],[-99.188704,19.287193],[-99.188694,19.287212],[-99.18868,19.287219],[-99.188664,19.287222],[-99.188633,19.287212],[-99.188609,19.287199],[-99.188606,19.287177],[-99.188623,19.287145],[-99.188633,19.287129],[-99.188643,19.287122],[-99.188687,19.287116],[-99.188701,19.287106],[-99.188704,19.287077],[-99.18869,19.287065],[-99.18867,19.287052],[-99.18865,19.287036],[-99.188657,19.287026],[-99.188677,19.28701],[-99.18869,19.286994],[-99.18868,19.286962],[-99.188646,19.286943],[-99.18865,19.286924],[-99.18867,19.286901],[-99.188694,19.286892],[-99.188721,19.286901],[-99.188758,19.286911],[-99.188771,19.286917],[-99.188788,19.286911],[-99.188812,19.286891],[-99.188822,19.286879],[-99.188825,19.286872],[-99.188812,19.286843],[-99.188795,19.286834],[-99.188754,19.286831],[-99.18865,19.286834],[-99.188568,19.286834],[-99.188484,19.286837],[-99.1884,19.28685],[-99.188339,19.286866],[-99.188298,19.286882],[-99.188264,19.286895],[-99.188251,19.286911],[-99.18819,19.28694],[-99.18815,19.286959],[-99.188119,19.286966],[-99.188116,19.286947],[-99.188136,19.286918],[-99.188153,19.286908],[-99.188183,19.286895],[-99.188224,19.286886],[-99.188234,19.286857],[-99.188251,19.286828],[-99.188224,19.286815],[-99.188187,19.286828],[-99.188155,19.286804],[-99.189391,19.286592],[-99.191633,19.286454],[-99.191769,19.286441],[-99.192505,19.286248],[-99.192516,19.286279],[-99.192516,19.286332],[-99.192491,19.286368],[-99.19246,19.286403],[-99.192385,19.286427],[-99.192354,19.286456],[-99.192316,19.286456],[-99.192298,19.286451],[-99.192279,19.286415],[-99.192248,19.286391],[-99.192227,19.286399],[-99.192212,19.286416],[-99.1922,19.286439],[-99.192178,19.286466],[-99.192154,19.286474],[-99.192132,19.286474],[-99.192077,19.286498],[-99.19205,19.286515],[-99.19204,19.286547],[-99.19205,19.286588],[-99.192062,19.286625],[-99.19205,19.286681],[-99.192007,19.286713],[-99.191983,19.286736],[-99.191946,19.286751],[-99.191909,19.286756],[-99.191863,19.286768],[-99.191829,19.286768],[-99.191777,19.286768],[-99.191716,19.286759],[-99.191673,19.286733],[-99.191649,19.286739],[-99.191621,19.28676],[-99.1916,19.286774],[-99.191563,19.28678],[-99.191535,19.286763],[-99.191517,19.286742],[-99.191505,19.286707],[-99.191496,19.286675],[-99.191483,19.286649],[-99.191471,19.286632],[-99.191443,19.286635],[-99.191422,19.286658],[-99.191413,19.28669],[-99.191391,19.286693],[-99.191358,19.286684],[-99.191272,19.286647],[-99.191205,19.286661],[-99.19118,19.286676],[-99.191143,19.286696],[-99.191128,19.286717],[-99.191128,19.286763],[-99.19114,19.286783],[-99.191153,19.286801],[-99.191165,19.286824],[-99.191168,19.286844],[-99.19113,19.286876],[-99.191077,19.286867],[-99.191037,19.286863],[-99.190998,19.286867],[-99.190974,19.286881],[-99.190954,19.286895],[-99.190923,19.28691],[-99.190901,19.286926],[-99.19088,19.286935],[-99.19087,19.286951],[-99.190856,19.286965],[-99.190844,19.286976],[-99.190815,19.28699],[-99.190793,19.28699],[-99.190772,19.286983],[-99.190762,19.286972],[-99.190752,19.286953],[-99.190743,19.286935],[-99.190726,19.286928],[-99.190704,19.286937],[-99.19068,19.286947],[-99.190656,19.286949],[-99.190643,19.286944]]]]}},{"type":"Feature","properties":{"area":"Bosque de Tlalpan","zona":"Uso Especial","zona_k":"uso especial","ha":1.11},"geometry":{"type":"MultiPolygon","coordinates":[[[[-99.194583,19.286123],[-99.194837,19.287001],[-99.193756,19.287045],[-99.193496,19.28617],[-99.194583,19.286123]]]]}},{"type":"Feature","properties":{"area":"Bosque de Tlalpan","zona":"Restauracion","zona_k":"restauracion","ha":0.13},"geometry":{"type":"MultiPolygon","coordinates":[[[[-99.200974,19.286441],[-99.200928,19.286469],[-99.200898,19.286486],[-99.200898,19.286499],[-99.200872,19.286518],[-99.200846,19.286538],[-99.200815,19.286562],[-99.20079,19.286579],[-99.200769,19.286577],[-99.200756,19.286562],[-99.200751,19.286555],[-99.200746,19.28654],[-99.200728,19.286521],[-99.200689,19.286511],[-99.200658,19.286504],[-99.200638,19.286521],[-99.20062,19.286533],[-99.200604,19.286533],[-99.200576,19.286514],[-99.200543,19.286499],[-99.200496,19.286511],[-99.200458,19.286516],[-99.200432,19.286516],[-99.200409,19.286524],[-99.200391,19.286538],[-99.200381,19.286548],[-99.200381,19.286568],[-99.200386,19.286582],[-99.200396,19.286597],[-99.200412,19.286621],[-99.200409,19.286648],[-99.200394,19.28667],[-99.200355,19.286668],[-99.200329,19.28666],[-99.200298,19.286634],[-99.200288,19.286621],[-99.200283,19.286599],[-99.200278,19.286587],[-99.20027,19.286573],[-99.200252,19.286551],[-99.200242,19.286541],[-99.200224,19.286524],[-99.200224,19.286509],[-99.200216,19.286482],[-99.200224,19.286458],[-99.200236,19.286438],[-99.200283,19.286433],[-99.200298,19.286443],[-99.200319,19.286451],[-99.200352,19.28647],[-99.200373,19.28645],[-99.200381,19.286416],[-99.20037,19.286399],[-99.200352,19.286382],[-99.200337,19.286365],[-99.200332,19.286346],[-99.200319,19.286324],[-99.20031,19.286309],[-99.200974,19.286441]]]]}},{"type":"Feature","properties":{"area":"Bosque de Tlalpan","zona":"Proteccion con Uso Restringido","zona_k":"proteccion con uso restringido","ha":49.47},"geometry":{"type":"MultiPolygon","coordinates":[[[[-99.20305,19.297595],[-99.203083,19.297512],[-99.203089,19.297445],[-99.203076,19.297402],[-99.203028,19.29736],[-99.202899,19.297314],[-99.202773,19.297288],[-99.202555,19.2972],[-99.202372,19.297152],[-99.202232,19.297234],[-99.202178,19.297276],[-99.202016,19.297305],[-99.201922,19.297278],[-99.201879,19.297299],[-99.201831,19.297276],[-99.201806,19.297294],[-99.201735,19.2973],[-99.201684,19.297288],[-99.201645,19.29724],[-99.201613,19.297197],[-99.2016,19.297161],[-99.2016,19.297124],[-99.201555,19.297094],[-99.20151,19.297057],[-99.201491,19.297009],[-99.201491,19.296972],[-99.201459,19.29696],[-99.201408,19.296948],[-99.20135,19.29693],[-99.201311,19.29693],[-99.201267,19.296918],[-99.201215,19.296899],[-99.20117,19.296887],[-99.201106,19.296851],[-99.201048,19.296815],[-99.20101,19.296796],[-99.200978,19.29676],[-99.200959,19.296717],[-99.200939,19.296675],[-99.200875,19.296638],[-99.200811,19.296614],[-99.20076,19.296584],[-99.200721,19.296553],[-99.200695,19.296535],[-99.200644,19.296487],[-99.200625,19.296438],[-99.200599,19.296359],[-99.200573,19.296292],[-99.200586,19.296192],[-99.200611,19.296156],[-99.200643,19.296119],[-99.200663,19.296077],[-99.200682,19.296034],[-99.200688,19.295955],[-99.200688,19.2959],[-99.200669,19.295833],[-99.200675,19.295791],[-99.200662,19.29573],[-99.20063,19.295681],[-99.200566,19.295639],[-99.200476,19.295578],[-99.200444,19.295548],[-99.200412,19.295511],[-99.200412,19.295469],[-99.200437,19.295438],[-99.200469,19.295389],[-99.200508,19.295353],[-99.20061,19.295335],[-99.200726,19.295304],[-99.200739,19.29528],[-99.200777,19.295249],[-99.200841,19.295213],[-99.200899,19.295207],[-99.200918,19.295194],[-99.20095,19.295134],[-99.200982,19.295097],[-99.20102,19.295054],[-99.201059,19.295018],[-99.201091,19.294957],[-99.201091,19.294921],[-99.201052,19.294896],[-99.201001,19.294884],[-99.20093,19.294848],[-99.200905,19.294799],[-99.200911,19.294732],[-99.200924,19.29469],[-99.200949,19.294641],[-99.200956,19.294592],[-99.200924,19.294586],[-99.20084,19.294562],[-99.200763,19.294538],[-99.200728,19.294512],[-99.200699,19.294491],[-99.200625,19.294469],[-99.20055,19.294453],[-99.200482,19.294453],[-99.200465,19.294442],[-99.200424,19.294409],[-99.20031,19.294382],[-99.200236,19.294372],[-99.20019,19.294372],[-99.200138,19.294366],[-99.200115,19.294345],[-99.200092,19.294307],[-99.200132,19.29422],[-99.200172,19.294187],[-99.200258,19.294133],[-99.20027,19.294106],[-99.200281,19.29404],[-99.200309,19.293975],[-99.200349,19.293953],[-99.200407,19.293932],[-99.200424,19.293877],[-99.200481,19.293801],[-99.200515,19.293774],[-99.200555,19.293747],[-99.200595,19.293698],[-99.200607,19.29366],[-99.200601,19.293595],[-99.200578,19.293513],[-99.200532,19.293481],[-99.200492,19.293459],[-99.200437,19.293404],[-99.200356,19.293345],[-99.200294,19.29331],[-99.200223,19.293278],[-99.200154,19.293269],[-99.200092,19.293266],[-99.200033,19.293255],[-99.199971,19.293272],[-99.199903,19.293334],[-99.199804,19.293394],[-99.199753,19.293448],[-99.199684,19.29353],[-99.199667,19.293568],[-99.19965,19.293622],[-99.19961,19.293682],[-99.199587,19.293715],[-99.199536,19.293736],[-99.199507,19.293726],[-99.199461,19.293715],[-99.199433,19.293682],[-99.19941,19.293655],[-99.199381,19.293633],[-99.199335,19.293633],[-99.19929,19.29365],[-99.199238,19.293644],[-99.199204,19.293666],[-99.199164,19.293655],[-99.199112,19.293645],[-99.199049,19.293661],[-99.198952,19.293645],[-99.198906,19.293661],[-99.198878,19.293699],[-99.19886,19.293732],[-99.198775,19.293753],[-99.198717,19.293764],[-99.198637,19.293775],[-99.198603,19.293803],[-99.19858,19.293851],[-99.198563,19.293879],[-99.198517,19.293906],[-99.198476,19.293902],[-99.198447,19.293918],[-99.198436,19.293929],[-99.19843,19.293978],[-99.198424,19.293994],[-99.198384,19.294016],[-99.19835,19.294043],[-99.198339,19.294075],[-99.198339,19.294108],[-99.198356,19.294124],[-99.198402,19.294146],[-99.198442,19.294146],[-99.198465,19.29413],[-99.19847,19.294097],[-99.198482,19.29407],[-99.198527,19.294054],[-99.198562,19.294016],[-99.198602,19.293994],[-99.198665,19.293972],[-99.198739,19.293977],[-99.198802,19.29401],[-99.198814,19.294075],[-99.198842,19.294156],[-99.198888,19.294194],[-99.198922,19.294232],[-99.198923,19.294259],[-99.198923,19.294314],[-99.1989,19.294373],[-99.198917,19.294417],[-99.19894,19.294433],[-99.19898,19.294444],[-99.199026,19.294444],[-99.199077,19.294449],[-99.199117,19.294482],[-99.199158,19.294552],[-99.19918,19.294585],[-99.199198,19.294628],[-99.199186,19.294639],[-99.199158,19.294661],[-99.1991,19.294672],[-99.199049,19.294688],[-99.19902,19.294715],[-99.19902,19.294737],[-99.199003,19.294764],[-99.198969,19.294797],[-99.198952,19.294829],[-99.19886,19.294851],[-99.198837,19.294878],[-99.198815,19.2949],[-99.198792,19.294949],[-99.198792,19.295003],[-99.198775,19.295041],[-99.198746,19.295079],[-99.198712,19.295123],[-99.198666,19.295161],[-99.198678,19.295183],[-99.1987,19.295199],[-99.198741,19.295204],[-99.198746,19.295231],[-99.198729,19.295275],[-99.198689,19.295297],[-99.198655,19.295346],[-99.198632,19.295378],[-99.198609,19.2954],[-99.198575,19.295422],[-99.198523,19.295438],[-99.198483,19.295454],[-99.198426,19.295476],[-99.198392,19.295503],[-99.198335,19.295503],[-99.198306,19.295487],[-99.198254,19.295487],[-99.198209,19.295471],[-99.198151,19.295444],[-99.198111,19.295455],[-99.19806,19.29546],[-99.198014,19.295449],[-99.197997,19.295449],[-99.197945,19.295449],[-99.197894,19.295433],[-99.197791,19.295439],[-99.197711,19.295423],[-99.197671,19.295379],[-99.197648,19.295336],[-99.197636,19.295319],[-99.197568,19.29533],[-99.197499,19.295303],[-99.197453,19.295303],[-99.19743,19.295309],[-99.197407,19.295282],[-99.197407,19.295238],[-99.197419,19.295184],[-99.197441,19.29513],[-99.197464,19.295075],[-99.197476,19.295026],[-99.197516,19.294994],[-99.197533,19.294967],[-99.19755,19.294929],[-99.197556,19.294907],[-99.197567,19.294869],[-99.19755,19.294836],[-99.197498,19.294815],[-99.197464,19.294793],[-99.197458,19.294744],[-99.197498,19.294668],[-99.197515,19.294636],[-99.197532,19.294608],[-99.197509,19.294587],[-99.197452,19.294581],[-99.197343,19.294587],[-99.19728,19.294582],[-99.197212,19.294571],[-99.197132,19.294582],[-99.197115,19.29462],[-99.197057,19.294641],[-99.196983,19.294658],[-99.196972,19.294669],[-99.196903,19.29468],[-99.196817,19.294685],[-99.196748,19.294707],[-99.19669,19.294725],[-99.196655,19.294714],[-99.196587,19.294698],[-99.196535,19.294698],[-99.196484,19.294725],[-99.196421,19.29473],[-99.196352,19.29472],[-99.196312,19.294725],[-99.196295,19.294747],[-99.196272,19.29479],[-99.196243,19.294807],[-99.196232,19.294817],[-99.196175,19.294845],[-99.196146,19.294888],[-99.196089,19.294953],[-99.196078,19.29498],[-99.19606,19.29504],[-99.196026,19.2951],[-99.196009,19.295149],[-99.195998,19.295165],[-99.195963,19.295192],[-99.195963,19.295225],[-99.195998,19.295268],[-99.196032,19.295285],[-99.196066,19.295274],[-99.196129,19.295263],[-99.196232,19.295241],[-99.196295,19.295235],[-99.19633,19.295235],[-99.19641,19.295197],[-99.196484,19.295165],[-99.196518,19.295154],[-99.196598,19.295143],[-99.196667,19.295197],[-99.196736,19.295246],[-99.196788,19.295273],[-99.196833,19.295295],[-99.196833,19.295322],[-99.196696,19.295354],[-99.196622,19.295398],[-99.196587,19.295441],[-99.196524,19.295474],[-99.196467,19.29548],[-99.196399,19.295485],[-99.196301,19.295496],[-99.196267,19.295507],[-99.196244,19.295539],[-99.196221,19.295588],[-99.196176,19.295626],[-99.196113,19.295681],[-99.196055,19.295703],[-99.19597,19.295703],[-99.195901,19.295703],[-99.195867,19.295714],[-99.195832,19.295681],[-99.195804,19.295627],[-99.195798,19.295556],[-99.195781,19.295535],[-99.195723,19.295535],[-99.195718,19.295551],[-99.195706,19.295589],[-99.195706,19.295621],[-99.195689,19.295643],[-99.195649,19.295643],[-99.195615,19.295638],[-99.195569,19.295627],[-99.195529,19.295573],[-99.195535,19.295627],[-99.19554,19.295681],[-99.19554,19.295725],[-99.195558,19.295801],[-99.195569,19.295893],[-99.195587,19.295974],[-99.195604,19.296007],[-99.19565,19.29604],[-99.195713,19.296078],[-99.195735,19.296099],[-99.195758,19.296137],[-99.19577,19.296181],[-99.195781,19.296246],[-99.19581,19.296322],[-99.195833,19.296365],[-99.195839,19.296436],[-99.195822,19.296485],[-99.195816,19.296533],[-99.195862,19.296577],[-99.195919,19.296609],[-99.195976,19.296609],[-99.196028,19.296615],[-99.196034,19.296685],[-99.196011,19.29675],[-99.195982,19.296778],[-99.195897,19.296778],[-99.195811,19.296772],[-99.195696,19.296778],[-99.195662,19.296794],[-99.195656,19.296838],[-99.195645,19.29687],[-99.195628,19.296887],[-99.195588,19.296881],[-99.195583,19.296937],[-99.195389,19.296938],[-99.195277,19.296929],[-99.194572,19.29621],[-99.194555,19.296197],[-99.194508,19.296171],[-99.193847,19.295908],[-99.193807,19.295902],[-99.194316,19.295352],[-99.194449,19.295149],[-99.194469,19.295099],[-99.194533,19.295149],[-99.194783,19.295265],[-99.194881,19.295186],[-99.195049,19.295064],[-99.195109,19.294973],[-99.195103,19.294906],[-99.195071,19.294737],[-99.195081,19.294692],[-99.195109,19.294654],[-99.195284,19.29455],[-99.195493,19.294478],[-99.195684,19.294375],[-99.195824,19.294315],[-99.19597,19.294273],[-99.196174,19.294325],[-99.19626,19.294347],[-99.196503,19.294346],[-99.196812,19.294316],[-99.197037,19.294264],[-99.197319,19.294196],[-99.197482,19.294119],[-99.197635,19.293994],[-99.197844,19.29381],[-99.197986,19.29369],[-99.198158,19.293559],[-99.198354,19.293431],[-99.198502,19.293354],[-99.198504,19.293352],[-99.19891,19.293314],[-99.199008,19.29324],[-99.199098,19.293236],[-99.19916,19.293236],[-99.199209,19.293263],[-99.199293,19.293317],[-99.199403,19.293349],[-99.199478,19.293377],[-99.199591,19.293372],[-99.199654,19.293342],[-99.19968,19.293329],[-99.19976,19.293209],[-99.199826,19.293073],[-99.199875,19.293049],[-99.199933,19.293076],[-99.199986,19.293069],[-99.200021,19.293063],[-99.200022,19.293098],[-99.200087,19.293169],[-99.200198,19.293221],[-99.200317,19.293203],[-99.200621,19.29303],[-99.200689,19.292984],[-99.200807,19.292903],[-99.200838,19.292839],[-99.200854,19.292806],[-99.200776,19.292638],[-99.200597,19.292396],[-99.200491,19.292217],[-99.200325,19.291915],[-99.200295,19.291861],[-99.200146,19.29151],[-99.200165,19.291491],[-99.200412,19.291425],[-99.200379,19.291301],[-99.200399,19.291177],[-99.200486,19.29115],[-99.200595,19.291185],[-99.2007,19.29121],[-99.200828,19.291174],[-99.200823,19.291137],[-99.200827,19.291096],[-99.200794,19.291053],[-99.2008,19.291012],[-99.20078,19.290928],[-99.200751,19.290881],[-99.200705,19.290841],[-99.200669,19.290813],[-99.200695,19.290757],[-99.200711,19.290695],[-99.200754,19.290657],[-99.200767,19.29061],[-99.2008,19.290554],[-99.200836,19.290473],[-99.200908,19.290411],[-99.20098,19.29037],[-99.201049,19.290352],[-99.201108,19.290367],[-99.201141,19.290389],[-99.201154,19.290408],[-99.20117,19.290398],[-99.201164,19.29037],[-99.201193,19.290361],[-99.201236,19.290367],[-99.201275,19.290351],[-99.201312,19.290305],[-99.201341,19.290323],[-99.20138,19.290387],[-99.201417,19.290333],[-99.201586,19.290232],[-99.201709,19.290085],[-99.20185,19.289866],[-99.201924,19.289679],[-99.202015,19.289405],[-99.202054,19.289176],[-99.202049,19.288945],[-99.202092,19.288875],[-99.202165,19.288766],[-99.202159,19.288726],[-99.202177,19.288659],[-99.202202,19.288586],[-99.202352,19.288398],[-99.20247,19.288231],[-99.20263,19.28805],[-99.202866,19.287887],[-99.20318,19.28769],[-99.203367,19.287554],[-99.203499,19.287382],[-99.203563,19.28727],[-99.203587,19.287168],[-99.203542,19.287074],[-99.203363,19.28702],[-99.203439,19.287014],[-99.203592,19.286985],[-99.203868,19.286966],[-99.203983,19.28693],[-99.204173,19.286921],[-99.204316,19.286903],[-99.204538,19.286711],[-99.205201,19.286378],[-99.205467,19.286311],[-99.205449,19.286545],[-99.205469,19.28676],[-99.205527,19.286858],[-99.205547,19.286975],[-99.205547,19.287054],[-99.205508,19.287249],[-99.20543,19.287386],[-99.205351,19.287503],[-99.205312,19.287601],[-99.205178,19.287622],[-99.205161,19.28766],[-99.205119,19.287756],[-99.205091,19.287929],[-99.205036,19.288052],[-99.20498,19.288102],[-99.204863,19.288163],[-99.204726,19.288239],[-99.204654,19.288266],[-99.204569,19.288285],[-99.204469,19.288294],[-99.204382,19.288285],[-99.204116,19.288266],[-99.204064,19.288277],[-99.203758,19.288412],[-99.203522,19.288464],[-99.203256,19.288472],[-99.20313,19.288494],[-99.202958,19.288561],[-99.202754,19.288576],[-99.202581,19.288651],[-99.202455,19.288695],[-99.202371,19.288752],[-99.202363,19.288763],[-99.20239,19.288779],[-99.202431,19.288834],[-99.202466,19.288872],[-99.202523,19.288908],[-99.202592,19.288998],[-99.202846,19.289051],[-99.202918,19.289128],[-99.202879,19.289256],[-99.202836,19.289298],[-99.202768,19.289341],[-99.20273,19.28937],[-99.202708,19.289406],[-99.20264,19.289477],[-99.202633,19.289513],[-99.202648,19.289555],[-99.202655,19.289577],[-99.202708,19.289591],[-99.202753,19.289598],[-99.202798,19.289598],[-99.202866,19.289612],[-99.202919,19.289634],[-99.202949,19.289641],[-99.202994,19.289685],[-99.203024,19.289707],[-99.203054,19.28975],[-99.203054,19.2898],[-99.203032,19.289864],[-99.202987,19.289914],[-99.202949,19.28995],[-99.202911,19.289971],[-99.202866,19.289985],[-99.202799,19.289993],[-99.202693,19.290014],[-99.202618,19.290028],[-99.202565,19.29005],[-99.20249,19.290093],[-99.202423,19.290157],[-99.202393,19.290221],[-99.202378,19.290293],[-99.202378,19.290357],[-99.202393,19.290421],[-99.202428,19.290457],[-99.202479,19.290521],[-99.202546,19.290585],[-99.20258,19.290617],[-99.202631,19.290689],[-99.202648,19.290745],[-99.202656,19.290825],[-99.202648,19.290897],[-99.202606,19.290953],[-99.20253,19.291033],[-99.202488,19.291089],[-99.202463,19.291177],[-99.202446,19.291217],[-99.202412,19.291289],[-99.202429,19.291369],[-99.202463,19.291417],[-99.20248,19.29144],[-99.202539,19.291472],[-99.20259,19.291448],[-99.202674,19.291424],[-99.202733,19.291392],[-99.20275,19.291312],[-99.202766,19.291264],[-99.202792,19.291232],[-99.202859,19.291192],[-99.202909,19.291168],[-99.202994,19.291176],[-99.203036,19.291208],[-99.203095,19.29124],[-99.203137,19.291256],[-99.203272,19.291256],[-99.203356,19.291272],[-99.203466,19.291256],[-99.203525,19.291239],[-99.20366,19.291215],[-99.203786,19.291183],[-99.20387,19.291135],[-99.203921,19.291095],[-99.203929,19.291063],[-99.203929,19.290959],[-99.203979,19.290919],[-99.20403,19.290903],[-99.204064,19.290871],[-99.204064,19.290847],[-99.204047,19.290815],[-99.20403,19.290783],[-99.204055,19.290743],[-99.204089,19.290695],[-99.204148,19.290671],[-99.204156,19.290639],[-99.204173,19.290591],[-99.204156,19.290567],[-99.204131,19.290527],[-99.204105,19.290471],[-99.204063,19.290439],[-99.204046,19.290351],[-99.204029,19.290312],[-99.204012,19.290296],[-99.20397,19.290248],[-99.203894,19.2902],[-99.203801,19.290152],[-99.203726,19.290104],[-99.203709,19.290056],[-99.203742,19.289984],[-99.203784,19.289912],[-99.203835,19.289872],[-99.203869,19.28984],[-99.203927,19.289808],[-99.203978,19.289784],[-99.204071,19.28976],[-99.20418,19.289752],[-99.204231,19.289776],[-99.204281,19.289816],[-99.20434,19.289863],[-99.204408,19.289903],[-99.20445,19.289927],[-99.204551,19.289959],[-99.204636,19.289975],[-99.204745,19.289951],[-99.204838,19.289919],[-99.204908,19.289925],[-99.204958,19.289949],[-99.205043,19.289941],[-99.205118,19.289877],[-99.20516,19.289837],[-99.205177,19.289749],[-99.205194,19.289693],[-99.205202,19.289653],[-99.205228,19.289629],[-99.205278,19.289581],[-99.205362,19.289565],[-99.20543,19.289565],[-99.205489,19.289549],[-99.205556,19.289517],[-99.20559,19.289477],[-99.205615,19.289421],[-99.20564,19.289381],[-99.205682,19.289333],[-99.205758,19.289332],[-99.205817,19.289356],[-99.205826,19.289404],[-99.205834,19.289532],[-99.205876,19.289556],[-99.205891,19.289671],[-99.205909,19.289739],[-99.205944,19.28984],[-99.205927,19.289882],[-99.205944,19.289924],[-99.205989,19.289983],[-99.206042,19.290009],[-99.206078,19.290025],[-99.206087,19.290059],[-99.20606,19.290101],[-99.206042,19.29011],[-99.206016,19.290093],[-99.205971,19.290093],[-99.205945,19.290127],[-99.205954,19.290177],[-99.206007,19.29027],[-99.206016,19.290321],[-99.206043,19.290371],[-99.206105,19.29038],[-99.206158,19.290388],[-99.206167,19.29043],[-99.206167,19.290523],[-99.206132,19.290624],[-99.206061,19.290633],[-99.206016,19.290649],[-99.20591,19.290734],[-99.205919,19.290801],[-99.205954,19.290869],[-99.205963,19.290945],[-99.205972,19.291021],[-99.206008,19.291088],[-99.206026,19.291147],[-99.206035,19.291206],[-99.206017,19.29124],[-99.20599,19.291265],[-99.205946,19.291265],[-99.205893,19.291316],[-99.205839,19.291358],[-99.205822,19.291417],[-99.20584,19.29151],[-99.205849,19.291535],[-99.205875,19.291577],[-99.205875,19.291636],[-99.205858,19.29167],[-99.205813,19.291721],[-99.205758,19.291777],[-99.205694,19.291798],[-99.205622,19.291784],[-99.205586,19.291757],[-99.205536,19.291723],[-99.205457,19.291628],[-99.205428,19.291587],[-99.20537,19.291526],[-99.205334,19.291505],[-99.205298,19.291485],[-99.20527,19.291458],[-99.205263,19.29143],[-99.20527,19.291349],[-99.205277,19.291301],[-99.205262,19.291274],[-99.205219,19.291267],[-99.205147,19.29124],[-99.205111,19.291254],[-99.205097,19.291301],[-99.205054,19.291369],[-99.205047,19.29141],[-99.205026,19.291451],[-99.205018,19.291472],[-99.20499,19.291492],[-99.204939,19.291479],[-99.204918,19.291444],[-99.204889,19.291404],[-99.204867,19.291383],[-99.204832,19.291363],[-99.204788,19.291376],[-99.204774,19.291411],[-99.204753,19.291438],[-99.204717,19.291472],[-99.204731,19.291506],[-99.204738,19.29152],[-99.204789,19.29154],[-99.204817,19.291547],[-99.204853,19.291574],[-99.204861,19.291608],[-99.204875,19.291642],[-99.204911,19.291656],[-99.204961,19.291649],[-99.205033,19.291656],[-99.205062,19.29169],[-99.20509,19.291696],[-99.205155,19.291703],[-99.205213,19.291737],[-99.20527,19.291819],[-99.20527,19.291873],[-99.205306,19.291894],[-99.205349,19.291887],[-99.205414,19.29188],[-99.20545,19.291907],[-99.205486,19.291941],[-99.205507,19.292002],[-99.205536,19.292023],[-99.205622,19.29205],[-99.205694,19.292091],[-99.205709,19.292111],[-99.205723,19.292138],[-99.20573,19.292179],[-99.20573,19.2922],[-99.205716,19.292241],[-99.205694,19.292268],[-99.205651,19.292302],[-99.205601,19.292329],[-99.205537,19.292329],[-99.205472,19.292336],[-99.205422,19.292343],[-99.205371,19.292309],[-99.205364,19.292268],[-99.205314,19.292228],[-99.205242,19.292214],[-99.20517,19.292221],[-99.205127,19.292194],[-99.205062,19.29216],[-99.204983,19.292105],[-99.204962,19.292078],[-99.204897,19.292058],[-99.20484,19.292044],[-99.204787,19.29204],[-99.204773,19.292053],[-99.204737,19.292094],[-99.204752,19.292128],[-99.204802,19.292142],[-99.204816,19.292149],[-99.204838,19.29219],[-99.204831,19.292231],[-99.204824,19.292285],[-99.204824,19.292319],[-99.204816,19.292394],[-99.204795,19.292428],[-99.204795,19.292483],[-99.204817,19.292544],[-99.204845,19.292585],[-99.204874,19.292598],[-99.204924,19.292605],[-99.20496,19.292585],[-99.205003,19.292557],[-99.205032,19.292516],[-99.205104,19.29251],[-99.205161,19.292496],[-99.205226,19.29253],[-99.205248,19.292564],[-99.20524,19.292632],[-99.205226,19.29268],[-99.205197,19.2927],[-99.205154,19.292741],[-99.20514,19.292789],[-99.205083,19.292843],[-99.205054,19.292877],[-99.20504,19.292918],[-99.205033,19.292973],[-99.205121,19.293028],[-99.205147,19.293108],[-99.205205,19.293132],[-99.205282,19.29315],[-99.20536,19.293132],[-99.20545,19.293144],[-99.205533,19.29309],[-99.205428,19.296097],[-99.205398,19.296054],[-99.205353,19.296021],[-99.205335,19.295987],[-99.205255,19.29597],[-99.205229,19.295987],[-99.20522,19.296038],[-99.20522,19.29608],[-99.205247,19.296122],[-99.205264,19.296164],[-99.205256,19.296215],[-99.205202,19.296223],[-99.20514,19.296257],[-99.205096,19.296282],[-99.205096,19.296324],[-99.205078,19.29635],[-99.205061,19.296366],[-99.204998,19.296366],[-99.204945,19.296358],[-99.204892,19.296341],[-99.204865,19.296333],[-99.204741,19.296291],[-99.204696,19.296291],[-99.204661,19.296299],[-99.204617,19.296274],[-99.204563,19.296198],[-99.204519,19.296165],[-99.204501,19.296114],[-99.204474,19.29603],[-99.204483,19.295954],[-99.204518,19.295904],[-99.204563,19.295803],[-99.204616,19.295718],[-99.204678,19.295668],[-99.204705,19.295609],[-99.204749,19.295541],[-99.204775,19.295482],[-99.204846,19.295415],[-99.204917,19.295356],[-99.204935,19.295322],[-99.204953,19.295263],[-99.204979,19.295137],[-99.204988,19.295053],[-99.204997,19.295011],[-99.204979,19.29496],[-99.204961,19.294901],[-99.204917,19.294884],[-99.204872,19.294876],[-99.204837,19.29491],[-99.204819,19.294927],[-99.204793,19.294994],[-99.20473,19.295036],[-99.204677,19.29507],[-99.20466,19.295129],[-99.204651,19.295196],[-99.204642,19.295255],[-99.204642,19.295297],[-99.204624,19.295331],[-99.20458,19.295365],[-99.204544,19.29539],[-99.204482,19.29539],[-99.204429,19.295356],[-99.204376,19.295298],[-99.204331,19.295289],[-99.204296,19.295264],[-99.20426,19.29523],[-99.204189,19.295188],[-99.204145,19.295171],[-99.204109,19.295197],[-99.204056,19.295231],[-99.204029,19.295264],[-99.204012,19.295315],[-99.203967,19.295357],[-99.203941,19.295382],[-99.203905,19.295399],[-99.203834,19.295433],[-99.203825,19.295458],[-99.203817,19.295517],[-99.203843,19.295585],[-99.203843,19.295618],[-99.203879,19.29566],[-99.203914,19.295677],[-99.203986,19.295728],[-99.204065,19.295744],[-99.20411,19.295803],[-99.204101,19.295871],[-99.204092,19.295896],[-99.204057,19.29593],[-99.203995,19.295972],[-99.203933,19.296014],[-99.203879,19.296006],[-99.203853,19.295972],[-99.203844,19.29593],[-99.203817,19.295896],[-99.203746,19.295854],[-99.203702,19.295837],[-99.203666,19.295863],[-99.203648,19.295888],[-99.20364,19.295947],[-99.203631,19.295972],[-99.203586,19.296031],[-99.203586,19.296048],[-99.203578,19.296124],[-99.20356,19.296191],[-99.203542,19.296301],[-99.203578,19.296334],[-99.203605,19.296343],[-99.203631,19.296343],[-99.203693,19.296334],[-99.203782,19.296317],[-99.203835,19.296317],[-99.20388,19.296376],[-99.20396,19.296393],[-99.203995,19.296418],[-99.20404,19.29646],[-99.204022,19.296477],[-99.203995,19.296494],[-99.203898,19.296486],[-99.203836,19.296519],[-99.203827,19.296578],[-99.203836,19.29662],[-99.203871,19.296646],[-99.203933,19.296679],[-99.203987,19.296696],[-99.204022,19.296713],[-99.204049,19.296738],[-99.204076,19.29678],[-99.204067,19.296848],[-99.204058,19.296881],[-99.204049,19.296907],[-99.204023,19.296957],[-99.203987,19.296991],[-99.203934,19.296999],[-99.203898,19.297008],[-99.203881,19.297041],[-99.203881,19.297075],[-99.203863,19.297117],[-99.203836,19.297159],[-99.203801,19.29721],[-99.203783,19.297244],[-99.203739,19.297286],[-99.203721,19.297345],[-99.203712,19.297379],[-99.20373,19.297412],[-99.203757,19.297421],[-99.203775,19.297446],[-99.203757,19.297488],[-99.20373,19.297547],[-99.203739,19.297572],[-99.203747,19.297628],[-99.20305,19.297595]]]]}},{"type":"Feature","properties":{"area":"Bosque de Tlalpan","zona":"Proteccion Estricta","zona_k":"proteccion estricta","ha":15.32},"geometry":{"type":"MultiPolygon","coordinates":[[[[-99.199299,19.297412],[-99.199342,19.297291],[-99.199273,19.297221],[-99.199188,19.297175],[-99.199078,19.297129],[-99.198943,19.297068],[-99.198821,19.296958],[-99.198719,19.296869],[-99.198644,19.296793],[-99.198589,19.296704],[-99.198506,19.296672],[-99.198423,19.29668],[-99.198354,19.296725],[-99.198267,19.296738],[-99.198126,19.296707],[-99.198052,19.296733],[-99.197944,19.296768],[-99.197853,19.296816],[-99.197734,19.296851],[-99.197564,19.296858],[-99.197359,19.296858],[-99.197198,19.296827],[-99.19706,19.296824],[-99.196917,19.296817],[-99.196812,19.296801],[-99.196727,19.296817],[-99.196635,19.296912],[-99.196611,19.296965],[-99.196538,19.297062],[-99.195583,19.296937],[-99.195588,19.296881],[-99.195628,19.296887],[-99.195645,19.29687],[-99.195656,19.296838],[-99.195662,19.296794],[-99.195696,19.296778],[-99.195811,19.296772],[-99.195897,19.296778],[-99.195982,19.296778],[-99.196011,19.29675],[-99.196034,19.296685],[-99.196028,19.296615],[-99.195976,19.296609],[-99.195919,19.296609],[-99.195862,19.296577],[-99.195816,19.296533],[-99.195822,19.296485],[-99.195839,19.296436],[-99.195833,19.296365],[-99.19581,19.296322],[-99.195781,19.296246],[-99.19577,19.296181],[-99.195758,19.296137],[-99.195735,19.296099],[-99.195713,19.296078],[-99.19565,19.29604],[-99.195604,19.296007],[-99.195587,19.295974],[-99.195569,19.295893],[-99.195558,19.295801],[-99.19554,19.295725],[-99.19554,19.295681],[-99.195535,19.295627],[-99.195529,19.295573],[-99.195569,19.295627],[-99.195615,19.295638],[-99.195649,19.295643],[-99.195689,19.295643],[-99.195706,19.295621],[-99.195706,19.295589],[-99.195718,19.295551],[-99.195723,19.295535],[-99.195781,19.295535],[-99.195798,19.295556],[-99.195804,19.295627],[-99.195832,19.295681],[-99.195867,19.295714],[-99.195901,19.295703],[-99.19597,19.295703],[-99.196055,19.295703],[-99.196113,19.295681],[-99.196176,19.295626],[-99.196221,19.295588],[-99.196244,19.295539],[-99.196267,19.295507],[-99.196301,19.295496],[-99.196399,19.295485],[-99.196467,19.29548],[-99.196524,19.295474],[-99.196587,19.295441],[-99.196622,19.295398],[-99.196696,19.295354],[-99.196833,19.295322],[-99.196833,19.295295],[-99.196788,19.295273],[-99.196736,19.295246],[-99.196667,19.295197],[-99.196598,19.295143],[-99.196518,19.295154],[-99.196484,19.295165],[-99.19641,19.295197],[-99.19633,19.295235],[-99.196295,19.295235],[-99.196232,19.295241],[-99.196129,19.295263],[-99.196066,19.295274],[-99.196032,19.295285],[-99.195998,19.295268],[-99.195963,19.295225],[-99.195963,19.295192],[-99.195998,19.295165],[-99.196009,19.295149],[-99.196026,19.2951],[-99.19606,19.29504],[-99.196078,19.29498],[-99.196089,19.294953],[-99.196146,19.294888],[-99.196175,19.294845],[-99.196232,19.294817],[-99.196243,19.294807],[-99.196272,19.29479],[-99.196295,19.294747],[-99.196312,19.294725],[-99.196352,19.29472],[-99.196421,19.29473],[-99.196484,19.294725],[-99.196535,19.294698],[-99.196587,19.294698],[-99.196655,19.294714],[-99.19669,19.294725],[-99.196748,19.294707],[-99.196817,19.294685],[-99.196903,19.29468],[-99.196972,19.294669],[-99.196983,19.294658],[-99.197057,19.294641],[-99.197115,19.29462],[-99.197132,19.294582],[-99.197212,19.294571],[-99.19728,19.294582],[-99.197343,19.294587],[-99.197452,19.294581],[-99.197509,19.294587],[-99.197532,19.294608],[-99.197515,19.294636],[-99.197498,19.294668],[-99.197458,19.294744],[-99.197464,19.294793],[-99.197498,19.294815],[-99.19755,19.294836],[-99.197567,19.294869],[-99.197556,19.294907],[-99.19755,19.294929],[-99.197533,19.294967],[-99.197516,19.294994],[-99.197476,19.295026],[-99.197464,19.295075],[-99.197441,19.29513],[-99.197419,19.295184],[-99.197407,19.295238],[-99.197407,19.295282],[-99.19743,19.295309],[-99.197453,19.295303],[-99.197499,19.295303],[-99.197568,19.29533],[-99.197636,19.295319],[-99.197648,19.295336],[-99.197671,19.295379],[-99.197711,19.295423],[-99.197791,19.295439],[-99.197894,19.295433],[-99.197945,19.295449],[-99.197997,19.295449],[-99.198014,19.295449],[-99.19806,19.29546],[-99.198111,19.295455],[-99.198151,19.295444],[-99.198209,19.295471],[-99.198254,19.295487],[-99.198306,19.295487],[-99.198335,19.295503],[-99.198392,19.295503],[-99.198426,19.295476],[-99.198483,19.295454],[-99.198523,19.295438],[-99.198575,19.295422],[-99.198609,19.2954],[-99.198632,19.295378],[-99.198655,19.295346],[-99.198689,19.295297],[-99.198729,19.295275],[-99.198746,19.295231],[-99.198741,19.295204],[-99.1987,19.295199],[-99.198678,19.295183],[-99.198666,19.295161],[-99.198712,19.295123],[-99.198746,19.295079],[-99.198775,19.295041],[-99.198792,19.295003],[-99.198792,19.294949],[-99.198815,19.2949],[-99.198837,19.294878],[-99.19886,19.294851],[-99.198952,19.294829],[-99.198969,19.294797],[-99.199003,19.294764],[-99.19902,19.294737],[-99.19902,19.294715],[-99.199049,19.294688],[-99.1991,19.294672],[-99.199158,19.294661],[-99.199186,19.294639],[-99.199198,19.294628],[-99.19918,19.294585],[-99.199158,19.294552],[-99.199117,19.294482],[-99.199077,19.294449],[-99.199026,19.294444],[-99.19898,19.294444],[-99.19894,19.294433],[-99.198917,19.294417],[-99.1989,19.294373],[-99.198923,19.294314],[-99.198923,19.294259],[-99.198922,19.294232],[-99.198888,19.294194],[-99.198842,19.294156],[-99.198814,19.294075],[-99.198802,19.29401],[-99.198739,19.293977],[-99.198665,19.293972],[-99.198602,19.293994],[-99.198562,19.294016],[-99.198527,19.294054],[-99.198482,19.29407],[-99.19847,19.294097],[-99.198465,19.29413],[-99.198442,19.294146],[-99.198402,19.294146],[-99.198356,19.294124],[-99.198339,19.294108],[-99.198339,19.294075],[-99.19835,19.294043],[-99.198384,19.294016],[-99.198424,19.293994],[-99.19843,19.293978],[-99.198436,19.293929],[-99.198447,19.293918],[-99.198476,19.293902],[-99.198517,19.293906],[-99.198563,19.293879],[-99.19858,19.293851],[-99.198603,19.293803],[-99.198637,19.293775],[-99.198717,19.293764],[-99.198775,19.293753],[-99.19886,19.293732],[-99.198878,19.293699],[-99.198906,19.293661],[-99.198952,19.293645],[-99.199049,19.293661],[-99.199112,19.293645],[-99.199164,19.293655],[-99.199204,19.293666],[-99.199238,19.293644],[-99.19929,19.29365],[-99.199335,19.293633],[-99.199381,19.293633],[-99.19941,19.293655],[-99.199433,19.293682],[-99.199461,19.293715],[-99.199507,19.293726],[-99.199536,19.293736],[-99.199587,19.293715],[-99.19961,19.293682],[-99.19965,19.293622],[-99.199667,19.293568],[-99.199684,19.29353],[-99.199753,19.293448],[-99.199804,19.293394],[-99.199903,19.293334],[-99.199971,19.293272],[-99.200033,19.293255],[-99.200092,19.293266],[-99.200154,19.293269],[-99.200223,19.293278],[-99.200294,19.29331],[-99.200356,19.293345],[-99.200437,19.293404],[-99.200492,19.293459],[-99.200532,19.293481],[-99.200578,19.293513],[-99.200601,19.293595],[-99.200607,19.29366],[-99.200595,19.293698],[-99.200555,19.293747],[-99.200515,19.293774],[-99.200481,19.293801],[-99.200424,19.293877],[-99.200407,19.293932],[-99.200349,19.293953],[-99.200309,19.293975],[-99.200281,19.29404],[-99.20027,19.294106],[-99.200258,19.294133],[-99.200172,19.294187],[-99.200132,19.29422],[-99.200092,19.294307],[-99.200115,19.294345],[-99.200138,19.294366],[-99.20019,19.294372],[-99.200236,19.294372],[-99.20031,19.294382],[-99.200424,19.294409],[-99.200465,19.294442],[-99.200482,19.294453],[-99.20055,19.294453],[-99.200625,19.294469],[-99.200699,19.294491],[-99.200728,19.294512],[-99.200763,19.294538],[-99.20084,19.294562],[-99.200924,19.294586],[-99.200956,19.294592],[-99.200949,19.294641],[-99.200924,19.29469],[-99.200911,19.294732],[-99.200905,19.294799],[-99.20093,19.294848],[-99.201001,19.294884],[-99.201052,19.294896],[-99.201091,19.294921],[-99.201091,19.294957],[-99.201059,19.295018],[-99.20102,19.295054],[-99.200982,19.295097],[-99.20095,19.295134],[-99.200918,19.295194],[-99.200899,19.295207],[-99.200841,19.295213],[-99.200777,19.295249],[-99.200739,19.29528],[-99.200726,19.295304],[-99.20061,19.295335],[-99.200508,19.295353],[-99.200469,19.295389],[-99.200437,19.295438],[-99.200412,19.295469],[-99.200412,19.295511],[-99.200444,19.295548],[-99.200476,19.295578],[-99.200566,19.295639],[-99.20063,19.295681],[-99.200662,19.29573],[-99.200675,19.295791],[-99.200669,19.295833],[-99.200688,19.2959],[-99.200688,19.295955],[-99.200682,19.296034],[-99.200663,19.296077],[-99.200643,19.296119],[-99.200611,19.296156],[-99.200586,19.296192],[-99.200573,19.296292],[-99.200599,19.296359],[-99.200625,19.296438],[-99.200644,19.296487],[-99.200695,19.296535],[-99.200721,19.296553],[-99.20076,19.296584],[-99.200811,19.296614],[-99.200875,19.296638],[-99.200939,19.296675],[-99.200959,19.296717],[-99.200978,19.29676],[-99.20101,19.296796],[-99.201048,19.296815],[-99.201106,19.296851],[-99.20117,19.296887],[-99.201215,19.296899],[-99.201267,19.296918],[-99.201311,19.29693],[-99.20135,19.29693],[-99.201408,19.296948],[-99.201459,19.29696],[-99.201491,19.296972],[-99.201491,19.297009],[-99.20151,19.297057],[-99.201555,19.297094],[-99.2016,19.297124],[-99.2016,19.297161],[-99.201613,19.297197],[-99.201645,19.29724],[-99.201684,19.297288],[-99.201735,19.2973],[-99.201806,19.297294],[-99.201831,19.297276],[-99.201879,19.297299],[-99.201922,19.297278],[-99.202016,19.297305],[-99.202178,19.297276],[-99.202232,19.297234],[-99.202372,19.297152],[-99.202555,19.2972],[-99.202773,19.297288],[-99.202899,19.297314],[-99.203028,19.29736],[-99.203076,19.297402],[-99.203089,19.297445],[-99.203083,19.297512],[-99.20305,19.297595],[-99.199299,19.297412]]]]}},{"type":"Feature","properties":{"area":"Bosque de Tlalpan","zona":"Proteccion con Uso Restringido","zona_k":"proteccion con uso restringido","ha":1.18},"geometry":{"type":"MultiPolygon","coordinates":[[[[-99.199342,19.297291],[-99.199299,19.297412],[-99.198773,19.297386],[-99.198814,19.297332],[-99.19845,19.297228],[-99.198332,19.297226],[-99.198266,19.297234],[-99.198229,19.29724],[-99.198166,19.297238],[-99.198109,19.297231],[-99.197934,19.297227],[-99.197912,19.297243],[-99.196538,19.297062],[-99.196611,19.296965],[-99.196635,19.296912],[-99.196727,19.296817],[-99.196812,19.296801],[-99.196917,19.296817],[-99.19706,19.296824],[-99.197198,19.296827],[-99.197359,19.296858],[-99.197564,19.296858],[-99.197734,19.296851],[-99.197853,19.296816],[-99.197944,19.296768],[-99.198052,19.296733],[-99.198126,19.296707],[-99.198267,19.296738],[-99.198354,19.296725],[-99.198423,19.29668],[-99.198506,19.296672],[-99.198589,19.296704],[-99.198644,19.296793],[-99.198719,19.296869],[-99.198821,19.296958],[-99.198943,19.297068],[-99.199078,19.297129],[-99.199188,19.297175],[-99.199273,19.297221],[-99.199342,19.297291]]]]}},{"type":"Feature","properties":{"area":"Bosque de Tlalpan","zona":"Restauracion","zona_k":"restauracion","ha":1.19},"geometry":{"type":"MultiPolygon","coordinates":[[[[-99.210452,19.293169],[-99.210445,19.293101],[-99.210468,19.293051],[-99.210559,19.293],[-99.21062,19.292956],[-99.21065,19.292935],[-99.210688,19.292899],[-99.210719,19.292841],[-99.210719,19.292776],[-99.210764,19.292733],[-99.210787,19.292718],[-99.210848,19.292704],[-99.210886,19.292704],[-99.210962,19.292682],[-99.211063,19.292634],[-99.213232,19.293696],[-99.213248,19.293707],[-99.213896,19.294104],[-99.215294,19.29447],[-99.214781,19.294558],[-99.21405,19.294315],[-99.212179,19.293259],[-99.210452,19.293169]]]]}},{"type":"Feature","properties":{"area":"Bosque de Tlalpan","zona":"Proteccion Estricta","zona_k":"proteccion estricta","ha":54.63},"geometry":{"type":"MultiPolygon","coordinates":[[[[-99.205533,19.29309],[-99.20545,19.293144],[-99.20536,19.293132],[-99.205282,19.29315],[-99.205205,19.293132],[-99.205147,19.293108],[-99.205121,19.293028],[-99.205033,19.292973],[-99.20504,19.292918],[-99.205054,19.292877],[-99.205083,19.292843],[-99.20514,19.292789],[-99.205154,19.292741],[-99.205197,19.2927],[-99.205226,19.29268],[-99.20524,19.292632],[-99.205248,19.292564],[-99.205226,19.29253],[-99.205161,19.292496],[-99.205104,19.29251],[-99.205032,19.292516],[-99.205003,19.292557],[-99.20496,19.292585],[-99.204924,19.292605],[-99.204874,19.292598],[-99.204845,19.292585],[-99.204817,19.292544],[-99.204795,19.292483],[-99.204795,19.292428],[-99.204816,19.292394],[-99.204824,19.292319],[-99.204824,19.292285],[-99.204831,19.292231],[-99.204838,19.29219],[-99.204816,19.292149],[-99.204802,19.292142],[-99.204752,19.292128],[-99.204737,19.292094],[-99.204773,19.292053],[-99.204787,19.29204],[-99.20484,19.292044],[-99.204897,19.292058],[-99.204962,19.292078],[-99.204983,19.292105],[-99.205062,19.29216],[-99.205127,19.292194],[-99.20517,19.292221],[-99.205242,19.292214],[-99.205314,19.292228],[-99.205364,19.292268],[-99.205371,19.292309],[-99.205422,19.292343],[-99.205472,19.292336],[-99.205537,19.292329],[-99.205601,19.292329],[-99.205651,19.292302],[-99.205694,19.292268],[-99.205716,19.292241],[-99.20573,19.2922],[-99.20573,19.292179],[-99.205723,19.292138],[-99.205709,19.292111],[-99.205694,19.292091],[-99.205622,19.29205],[-99.205536,19.292023],[-99.205507,19.292002],[-99.205486,19.291941],[-99.20545,19.291907],[-99.205414,19.29188],[-99.205349,19.291887],[-99.205306,19.291894],[-99.20527,19.291873],[-99.20527,19.291819],[-99.205213,19.291737],[-99.205155,19.291703],[-99.20509,19.291696],[-99.205062,19.29169],[-99.205033,19.291656],[-99.204961,19.291649],[-99.204911,19.291656],[-99.204875,19.291642],[-99.204861,19.291608],[-99.204853,19.291574],[-99.204817,19.291547],[-99.204789,19.29154],[-99.204738,19.29152],[-99.204731,19.291506],[-99.204717,19.291472],[-99.204753,19.291438],[-99.204774,19.291411],[-99.204788,19.291376],[-99.204832,19.291363],[-99.204867,19.291383],[-99.204889,19.291404],[-99.204918,19.291444],[-99.204939,19.291479],[-99.20499,19.291492],[-99.205018,19.291472],[-99.205026,19.291451],[-99.205047,19.29141],[-99.205054,19.291369],[-99.205097,19.291301],[-99.205111,19.291254],[-99.205147,19.29124],[-99.205219,19.291267],[-99.205262,19.291274],[-99.205277,19.291301],[-99.20527,19.291349],[-99.205263,19.29143],[-99.20527,19.291458],[-99.205298,19.291485],[-99.205334,19.291505],[-99.20537,19.291526],[-99.205428,19.291587],[-99.205457,19.291628],[-99.205536,19.291723],[-99.205586,19.291757],[-99.205622,19.291784],[-99.205694,19.291798],[-99.205758,19.291777],[-99.205813,19.291721],[-99.205858,19.29167],[-99.205875,19.291636],[-99.205875,19.291577],[-99.205849,19.291535],[-99.20584,19.29151],[-99.205822,19.291417],[-99.205839,19.291358],[-99.205893,19.291316],[-99.205946,19.291265],[-99.20599,19.291265],[-99.206017,19.29124],[-99.206035,19.291206],[-99.206026,19.291147],[-99.206008,19.291088],[-99.205972,19.291021],[-99.205963,19.290945],[-99.205954,19.290869],[-99.205919,19.290801],[-99.20591,19.290734],[-99.206016,19.290649],[-99.206061,19.290633],[-99.206132,19.290624],[-99.206167,19.290523],[-99.206167,19.29043],[-99.206158,19.290388],[-99.206105,19.29038],[-99.206043,19.290371],[-99.206016,19.290321],[-99.206007,19.29027],[-99.205954,19.290177],[-99.205945,19.290127],[-99.205971,19.290093],[-99.206016,19.290093],[-99.206042,19.29011],[-99.20606,19.290101],[-99.206087,19.290059],[-99.206078,19.290025],[-99.206042,19.290009],[-99.205989,19.289983],[-99.205944,19.289924],[-99.205927,19.289882],[-99.205944,19.28984],[-99.205909,19.289739],[-99.205891,19.289671],[-99.205876,19.289556],[-99.205834,19.289532],[-99.205826,19.289404],[-99.205817,19.289356],[-99.205758,19.289332],[-99.205682,19.289333],[-99.20564,19.289381],[-99.205615,19.289421],[-99.20559,19.289477],[-99.205556,19.289517],[-99.205489,19.289549],[-99.20543,19.289565],[-99.205362,19.289565],[-99.205278,19.289581],[-99.205228,19.289629],[-99.205202,19.289653],[-99.205194,19.289693],[-99.205177,19.289749],[-99.20516,19.289837],[-99.205118,19.289877],[-99.205043,19.289941],[-99.204958,19.289949],[-99.204908,19.289925],[-99.204838,19.289919],[-99.204745,19.289951],[-99.204636,19.289975],[-99.204551,19.289959],[-99.20445,19.289927],[-99.204408,19.289903],[-99.20434,19.289863],[-99.204281,19.289816],[-99.204231,19.289776],[-99.20418,19.289752],[-99.204071,19.28976],[-99.203978,19.289784],[-99.203927,19.289808],[-99.203869,19.28984],[-99.203835,19.289872],[-99.203784,19.289912],[-99.203742,19.289984],[-99.203709,19.290056],[-99.203726,19.290104],[-99.203801,19.290152],[-99.203894,19.2902],[-99.20397,19.290248],[-99.204012,19.290296],[-99.204029,19.290312],[-99.204046,19.290351],[-99.204063,19.290439],[-99.204105,19.290471],[-99.204131,19.290527],[-99.204156,19.290567],[-99.204173,19.290591],[-99.204156,19.290639],[-99.204148,19.290671],[-99.204089,19.290695],[-99.204055,19.290743],[-99.20403,19.290783],[-99.204047,19.290815],[-99.204064,19.290847],[-99.204064,19.290871],[-99.20403,19.290903],[-99.203979,19.290919],[-99.203929,19.290959],[-99.203929,19.291063],[-99.203921,19.291095],[-99.20387,19.291135],[-99.203786,19.291183],[-99.20366,19.291215],[-99.203525,19.291239],[-99.203466,19.291256],[-99.203356,19.291272],[-99.203272,19.291256],[-99.203137,19.291256],[-99.203095,19.29124],[-99.203036,19.291208],[-99.202994,19.291176],[-99.202909,19.291168],[-99.202859,19.291192],[-99.202792,19.291232],[-99.202766,19.291264],[-99.20275,19.291312],[-99.202733,19.291392],[-99.202674,19.291424],[-99.20259,19.291448],[-99.202539,19.291472],[-99.20248,19.29144],[-99.202463,19.291417],[-99.202429,19.291369],[-99.202412,19.291289],[-99.202446,19.291217],[-99.202463,19.291177],[-99.202488,19.291089],[-99.20253,19.291033],[-99.202606,19.290953],[-99.202648,19.290897],[-99.202656,19.290825],[-99.202648,19.290745],[-99.202631,19.290689],[-99.20258,19.290617],[-99.202546,19.290585],[-99.202479,19.290521],[-99.202428,19.290457],[-99.202393,19.290421],[-99.202378,19.290357],[-99.202378,19.290293],[-99.202393,19.290221],[-99.202423,19.290157],[-99.20249,19.290093],[-99.202565,19.29005],[-99.202618,19.290028],[-99.202693,19.290014],[-99.202799,19.289993],[-99.202866,19.289985],[-99.202911,19.289971],[-99.202949,19.28995],[-99.202987,19.289914],[-99.203032,19.289864],[-99.203054,19.2898],[-99.203054,19.28975],[-99.203024,19.289707],[-99.202994,19.289685],[-99.202949,19.289641],[-99.202919,19.289634],[-99.202866,19.289612],[-99.202798,19.289598],[-99.202753,19.289598],[-99.202708,19.289591],[-99.202655,19.289577],[-99.202648,19.289555],[-99.202633,19.289513],[-99.20264,19.289477],[-99.202708,19.289406],[-99.20273,19.28937],[-99.202768,19.289341],[-99.202836,19.289298],[-99.202879,19.289256],[-99.202918,19.289128],[-99.202846,19.289051],[-99.202592,19.288998],[-99.202523,19.288908],[-99.202466,19.288872],[-99.202431,19.288834],[-99.20239,19.288779],[-99.202363,19.288763],[-99.202371,19.288752],[-99.202455,19.288695],[-99.202581,19.288651],[-99.202754,19.288576],[-99.202958,19.288561],[-99.20313,19.288494],[-99.203256,19.288472],[-99.203522,19.288464],[-99.203758,19.288412],[-99.204064,19.288277],[-99.204116,19.288266],[-99.204382,19.288285],[-99.204469,19.288294],[-99.204569,19.288285],[-99.204654,19.288266],[-99.204726,19.288239],[-99.204863,19.288163],[-99.20498,19.288102],[-99.205036,19.288052],[-99.205091,19.287929],[-99.205119,19.287756],[-99.205161,19.28766],[-99.205178,19.287622],[-99.205312,19.287601],[-99.205351,19.287503],[-99.20543,19.287386],[-99.205508,19.287249],[-99.205547,19.287054],[-99.205547,19.286975],[-99.205527,19.286858],[-99.205469,19.28676],[-99.205449,19.286545],[-99.205467,19.286311],[-99.206113,19.286146],[-99.207549,19.286211],[-99.207869,19.286248],[-99.208372,19.286311],[-99.209542,19.286187],[-99.209739,19.28633],[-99.211337,19.287097],[-99.211469,19.287232],[-99.211472,19.287229],[-99.212062,19.287817],[-99.212541,19.2883],[-99.211746,19.290641],[-99.210829,19.29252],[-99.210833,19.292522],[-99.211063,19.292634],[-99.210962,19.292682],[-99.210886,19.292704],[-99.210848,19.292704],[-99.210787,19.292718],[-99.210764,19.292733],[-99.210719,19.292776],[-99.210719,19.292841],[-99.210688,19.292899],[-99.21065,19.292935],[-99.21062,19.292956],[-99.210559,19.293],[-99.210468,19.293051],[-99.210445,19.293101],[-99.210452,19.293169],[-99.205539,19.292915],[-99.205533,19.29309]]]]}}]}