{"type":"FeatureCollection","features":[{"type":"Feature","properties":{"area":"La Loma","zona":"Zona de Restauracion Ecologica","zona_k":"restauracion ecologica","ha":0.74},"geometry":{"type":"MultiPolygon","coordinates":[[[[-99.240771,19.329753],[-99.240829,19.329736],[-99.240841,19.329764],[-99.240876,19.329764],[-99.240887,19.329747],[-99.240864,19.329719],[-99.240846,19.329703],[-99.240823,19.329686],[-99.240823,19.329659],[-99.24084,19.32962],[-99.240893,19.329603],[-99.240945,19.32962],[-99.240974,19.329659],[-99.240992,19.329659],[-99.241027,19.329609],[-99.241038,19.329565],[-99.241067,19.329509],[-99.241085,19.329482],[-99.242122,19.329872],[-99.242162,19.329905],[-99.242209,19.329894],[-99.242267,19.329916],[-99.242226,19.329961],[-99.242261,19.329988],[-99.24229,19.329966],[-99.242314,19.329966],[-99.242337,19.32996],[-99.242385,19.330006],[-99.242347,19.330046],[-99.241849,19.330067],[-99.241337,19.330088],[-99.241284,19.330111],[-99.241243,19.330133],[-99.241231,19.330172],[-99.241196,19.330188],[-99.24115,19.330188],[-99.241092,19.330177],[-99.241062,19.330155],[-99.241045,19.330128],[-99.24101,19.330133],[-99.240963,19.330156],[-99.240993,19.330222],[-99.241004,19.330249],[-99.240987,19.330294],[-99.240911,19.330316],[-99.240865,19.330305],[-99.240865,19.330266],[-99.240835,19.330233],[-99.240853,19.330167],[-99.24087,19.330128],[-99.240841,19.330073],[-99.240806,19.330045],[-99.240765,19.330045],[-99.240736,19.330034],[-99.24073,19.330007],[-99.240759,19.329974],[-99.240783,19.329946],[-99.240777,19.329896],[-99.240742,19.329874],[-99.24073,19.329847],[-99.24073,19.329813],[-99.240765,19.329769],[-99.240771,19.329753]]]]}},{"type":"Feature","properties":{"area":"La Loma","zona":"Zona de Uso Especial","zona_k":"uso especial","ha":0.53},"geometry":{"type":"MultiPolygon","coordinates":[[[[-99.241085,19.329482],[-99.24105,19.329465],[-99.240898,19.329405],[-99.240811,19.329361],[-99.240764,19.329328],[-99.240758,19.329283],[-99.240764,19.32925],[-99.240723,19.329223],[-99.240752,19.329167],[-99.24075,19.329161],[-99.24077,19.329155],[-99.240825,19.329129],[-99.240886,19.329129],[-99.242031,19.329597],[-99.242283,19.329703],[-99.242283,19.329703],[-99.242284,19.329703],[-99.24231,19.329649],[-99.242442,19.329704],[-99.242442,19.329704],[-99.242442,19.329704],[-99.24251,19.329698],[-99.242545,19.329697],[-99.242554,19.329699],[-99.242565,19.3297],[-99.24258,19.329702],[-99.242611,19.329713],[-99.242561,19.329822],[-99.242385,19.330006],[-99.242337,19.32996],[-99.242314,19.329966],[-99.24229,19.329966],[-99.242261,19.329988],[-99.242226,19.329961],[-99.242267,19.329916],[-99.242209,19.329894],[-99.242162,19.329905],[-99.242122,19.329872],[-99.241085,19.329482]]]]}},{"type":"Feature","properties":{"area":"La Loma","zona":"Zona de Uso Publico Intensivo","zona_k":"uso publico intensivo","ha":1.1},"geometry":{"type":"MultiPolygon","coordinates":[[[[-99.240886,19.329129],[-99.241093,19.328686],[-99.241173,19.328512],[-99.241177,19.328512],[-99.241204,19.328445],[-99.241206,19.328441],[-99.241206,19.328441],[-99.242307,19.32892],[-99.242232,19.329103],[-99.242383,19.329152],[-99.242266,19.329396],[-99.242147,19.329347],[-99.242147,19.329347],[-99.242146,19.329347],[-99.242031,19.329597],[-99.240886,19.329129]]]]}},{"type":"Feature","properties":{"area":"La Loma","zona":"Zona de Restauracion Ecologica","zona_k":"restauracion ecologica","ha":0.49},"geometry":{"type":"MultiPolygon","coordinates":[[[[-99.243033,19.328225],[-99.243045,19.328214],[-99.243065,19.328222],[-99.243094,19.328233],[-99.243122,19.328225],[-99.243148,19.328225],[-99.243173,19.328222],[-99.243185,19.328247],[-99.243059,19.328271],[-99.242998,19.328243],[-99.243016,19.328241],[-99.243033,19.328225]]],[[[-99.242621,19.328633],[-99.242621,19.328633],[-99.242621,19.328633],[-99.242574,19.328649],[-99.242499,19.328672],[-99.242441,19.328666],[-99.242371,19.328655],[-99.24233,19.328628],[-99.242249,19.328617],[-99.242185,19.328611],[-99.242185,19.328611],[-99.242184,19.328611],[-99.242097,19.328622],[-99.242039,19.328634],[-99.242027,19.328645],[-99.241975,19.328661],[-99.241929,19.32865],[-99.241899,19.328634],[-99.241923,19.32859],[-99.241969,19.328573],[-99.242016,19.328534],[-99.242021,19.328496],[-99.242021,19.328468],[-99.242051,19.328451],[-99.24212,19.32844],[-99.242132,19.328413],[-99.242109,19.328402],[-99.242039,19.328369],[-99.241975,19.328358],[-99.241928,19.328352],[-99.241893,19.328336],[-99.241893,19.328319],[-99.24194,19.328297],[-99.242021,19.328275],[-99.242057,19.328267],[-99.24208,19.328256],[-99.242108,19.328261],[-99.242131,19.328261],[-99.242157,19.328245],[-99.242177,19.328226],[-99.242177,19.328207],[-99.242174,19.328196],[-99.242194,19.328172],[-99.242226,19.328155],[-99.242249,19.328155],[-99.242271,19.328163],[-99.242286,19.328182],[-99.242314,19.328196],[-99.242343,19.328196],[-99.242363,19.328182],[-99.242386,19.328171],[-99.242392,19.328152],[-99.24242,19.328147],[-99.242442,19.328147],[-99.242497,19.328154],[-99.242501,19.328155],[-99.242504,19.328185],[-99.242532,19.32819],[-99.242572,19.32819],[-99.242604,19.328193],[-99.242638,19.328212],[-99.242675,19.328236],[-99.242716,19.328236],[-99.24275,19.328236],[-99.242796,19.328252],[-99.242822,19.328266],[-99.242827,19.328296],[-99.242827,19.328312],[-99.242845,19.328342],[-99.242876,19.328364],[-99.242908,19.328375],[-99.242931,19.328374],[-99.242953,19.328361],[-99.242956,19.328342],[-99.242951,19.32832],[-99.24295,19.328285],[-99.242965,19.328271],[-99.242966,19.328268],[-99.243049,19.328306],[-99.243051,19.328307],[-99.243054,19.328308],[-99.243057,19.328308],[-99.24306,19.328307],[-99.243185,19.328284],[-99.243123,19.328402],[-99.243122,19.328433],[-99.243104,19.32845],[-99.243069,19.32845],[-99.24304,19.328433],[-99.243005,19.328422],[-99.242976,19.328434],[-99.242953,19.328456],[-99.242877,19.328494],[-99.242854,19.328544],[-99.242842,19.328588],[-99.242837,19.328655],[-99.242825,19.328704],[-99.242819,19.328743],[-99.242796,19.328776],[-99.242779,19.328793],[-99.242744,19.328787],[-99.242715,19.328749],[-99.24272,19.328704],[-99.24272,19.328682],[-99.24272,19.328649],[-99.242668,19.328638],[-99.242621,19.328633]]]]}},{"type":"Feature","properties":{"area":"La Loma","zona":"Zona de Proteccion Estricta","zona_k":"proteccion estricta","ha":0.29},"geometry":{"type":"MultiPolygon","coordinates":[[[[-99.242779,19.328793],[-99.242796,19.328776],[-99.242819,19.328743],[-99.242825,19.328704],[-99.242837,19.328655],[-99.242842,19.328588],[-99.242854,19.328544],[-99.242877,19.328494],[-99.242953,19.328456],[-99.242976,19.328434],[-99.243005,19.328422],[-99.24304,19.328433],[-99.243069,19.32845],[-99.243104,19.32845],[-99.243122,19.328433],[-99.243123,19.328402],[-99.243247,19.328424],[-99.243168,19.328598],[-99.242854,19.329264],[-99.242793,19.329386],[-99.242772,19.329444],[-99.242712,19.329577],[-99.242632,19.329545],[-99.242649,19.329517],[-99.242645,19.329491],[-99.242637,19.32944],[-99.242641,19.329404],[-99.242649,19.329382],[-99.242679,19.329349],[-99.242695,19.329327],[-99.242702,19.329298],[-99.24271,19.329276],[-99.24271,19.329251],[-99.242706,19.329193],[-99.242702,19.329138],[-99.24269,19.329084],[-99.24271,19.32904],[-99.242725,19.329],[-99.242759,19.328967],[-99.24279,19.328934],[-99.242821,19.328912],[-99.242824,19.328858],[-99.242813,19.328825],[-99.242779,19.328793]]]]}},{"type":"Feature","properties":{"area":"La Loma","zona":"Zona de Restauracion Ecologica","zona_k":"restauracion ecologica","ha":0.79},"geometry":{"type":"MultiPolygon","coordinates":[[[[-99.242267,19.329396],[-99.242383,19.329152],[-99.242232,19.329103],[-99.242307,19.32892],[-99.241206,19.328441],[-99.241206,19.328441],[-99.241231,19.328394],[-99.241293,19.328343],[-99.241345,19.328309],[-99.241355,19.328317],[-99.241359,19.328336],[-99.241355,19.328354],[-99.241353,19.328384],[-99.241353,19.328384],[-99.241353,19.328384],[-99.24139,19.328368],[-99.241428,19.328357],[-99.241461,19.328333],[-99.241507,19.328313],[-99.24157,19.328289],[-99.241607,19.328285],[-99.241653,19.328293],[-99.241653,19.328293],[-99.241653,19.328293],[-99.241707,19.328277],[-99.241736,19.328261],[-99.24179,19.328234],[-99.241844,19.328226],[-99.241907,19.328206],[-99.241961,19.328202],[-99.242007,19.32817],[-99.242057,19.32817],[-99.242082,19.328174],[-99.242107,19.328194],[-99.242098,19.328221],[-99.242079,19.328256],[-99.242056,19.328267],[-99.242021,19.328275],[-99.241939,19.328297],[-99.241893,19.328319],[-99.241893,19.328336],[-99.241928,19.328352],[-99.241974,19.328358],[-99.242038,19.328369],[-99.242108,19.328402],[-99.242132,19.328413],[-99.24212,19.32844],[-99.24205,19.328451],[-99.242021,19.328468],[-99.242021,19.328496],[-99.242015,19.328534],[-99.241969,19.328573],[-99.241922,19.32859],[-99.241899,19.328634],[-99.241928,19.32865],[-99.241975,19.328661],[-99.241975,19.328661],[-99.241975,19.328661],[-99.242028,19.328645],[-99.242039,19.328634],[-99.242097,19.328622],[-99.242185,19.328611],[-99.242248,19.328617],[-99.24233,19.328628],[-99.242371,19.328655],[-99.242441,19.328666],[-99.242499,19.328672],[-99.242499,19.328672],[-99.242499,19.328672],[-99.242575,19.328649],[-99.242621,19.328633],[-99.242668,19.328638],[-99.24272,19.328649],[-99.24272,19.328682],[-99.24272,19.328704],[-99.242714,19.328749],[-99.242743,19.328787],[-99.242778,19.328793],[-99.242813,19.328825],[-99.242824,19.328858],[-99.24282,19.328912],[-99.24279,19.328934],[-99.242759,19.328967],[-99.242725,19.329],[-99.242709,19.32904],[-99.24269,19.329084],[-99.242702,19.329138],[-99.242706,19.329193],[-99.24271,19.329251],[-99.24271,19.329276],[-99.242702,19.329298],[-99.242694,19.329327],[-99.242679,19.329349],[-99.242648,19.329382],[-99.242641,19.329404],[-99.242637,19.32944],[-99.242645,19.329491],[-99.242649,19.329517],[-99.242632,19.329545],[-99.242443,19.329469],[-99.242267,19.329396]]]]}},{"type":"Feature","properties":{"area":"La Loma","zona":"Zona de Proteccion Estricta","zona_k":"proteccion estricta","ha":0.55},"geometry":{"type":"MultiPolygon","coordinates":[[[[-99.243045,19.328214],[-99.243024,19.328208],[-99.243007,19.328177],[-99.242999,19.328129],[-99.24299,19.328098],[-99.242974,19.32807],[-99.242936,19.32807],[-99.242878,19.32807],[-99.242823,19.328058],[-99.242786,19.328039],[-99.242744,19.328011],[-99.242686,19.32798],[-99.242657,19.327952],[-99.242632,19.327932],[-99.242602,19.327912],[-99.242582,19.327893],[-99.242556,19.327837],[-99.242552,19.327802],[-99.24254,19.327778],[-99.242527,19.327758],[-99.242502,19.327739],[-99.242494,19.327719],[-99.242457,19.3277],[-99.242411,19.327678],[-99.242401,19.327664],[-99.242387,19.32762],[-99.242392,19.327593],[-99.242392,19.327562],[-99.242387,19.327518],[-99.242378,19.3275],[-99.242345,19.327487],[-99.242298,19.3275],[-99.242247,19.327496],[-99.2422,19.327461],[-99.242158,19.327412],[-99.24213,19.327381],[-99.242092,19.327363],[-99.242074,19.327332],[-99.242074,19.327306],[-99.242064,19.327239],[-99.242059,19.32719],[-99.242045,19.327173],[-99.241984,19.327101],[-99.24197,19.327043],[-99.241942,19.32699],[-99.241942,19.326941],[-99.241932,19.326906],[-99.241904,19.326884],[-99.241876,19.326851],[-99.241862,19.326803],[-99.241829,19.326772],[-99.24181,19.32675],[-99.241787,19.326723],[-99.241759,19.326692],[-99.24174,19.326657],[-99.241707,19.326626],[-99.241689,19.326608],[-99.241665,19.326559],[-99.241684,19.326497],[-99.241684,19.326466],[-99.241684,19.326444],[-99.241637,19.326413],[-99.241614,19.3264],[-99.241604,19.326364],[-99.241604,19.326338],[-99.24159,19.326311],[-99.241576,19.326276],[-99.241581,19.326231],[-99.241595,19.326196],[-99.241609,19.326174],[-99.241637,19.326143],[-99.24167,19.326112],[-99.241675,19.326118],[-99.241702,19.326164],[-99.241754,19.326224],[-99.241794,19.326304],[-99.241801,19.326323],[-99.241813,19.326344],[-99.241826,19.326366],[-99.24184,19.326388],[-99.241876,19.326467],[-99.241882,19.32648],[-99.241896,19.326588],[-99.24197,19.326666],[-99.241988,19.326743],[-99.242033,19.326913],[-99.242077,19.326989],[-99.242175,19.327],[-99.242209,19.327048],[-99.242253,19.32708],[-99.242306,19.327162],[-99.242397,19.327136],[-99.242414,19.327182],[-99.242426,19.327179],[-99.242459,19.327261],[-99.242474,19.327283],[-99.242518,19.327371],[-99.242549,19.327441],[-99.242564,19.327473],[-99.242596,19.327554],[-99.24264,19.327601],[-99.242673,19.327675],[-99.242696,19.327756],[-99.242723,19.327791],[-99.24276,19.327826],[-99.242863,19.327908],[-99.2429,19.32794],[-99.242905,19.327945],[-99.242921,19.327952],[-99.242955,19.327978],[-99.243007,19.328015],[-99.243047,19.328068],[-99.243136,19.328146],[-99.243173,19.328222],[-99.243148,19.328225],[-99.243122,19.328225],[-99.243094,19.328233],[-99.243065,19.328222],[-99.243045,19.328214]]]]}},{"type":"Feature","properties":{"area":"La Loma","zona":"Zona de Uso Publico Intensivo","zona_k":"uso publico intensivo","ha":0.35},"geometry":{"type":"MultiPolygon","coordinates":[[[[-99.240232,19.328431],[-99.240182,19.328413],[-99.240157,19.328401],[-99.240008,19.328378],[-99.239684,19.328319],[-99.239703,19.328278],[-99.23974,19.328272],[-99.239759,19.328243],[-99.239753,19.328195],[-99.239728,19.328166],[-99.23969,19.328148],[-99.239666,19.328137],[-99.239684,19.328036],[-99.239709,19.327995],[-99.23974,19.327977],[-99.239765,19.327948],[-99.239808,19.327953],[-99.239908,19.327953],[-99.239964,19.327965],[-99.239951,19.327983],[-99.239945,19.328018],[-99.239989,19.328018],[-99.24002,19.328018],[-99.24007,19.327983],[-99.240063,19.327965],[-99.240045,19.327953],[-99.240063,19.327929],[-99.240343,19.328006],[-99.240328,19.328044],[-99.240306,19.328094],[-99.240381,19.328112],[-99.24053,19.3281],[-99.240481,19.3282],[-99.240499,19.32823],[-99.240475,19.328307],[-99.24045,19.328342],[-99.240412,19.328407],[-99.240394,19.328472],[-99.240359,19.328465],[-99.240333,19.328456],[-99.240294,19.328446],[-99.240273,19.328439],[-99.240232,19.328431]]]]}},{"type":"Feature","properties":{"area":"La Loma","zona":"Zona de Restauracion Ecologica","zona_k":"restauracion ecologica","ha":0.28},"geometry":{"type":"MultiPolygon","coordinates":[[[[-99.240771,19.329753],[-99.240771,19.329718],[-99.240774,19.329698],[-99.240762,19.329683],[-99.240737,19.329683],[-99.240707,19.329678],[-99.240701,19.329654],[-99.240679,19.329614],[-99.240684,19.329572],[-99.240689,19.329544],[-99.240669,19.329535],[-99.240635,19.32953],[-99.240625,19.329511],[-99.2406,19.329484],[-99.240576,19.329447],[-99.240527,19.329447],[-99.240503,19.329447],[-99.240498,19.329405],[-99.240532,19.329382],[-99.240576,19.329368],[-99.240586,19.329354],[-99.24059,19.329321],[-99.240571,19.329279],[-99.240546,19.329266],[-99.240507,19.32927],[-99.240434,19.32928],[-99.24039,19.329298],[-99.240375,19.329322],[-99.240351,19.32934],[-99.240331,19.32934],[-99.240321,19.329322],[-99.240326,19.329284],[-99.240297,19.329266],[-99.240267,19.329261],[-99.240218,19.329247],[-99.240184,19.329215],[-99.24014,19.32921],[-99.240086,19.329229],[-99.240067,19.329238],[-99.240018,19.329248],[-99.239983,19.329234],[-99.239974,19.329206],[-99.239925,19.329201],[-99.239876,19.329201],[-99.239864,19.329195],[-99.239851,19.329188],[-99.239822,19.329164],[-99.239812,19.329151],[-99.239817,19.329127],[-99.239856,19.329132],[-99.2399,19.32915],[-99.239939,19.329155],[-99.239959,19.329141],[-99.239983,19.329122],[-99.239993,19.329085],[-99.239998,19.329071],[-99.240022,19.329039],[-99.240042,19.32902],[-99.240076,19.328992],[-99.240078,19.329019],[-99.240129,19.329032],[-99.240184,19.329048],[-99.240246,19.329067],[-99.240295,19.329092],[-99.240352,19.329111],[-99.240396,19.329133],[-99.240414,19.329173],[-99.240461,19.329212],[-99.240521,19.32924],[-99.240586,19.329246],[-99.240651,19.329217],[-99.240692,19.329178],[-99.24075,19.329161],[-99.240752,19.329167],[-99.240723,19.329223],[-99.240764,19.32925],[-99.240758,19.329283],[-99.240764,19.329328],[-99.240811,19.329361],[-99.240898,19.329405],[-99.24105,19.329465],[-99.241085,19.329482],[-99.241067,19.329509],[-99.241038,19.329565],[-99.241027,19.329609],[-99.240992,19.329659],[-99.240974,19.329659],[-99.240945,19.32962],[-99.240893,19.329603],[-99.24084,19.32962],[-99.240823,19.329659],[-99.240823,19.329686],[-99.240846,19.329703],[-99.240864,19.329719],[-99.240887,19.329747],[-99.240876,19.329764],[-99.240841,19.329764],[-99.240829,19.329736],[-99.240771,19.329753]]]]}},{"type":"Feature","properties":{"area":"La Loma","zona":"Zona de Restauracion Ecologica","zona_k":"restauracion ecologica","ha":0.56},"geometry":{"type":"MultiPolygon","coordinates":[[[[-99.239864,19.329195],[-99.239876,19.329201],[-99.239925,19.329201],[-99.239974,19.329206],[-99.239983,19.329234],[-99.240018,19.329248],[-99.240067,19.329238],[-99.240086,19.329229],[-99.24014,19.32921],[-99.240184,19.329215],[-99.240218,19.329247],[-99.240267,19.329261],[-99.240297,19.329266],[-99.240326,19.329284],[-99.240321,19.329322],[-99.240331,19.32934],[-99.240351,19.32934],[-99.240375,19.329322],[-99.24039,19.329298],[-99.240434,19.32928],[-99.240507,19.32927],[-99.240546,19.329266],[-99.240571,19.329279],[-99.24059,19.329321],[-99.240586,19.329354],[-99.240576,19.329368],[-99.240532,19.329382],[-99.240498,19.329405],[-99.240503,19.329447],[-99.240527,19.329447],[-99.240576,19.329447],[-99.2406,19.329484],[-99.240625,19.329511],[-99.240635,19.32953],[-99.240669,19.329535],[-99.240689,19.329544],[-99.240684,19.329572],[-99.240679,19.329614],[-99.240701,19.329654],[-99.240707,19.329678],[-99.24065,19.329712],[-99.240623,19.329706],[-99.240583,19.329693],[-99.240583,19.329642],[-99.240569,19.329598],[-99.240543,19.329579],[-99.240489,19.329566],[-99.240462,19.329585],[-99.240409,19.329604],[-99.240395,19.329617],[-99.240362,19.32963],[-99.240335,19.329668],[-99.240355,19.329694],[-99.240362,19.329713],[-99.240348,19.329751],[-99.240328,19.329763],[-99.240288,19.329764],[-99.240261,19.329757],[-99.240234,19.329738],[-99.240214,19.329706],[-99.240194,19.329675],[-99.240147,19.329681],[-99.240094,19.329713],[-99.24004,19.329713],[-99.24,19.329681],[-99.23998,19.329656],[-99.239919,19.329662],[-99.239879,19.329681],[-99.239866,19.329701],[-99.239852,19.329726],[-99.239832,19.32977],[-99.239832,19.329809],[-99.239852,19.329821],[-99.239853,19.329847],[-99.239846,19.329872],[-99.239799,19.329879],[-99.239772,19.329866],[-99.239759,19.329834],[-99.239739,19.329821],[-99.239705,19.329815],[-99.239665,19.329841],[-99.239658,19.329904],[-99.239652,19.329936],[-99.239665,19.329955],[-99.239719,19.329961],[-99.239745,19.329987],[-99.239752,19.330006],[-99.239739,19.330044],[-99.239725,19.330069],[-99.239699,19.330082],[-99.239665,19.330076],[-99.239625,19.330076],[-99.239598,19.330101],[-99.239565,19.330133],[-99.239565,19.330159],[-99.239571,19.330184],[-99.239551,19.330203],[-99.239518,19.330203],[-99.239471,19.330203],[-99.239431,19.330197],[-99.239411,19.330159],[-99.239417,19.33014],[-99.239451,19.330114],[-99.239477,19.330082],[-99.23952,19.330061],[-99.239525,19.330035],[-99.239516,19.330012],[-99.239497,19.329994],[-99.23945,19.329995],[-99.239421,19.329995],[-99.239398,19.329981],[-99.239403,19.329941],[-99.239425,19.329909],[-99.239441,19.329879],[-99.239457,19.329854],[-99.239483,19.329819],[-99.239494,19.329814],[-99.23952,19.329794],[-99.23953,19.329764],[-99.239515,19.329739],[-99.239504,19.329719],[-99.239514,19.329679],[-99.239546,19.329664],[-99.239583,19.329654],[-99.239615,19.329659],[-99.239662,19.329664],[-99.239699,19.329664],[-99.239715,19.329634],[-99.239752,19.329619],[-99.239778,19.329579],[-99.239783,19.329554],[-99.239773,19.329519],[-99.239778,19.329474],[-99.239788,19.329449],[-99.239815,19.329419],[-99.239825,19.329379],[-99.239857,19.329359],[-99.239873,19.329349],[-99.239878,19.329329],[-99.239862,19.329314],[-99.239841,19.329309],[-99.239825,19.329289],[-99.23982,19.329269],[-99.239825,19.329244],[-99.239864,19.329195]]]]}},{"type":"Feature","properties":{"area":"La Loma","zona":"Zona de Restauracion Ecologica","zona_k":"restauracion ecologica","ha":1.32},"geometry":{"type":"MultiPolygon","coordinates":[[[[-99.2376,19.330404],[-99.237582,19.330359],[-99.237531,19.330306],[-99.237445,19.330264],[-99.237447,19.330214],[-99.237453,19.330205],[-99.237469,19.33016],[-99.237489,19.330131],[-99.237531,19.330111],[-99.237562,19.330086],[-99.237593,19.330052],[-99.237629,19.330017],[-99.237686,19.329963],[-99.237728,19.329933],[-99.237764,19.329884],[-99.237811,19.32985],[-99.237826,19.329825],[-99.237857,19.3298],[-99.237883,19.32979],[-99.237925,19.329795],[-99.237935,19.32981],[-99.237956,19.329825],[-99.237992,19.32982],[-99.238044,19.329815],[-99.23807,19.32979],[-99.238075,19.329756],[-99.238081,19.329736],[-99.238091,19.329731],[-99.238091,19.329716],[-99.238075,19.329697],[-99.238065,19.329682],[-99.238075,19.329647],[-99.238112,19.329642],[-99.238143,19.329623],[-99.238158,19.329598],[-99.238179,19.329578],[-99.238205,19.329573],[-99.238236,19.329568],[-99.238252,19.329544],[-99.238257,19.329528],[-99.238257,19.329489],[-99.238231,19.329469],[-99.238189,19.329454],[-99.238184,19.32943],[-99.238189,19.32939],[-99.238205,19.329366],[-99.238272,19.329365],[-99.238314,19.329341],[-99.238366,19.329326],[-99.238418,19.329306],[-99.238459,19.329277],[-99.238495,19.329257],[-99.238558,19.329237],[-99.238589,19.329227],[-99.238635,19.329212],[-99.238687,19.329212],[-99.238755,19.329212],[-99.238796,19.329212],[-99.238859,19.329207],[-99.23889,19.329197],[-99.238921,19.329178],[-99.238921,19.329143],[-99.238931,19.329123],[-99.238926,19.329099],[-99.238947,19.32904],[-99.238967,19.329],[-99.239009,19.328966],[-99.23903,19.328931],[-99.23903,19.328912],[-99.239055,19.328902],[-99.239087,19.328872],[-99.239102,19.328852],[-99.239112,19.328813],[-99.239112,19.328774],[-99.239112,19.328764],[-99.239092,19.328764],[-99.239071,19.328774],[-99.239055,19.328793],[-99.239019,19.328813],[-99.238993,19.328823],[-99.238967,19.328823],[-99.238952,19.328813],[-99.238951,19.328784],[-99.238962,19.328764],[-99.238998,19.328724],[-99.239024,19.3287],[-99.23906,19.32869],[-99.239123,19.32866],[-99.239164,19.32866],[-99.2392,19.328641],[-99.239206,19.328616],[-99.239216,19.328601],[-99.239257,19.328562],[-99.239304,19.328522],[-99.23934,19.328517],[-99.239361,19.328498],[-99.239403,19.328497],[-99.239413,19.328473],[-99.239418,19.328448],[-99.239454,19.328433],[-99.239512,19.328428],[-99.239532,19.328404],[-99.239569,19.328389],[-99.239595,19.328394],[-99.239646,19.328379],[-99.239662,19.328354],[-99.239684,19.328319],[-99.240008,19.328378],[-99.240157,19.328401],[-99.240182,19.328413],[-99.240232,19.328431],[-99.240245,19.32846],[-99.240232,19.328472],[-99.240182,19.328478],[-99.24012,19.328484],[-99.240083,19.328484],[-99.240077,19.328466],[-99.240089,19.328443],[-99.240083,19.328419],[-99.240052,19.328431],[-99.240052,19.328443],[-99.240021,19.328466],[-99.239983,19.328455],[-99.239946,19.328455],[-99.23989,19.328443],[-99.239846,19.328431],[-99.239803,19.32842],[-99.239759,19.32842],[-99.239709,19.328431],[-99.239678,19.328455],[-99.239635,19.328733],[-99.239758,19.328759],[-99.239729,19.328813],[-99.239724,19.328857],[-99.239729,19.328879],[-99.239706,19.32891],[-99.239692,19.328945],[-99.239655,19.328963],[-99.239613,19.328989],[-99.239581,19.329015],[-99.239562,19.329042],[-99.239539,19.329037],[-99.239511,19.329037],[-99.239493,19.329068],[-99.239465,19.329068],[-99.239428,19.329068],[-99.239405,19.329055],[-99.239386,19.329033],[-99.239354,19.329024],[-99.239312,19.329042],[-99.239289,19.329077],[-99.23928,19.329108],[-99.239276,19.329139],[-99.239248,19.329174],[-99.239211,19.329191],[-99.239178,19.329205],[-99.239128,19.329222],[-99.239091,19.329231],[-99.23904,19.329244],[-99.239017,19.329257],[-99.238998,19.329279],[-99.238989,19.329323],[-99.238994,19.329354],[-99.238994,19.329389],[-99.23897,19.329424],[-99.238952,19.329446],[-99.238924,19.329464],[-99.238896,19.329468],[-99.238878,19.32949],[-99.238864,19.329521],[-99.238855,19.329539],[-99.238836,19.329565],[-99.238799,19.329583],[-99.238762,19.329627],[-99.238739,19.329662],[-99.23873,19.329689],[-99.238721,19.329728],[-99.238716,19.329746],[-99.238697,19.329772],[-99.238693,19.329777],[-99.23867,19.329772],[-99.238651,19.329759],[-99.238637,19.329763],[-99.238619,19.329777],[-99.2386,19.329803],[-99.238558,19.329812],[-99.23853,19.329856],[-99.238526,19.329878],[-99.238503,19.329891],[-99.238475,19.329896],[-99.238429,19.3299],[-99.238382,19.329909],[-99.238355,19.329909],[-99.238341,19.329896],[-99.238331,19.329874],[-99.238327,19.329843],[-99.238313,19.32983],[-99.23829,19.32983],[-99.238243,19.329843],[-99.238234,19.329861],[-99.23822,19.329909],[-99.23822,19.329953],[-99.238197,19.329988],[-99.238193,19.330019],[-99.238174,19.330045],[-99.238147,19.330094],[-99.238118,19.330135],[-99.238086,19.330159],[-99.238071,19.330189],[-99.238086,19.330228],[-99.238128,19.330258],[-99.238128,19.330317],[-99.238123,19.330346],[-99.238118,19.330376],[-99.238123,19.330406],[-99.238113,19.330435],[-99.238097,19.330455],[-99.238076,19.330455],[-99.238056,19.33045],[-99.238035,19.330401],[-99.238035,19.330381],[-99.23804,19.330356],[-99.23805,19.330327],[-99.238061,19.330292],[-99.238045,19.330263],[-99.23804,19.330243],[-99.238019,19.330238],[-99.238014,19.330214],[-99.237977,19.330209],[-99.237952,19.330229],[-99.237936,19.330248],[-99.237915,19.330248],[-99.2379,19.330258],[-99.237889,19.330278],[-99.237874,19.330288],[-99.237848,19.330288],[-99.237811,19.330303],[-99.237786,19.330327],[-99.237765,19.330367],[-99.237739,19.330386],[-99.237708,19.330401],[-99.237671,19.330401],[-99.237609,19.330401],[-99.2376,19.330404]]]]}},{"type":"Feature","properties":{"area":"La Loma","zona":"Zona de Proteccion Estricta","zona_k":"proteccion estricta","ha":4.71},"geometry":{"type":"MultiPolygon","coordinates":[[[[-99.237709,19.331266],[-99.237714,19.331212],[-99.237711,19.331157],[-99.237724,19.331092],[-99.237752,19.330994],[-99.237776,19.330886],[-99.237817,19.330776],[-99.237841,19.330681],[-99.237851,19.330586],[-99.237813,19.330521],[-99.237765,19.330502],[-99.237682,19.330479],[-99.237607,19.33042],[-99.2376,19.330404],[-99.237609,19.330401],[-99.237671,19.330401],[-99.237708,19.330401],[-99.237739,19.330386],[-99.237765,19.330367],[-99.237786,19.330327],[-99.237811,19.330303],[-99.237848,19.330288],[-99.237874,19.330288],[-99.237889,19.330278],[-99.2379,19.330258],[-99.237915,19.330248],[-99.237936,19.330248],[-99.237952,19.330229],[-99.237977,19.330209],[-99.238014,19.330214],[-99.238019,19.330238],[-99.23804,19.330243],[-99.238045,19.330263],[-99.238061,19.330292],[-99.23805,19.330327],[-99.23804,19.330356],[-99.238035,19.330381],[-99.238035,19.330401],[-99.238056,19.33045],[-99.238076,19.330455],[-99.238097,19.330455],[-99.238113,19.330435],[-99.238123,19.330406],[-99.238118,19.330376],[-99.238123,19.330346],[-99.238128,19.330317],[-99.238128,19.330258],[-99.238086,19.330228],[-99.238071,19.330189],[-99.238086,19.330159],[-99.238118,19.330135],[-99.238147,19.330094],[-99.238174,19.330045],[-99.238193,19.330019],[-99.238197,19.329988],[-99.23822,19.329953],[-99.23822,19.329909],[-99.238234,19.329861],[-99.238243,19.329843],[-99.23829,19.32983],[-99.238313,19.32983],[-99.238327,19.329843],[-99.238331,19.329874],[-99.238341,19.329896],[-99.238355,19.329909],[-99.238382,19.329909],[-99.238429,19.3299],[-99.238475,19.329896],[-99.238503,19.329891],[-99.238526,19.329878],[-99.23853,19.329856],[-99.238558,19.329812],[-99.2386,19.329803],[-99.238619,19.329777],[-99.238637,19.329763],[-99.238651,19.329759],[-99.23867,19.329772],[-99.238693,19.329777],[-99.238694,19.329777],[-99.238697,19.329772],[-99.238716,19.329746],[-99.238721,19.329728],[-99.23873,19.329689],[-99.238739,19.329662],[-99.238762,19.329627],[-99.238799,19.329583],[-99.238836,19.329565],[-99.238855,19.329539],[-99.238864,19.329521],[-99.238878,19.32949],[-99.238896,19.329468],[-99.238924,19.329464],[-99.238952,19.329446],[-99.23897,19.329424],[-99.238994,19.329389],[-99.238994,19.329354],[-99.238989,19.329323],[-99.238998,19.329279],[-99.239017,19.329257],[-99.23904,19.329244],[-99.239091,19.329231],[-99.239128,19.329222],[-99.239178,19.329205],[-99.239211,19.329191],[-99.239248,19.329174],[-99.239276,19.329139],[-99.23928,19.329108],[-99.239289,19.329077],[-99.239312,19.329042],[-99.239354,19.329024],[-99.239386,19.329033],[-99.239405,19.329055],[-99.239428,19.329068],[-99.239465,19.329068],[-99.239493,19.329068],[-99.239511,19.329037],[-99.239539,19.329037],[-99.239562,19.329042],[-99.239581,19.329015],[-99.239613,19.328989],[-99.239655,19.328963],[-99.239692,19.328945],[-99.239706,19.32891],[-99.239729,19.328879],[-99.239724,19.328857],[-99.239729,19.328813],[-99.239758,19.328759],[-99.240341,19.328887],[-99.240326,19.328913],[-99.240282,19.328918],[-99.240218,19.328923],[-99.240149,19.328941],[-99.240101,19.328955],[-99.240076,19.328992],[-99.240042,19.32902],[-99.240022,19.329039],[-99.239998,19.329071],[-99.239993,19.329085],[-99.239983,19.329122],[-99.239959,19.329141],[-99.239939,19.329155],[-99.2399,19.32915],[-99.239856,19.329132],[-99.239817,19.329127],[-99.239812,19.329151],[-99.239822,19.329164],[-99.239851,19.329188],[-99.239864,19.329195],[-99.239825,19.329244],[-99.23982,19.329269],[-99.239825,19.329289],[-99.239841,19.329309],[-99.239862,19.329314],[-99.239878,19.329329],[-99.239873,19.329349],[-99.239857,19.329359],[-99.239825,19.329379],[-99.239815,19.329419],[-99.239788,19.329449],[-99.239778,19.329474],[-99.239773,19.329519],[-99.239783,19.329554],[-99.239778,19.329579],[-99.239752,19.329619],[-99.239715,19.329634],[-99.239699,19.329664],[-99.239662,19.329664],[-99.239615,19.329659],[-99.239583,19.329654],[-99.239546,19.329664],[-99.239514,19.329679],[-99.239504,19.329719],[-99.239515,19.329739],[-99.23953,19.329764],[-99.23952,19.329794],[-99.239494,19.329814],[-99.239483,19.329819],[-99.239457,19.329854],[-99.239441,19.329879],[-99.239425,19.329909],[-99.239403,19.329941],[-99.239398,19.329981],[-99.239421,19.329995],[-99.23945,19.329995],[-99.239497,19.329994],[-99.239516,19.330012],[-99.239525,19.330035],[-99.23952,19.330061],[-99.239477,19.330082],[-99.239451,19.330114],[-99.239417,19.33014],[-99.239411,19.330159],[-99.239431,19.330197],[-99.239471,19.330203],[-99.239518,19.330203],[-99.239551,19.330203],[-99.239571,19.330184],[-99.239565,19.330159],[-99.239565,19.330133],[-99.239598,19.330101],[-99.239625,19.330076],[-99.239665,19.330076],[-99.239699,19.330082],[-99.239725,19.330069],[-99.239739,19.330044],[-99.239752,19.330006],[-99.239745,19.329987],[-99.239719,19.329961],[-99.239665,19.329955],[-99.239652,19.329936],[-99.239658,19.329904],[-99.239665,19.329841],[-99.239705,19.329815],[-99.239739,19.329821],[-99.239759,19.329834],[-99.239772,19.329866],[-99.239799,19.329879],[-99.239846,19.329872],[-99.239853,19.329847],[-99.239852,19.329821],[-99.239832,19.329809],[-99.239832,19.32977],[-99.239852,19.329726],[-99.239866,19.329701],[-99.239879,19.329681],[-99.239919,19.329662],[-99.23998,19.329656],[-99.24,19.329681],[-99.24004,19.329713],[-99.240094,19.329713],[-99.240147,19.329681],[-99.240194,19.329675],[-99.240214,19.329706],[-99.240234,19.329738],[-99.240261,19.329757],[-99.240288,19.329764],[-99.240328,19.329763],[-99.240348,19.329751],[-99.240362,19.329713],[-99.240355,19.329694],[-99.240335,19.329668],[-99.240362,19.32963],[-99.240395,19.329617],[-99.240409,19.329604],[-99.240462,19.329585],[-99.240489,19.329566],[-99.240543,19.329579],[-99.240569,19.329598],[-99.240583,19.329642],[-99.240583,19.329693],[-99.240623,19.329706],[-99.24065,19.329712],[-99.240707,19.329678],[-99.240737,19.329683],[-99.240762,19.329683],[-99.240774,19.329698],[-99.240771,19.329718],[-99.240771,19.329753],[-99.240765,19.329769],[-99.24073,19.329813],[-99.24073,19.329847],[-99.240742,19.329874],[-99.240777,19.329896],[-99.240783,19.329946],[-99.240759,19.329974],[-99.24073,19.330007],[-99.240736,19.330034],[-99.240765,19.330045],[-99.240806,19.330045],[-99.240841,19.330073],[-99.24087,19.330128],[-99.240853,19.330167],[-99.240835,19.330233],[-99.240865,19.330266],[-99.240865,19.330305],[-99.240911,19.330316],[-99.240987,19.330294],[-99.241004,19.330249],[-99.240993,19.330222],[-99.240963,19.330156],[-99.24101,19.330133],[-99.241045,19.330128],[-99.241062,19.330155],[-99.241092,19.330177],[-99.24115,19.330188],[-99.241196,19.330188],[-99.241231,19.330172],[-99.241243,19.330133],[-99.241284,19.330111],[-99.241337,19.330088],[-99.241401,19.330149],[-99.241513,19.330153],[-99.241591,19.330237],[-99.241592,19.330237],[-99.241639,19.330239],[-99.241712,19.330244],[-99.241812,19.330253],[-99.241823,19.330332],[-99.241823,19.330332],[-99.24185,19.330334],[-99.24185,19.330334],[-99.241851,19.330335],[-99.241888,19.330318],[-99.241925,19.330292],[-99.241987,19.330351],[-99.241961,19.330375],[-99.241976,19.330408],[-99.241977,19.330408],[-99.241977,19.330408],[-99.242024,19.330403],[-99.242037,19.330452],[-99.242123,19.330497],[-99.242187,19.330514],[-99.242249,19.330604],[-99.242344,19.330671],[-99.242432,19.330684],[-99.242432,19.330684],[-99.242433,19.330684],[-99.242646,19.330893],[-99.242647,19.330895],[-99.242766,19.330986],[-99.24282,19.331128],[-99.242973,19.331291],[-99.243016,19.331364],[-99.24305,19.33144],[-99.243195,19.331489],[-99.242859,19.33162],[-99.242474,19.331307],[-99.242272,19.330898],[-99.241591,19.330569],[-99.24084,19.330464],[-99.24084,19.330464],[-99.240839,19.330464],[-99.240429,19.330604],[-99.239991,19.330694],[-99.239866,19.330719],[-99.239386,19.330733],[-99.239109,19.33075],[-99.238999,19.330756],[-99.238446,19.330388],[-99.238101,19.330601],[-99.237881,19.331314],[-99.237709,19.331266]]]]}},{"type":"Feature","properties":{"area":"La Loma","zona":"Zona de Uso Público Extensivo","zona_k":"uso publico extensivo","ha":0.54},"geometry":{"type":"MultiPolygon","coordinates":[[[[-99.231643,19.331292],[-99.231643,19.331254],[-99.231647,19.331202],[-99.231647,19.331174],[-99.231652,19.331146],[-99.231667,19.331122],[-99.231702,19.331113],[-99.231732,19.331108],[-99.231776,19.331094],[-99.231826,19.331089],[-99.231876,19.331084],[-99.23193,19.331075],[-99.23198,19.331065],[-99.232032,19.331069],[-99.232039,19.33107],[-99.232119,19.331065],[-99.232193,19.331065],[-99.232273,19.331088],[-99.232322,19.331098],[-99.232367,19.331112],[-99.232412,19.33113],[-99.232466,19.331126],[-99.232516,19.331126],[-99.232561,19.331135],[-99.232635,19.331154],[-99.232685,19.331177],[-99.232764,19.331186],[-99.232819,19.331201],[-99.232864,19.331196],[-99.232888,19.331182],[-99.232908,19.331158],[-99.232948,19.331116],[-99.232968,19.331078],[-99.232973,19.331045],[-99.232963,19.331026],[-99.232933,19.331003],[-99.232933,19.33097],[-99.232958,19.33097],[-99.232973,19.330989],[-99.232982,19.331003],[-99.232992,19.331017],[-99.233032,19.330988],[-99.233077,19.330927],[-99.233116,19.330875],[-99.233151,19.330814],[-99.233191,19.330762],[-99.233255,19.330659],[-99.23329,19.330635],[-99.233329,19.330583],[-99.233385,19.330506],[-99.233409,19.330488],[-99.233439,19.33045],[-99.233464,19.330412],[-99.233484,19.330356],[-99.233498,19.330323],[-99.233518,19.330285],[-99.233528,19.330252],[-99.233563,19.330214],[-99.233578,19.330181],[-99.233597,19.330144],[-99.233632,19.330101],[-99.233677,19.330045],[-99.233706,19.330012],[-99.233731,19.329988],[-99.233756,19.329965],[-99.233786,19.329932],[-99.233825,19.329894],[-99.23385,19.32987],[-99.23389,19.329833],[-99.23392,19.3298],[-99.233935,19.329756],[-99.233955,19.329723],[-99.233999,19.329686],[-99.234029,19.329653],[-99.234074,19.329582],[-99.234118,19.329535],[-99.234174,19.3295],[-99.234198,19.329463],[-99.234223,19.329439],[-99.234268,19.329392],[-99.234293,19.329359],[-99.234317,19.329321],[-99.234342,19.329279],[-99.234372,19.329255],[-99.234387,19.329218],[-99.234431,19.329171],[-99.234461,19.329133],[-99.234496,19.329105],[-99.234525,19.329076],[-99.234535,19.329053],[-99.234535,19.32902],[-99.234555,19.328982],[-99.234595,19.328921],[-99.234634,19.328845],[-99.234684,19.328784],[-99.234743,19.328699],[-99.234798,19.328624],[-99.234832,19.328558],[-99.234862,19.328539],[-99.234892,19.328511],[-99.234937,19.328492],[-99.234981,19.328478],[-99.235056,19.328454],[-99.23509,19.328449],[-99.235125,19.328449],[-99.23518,19.32843],[-99.235214,19.328412],[-99.235254,19.328397],[-99.235274,19.328402],[-99.235274,19.328421],[-99.235269,19.328435],[-99.235254,19.328454],[-99.235234,19.328473],[-99.235234,19.328492],[-99.235249,19.328506],[-99.235259,19.32852],[-99.235279,19.32852],[-99.235304,19.32851],[-99.235329,19.328491],[-99.235378,19.328477],[-99.235413,19.328458],[-99.235483,19.328439],[-99.235517,19.328421],[-99.235567,19.32843],[-99.235612,19.328406],[-99.235653,19.328392],[-99.235698,19.328387],[-99.235747,19.328377],[-99.235772,19.328377],[-99.235812,19.328368],[-99.235876,19.328354],[-99.235906,19.32833],[-99.235926,19.328311],[-99.235926,19.328288],[-99.235926,19.328259],[-99.235931,19.328212],[-99.23595,19.328175],[-99.235975,19.328146],[-99.235995,19.328118],[-99.236005,19.328104],[-99.23602,19.32808],[-99.236025,19.328047],[-99.236015,19.328024],[-99.236,19.328005],[-99.23597,19.327977],[-99.23594,19.327944],[-99.23592,19.327925],[-99.235866,19.327897],[-99.235841,19.327878],[-99.235806,19.327878],[-99.235756,19.327892],[-99.235712,19.327925],[-99.235692,19.327902],[-99.235692,19.327874],[-99.235707,19.327864],[-99.235737,19.327845],[-99.235771,19.327841],[-99.235821,19.327831],[-99.23588,19.327836],[-99.23594,19.327855],[-99.235985,19.327869],[-99.236029,19.327902],[-99.236049,19.327963],[-99.236084,19.328],[-99.236119,19.32801],[-99.236164,19.328005],[-99.236229,19.327992],[-99.236233,19.327991],[-99.236303,19.327986],[-99.236337,19.327995],[-99.236362,19.328023],[-99.236392,19.328042],[-99.236383,19.328064],[-99.236381,19.328081],[-99.236331,19.328067],[-99.236306,19.328048],[-99.236266,19.328044],[-99.236243,19.328044],[-99.236222,19.328044],[-99.236187,19.328048],[-99.236142,19.328063],[-99.236103,19.328082],[-99.236073,19.328086],[-99.236053,19.32811],[-99.236043,19.328133],[-99.236043,19.328166],[-99.236038,19.32819],[-99.236013,19.328242],[-99.235994,19.32827],[-99.235969,19.328294],[-99.235959,19.328322],[-99.235974,19.328327],[-99.235999,19.328326],[-99.236028,19.328336],[-99.236053,19.328345],[-99.236098,19.328369],[-99.236118,19.328373],[-99.236157,19.32838],[-99.236173,19.328383],[-99.236217,19.328387],[-99.236247,19.328397],[-99.236272,19.328406],[-99.236292,19.328439],[-99.236307,19.328472],[-99.236322,19.328496],[-99.236361,19.328505],[-99.236391,19.328519],[-99.236416,19.328552],[-99.236426,19.328575],[-99.236441,19.328608],[-99.236456,19.328632],[-99.236441,19.328655],[-99.236401,19.328665],[-99.236381,19.328656],[-99.236376,19.328627],[-99.236361,19.328594],[-99.236347,19.328566],[-99.236317,19.328543],[-99.236287,19.328524],[-99.236272,19.3285],[-99.236277,19.328467],[-99.236247,19.328434],[-99.236217,19.328416],[-99.236163,19.328402],[-99.236098,19.328402],[-99.236048,19.328388],[-99.236019,19.328359],[-99.235974,19.328345],[-99.235929,19.32835],[-99.235909,19.328369],[-99.235885,19.328383],[-99.235815,19.328407],[-99.235771,19.328421],[-99.235706,19.32843],[-99.235656,19.328449],[-99.235602,19.328459],[-99.235562,19.328459],[-99.235503,19.328468],[-99.235463,19.328483],[-99.235408,19.328506],[-99.235359,19.32852],[-99.235309,19.328544],[-99.235274,19.328544],[-99.235225,19.328544],[-99.23521,19.328525],[-99.235205,19.328502],[-99.235185,19.328464],[-99.235155,19.328469],[-99.23514,19.328478],[-99.235086,19.328492],[-99.235041,19.328502],[-99.235006,19.328511],[-99.234971,19.328526],[-99.234927,19.328549],[-99.234887,19.328582],[-99.234862,19.328615],[-99.234838,19.328643],[-99.234813,19.328691],[-99.234818,19.328719],[-99.234848,19.328728],[-99.234863,19.32877],[-99.234902,19.328813],[-99.234962,19.328855],[-99.234992,19.328912],[-99.235032,19.328954],[-99.235066,19.328977],[-99.235136,19.32902],[-99.235171,19.329062],[-99.235196,19.3291],[-99.235245,19.329137],[-99.23528,19.329161],[-99.235315,19.329212],[-99.23534,19.329245],[-99.235335,19.329274],[-99.23532,19.329269],[-99.2353,19.329245],[-99.23529,19.329212],[-99.23526,19.329189],[-99.235211,19.329161],[-99.235181,19.329133],[-99.235146,19.32908],[-99.235076,19.329024],[-99.235027,19.328981],[-99.234977,19.32893],[-99.234912,19.328859],[-99.234853,19.328789],[-99.234823,19.328751],[-99.234783,19.328732],[-99.234763,19.328765],[-99.234743,19.328808],[-99.234714,19.328845],[-99.234669,19.328902],[-99.234625,19.328963],[-99.234605,19.329015],[-99.234589,19.329069],[-99.23457,19.329111],[-99.234535,19.329163],[-99.234505,19.329182],[-99.23448,19.32922],[-99.234456,19.329252],[-99.234436,19.329276],[-99.234416,19.329286],[-99.234396,19.329328],[-99.234376,19.329356],[-99.234362,19.32937],[-99.234317,19.329413],[-99.234302,19.329441],[-99.234257,19.329465],[-99.234228,19.329498],[-99.234203,19.329545],[-99.234153,19.329573],[-99.234129,19.329606],[-99.234089,19.329653],[-99.234044,19.329714],[-99.234025,19.329743],[-99.23399,19.329766],[-99.23396,19.329804],[-99.23393,19.329856],[-99.233891,19.329894],[-99.233841,19.329927],[-99.233811,19.329955],[-99.233777,19.329983],[-99.233766,19.329998],[-99.233732,19.330044],[-99.233692,19.330077],[-99.233658,19.330106],[-99.233623,19.330157],[-99.233593,19.330247],[-99.233534,19.330346],[-99.233494,19.330427],[-99.233474,19.330465],[-99.233454,19.330507],[-99.23344,19.33054],[-99.23341,19.330578],[-99.23341,19.33063],[-99.23341,19.330672],[-99.23342,19.33071],[-99.23345,19.330733],[-99.233504,19.330762],[-99.233564,19.33078],[-99.233612,19.330783],[-99.233638,19.330785],[-99.233708,19.33079],[-99.233772,19.330794],[-99.233837,19.330785],[-99.233911,19.330785],[-99.234016,19.330775],[-99.234095,19.330775],[-99.234175,19.33078],[-99.234279,19.330775],[-99.234353,19.330775],[-99.234482,19.33077],[-99.234562,19.330765],[-99.234616,19.33077],[-99.234631,19.330779],[-99.234631,19.330793],[-99.234597,19.330812],[-99.234547,19.330826],[-99.234517,19.330836],[-99.234487,19.330836],[-99.234423,19.330836],[-99.234319,19.330826],[-99.234224,19.330831],[-99.234085,19.330831],[-99.233981,19.330832],[-99.233887,19.330841],[-99.233822,19.330846],[-99.233738,19.330841],[-99.233673,19.330832],[-99.233609,19.330827],[-99.233529,19.330823],[-99.23348,19.330804],[-99.233425,19.330781],[-99.233389,19.330762],[-99.233354,19.330734],[-99.233339,19.330687],[-99.233354,19.330658],[-99.233344,19.330644],[-99.23332,19.330663],[-99.233305,19.330696],[-99.23327,19.330724],[-99.23324,19.330753],[-99.233215,19.330776],[-99.233196,19.330809],[-99.233161,19.330852],[-99.233136,19.330904],[-99.233111,19.330932],[-99.233082,19.330984],[-99.233042,19.331035],[-99.233007,19.331101],[-99.232978,19.331144],[-99.232948,19.331177],[-99.232968,19.331191],[-99.233008,19.331191],[-99.233018,19.331205],[-99.233008,19.331214],[-99.232978,19.331224],[-99.232938,19.331224],[-99.232903,19.331238],[-99.232859,19.331248],[-99.232824,19.331243],[-99.232809,19.331243],[-99.232754,19.331238],[-99.232715,19.331234],[-99.232685,19.33122],[-99.232635,19.33121],[-99.232581,19.331191],[-99.232526,19.331177],[-99.232462,19.331163],[-99.232407,19.331163],[-99.232372,19.331154],[-99.232332,19.331145],[-99.232273,19.331121],[-99.232208,19.331107],[-99.232164,19.331103],[-99.232089,19.331107],[-99.23203,19.331107],[-99.231945,19.331117],[-99.231896,19.331131],[-99.231876,19.331136],[-99.231826,19.331152],[-99.231816,19.331155],[-99.231767,19.331155],[-99.231727,19.331164],[-99.231707,19.331178],[-99.231697,19.331202],[-99.231692,19.331235],[-99.231677,19.331282],[-99.231668,19.33132],[-99.231643,19.33131],[-99.231643,19.331292]]]]}},{"type":"Feature","properties":{"area":"La Loma","zona":"Zona de Uso Público Extensivo","zona_k":"uso publico extensivo","ha":0.06},"geometry":{"type":"MultiPolygon","coordinates":[[[[-99.235005,19.330736],[-99.235062,19.330732],[-99.235154,19.330719],[-99.235207,19.330711],[-99.235255,19.330694],[-99.235347,19.330677],[-99.235395,19.330665],[-99.235417,19.330665],[-99.235408,19.330627],[-99.235377,19.330594],[-99.235373,19.330557],[-99.235364,19.33054],[-99.235351,19.330507],[-99.235351,19.330486],[-99.235346,19.330474],[-99.235324,19.330457],[-99.235307,19.330441],[-99.235316,19.330428],[-99.235302,19.330399],[-99.235294,19.330383],[-99.235285,19.330374],[-99.235307,19.330349],[-99.235329,19.330353],[-99.235342,19.330395],[-99.235342,19.330432],[-99.235368,19.330453],[-99.235381,19.330478],[-99.235381,19.330511],[-99.235386,19.330532],[-99.235399,19.330561],[-99.235408,19.330586],[-99.235425,19.330603],[-99.235443,19.33064],[-99.235465,19.330644],[-99.235517,19.330623],[-99.235548,19.33059],[-99.235592,19.330582],[-99.23564,19.330561],[-99.235684,19.330561],[-99.235727,19.330552],[-99.235802,19.330544],[-99.235854,19.330523],[-99.235929,19.330506],[-99.235981,19.330481],[-99.236064,19.330461],[-99.236148,19.330435],[-99.236239,19.330415],[-99.236296,19.33039],[-99.23638,19.330365],[-99.236441,19.330356],[-99.236511,19.33034],[-99.236549,19.330327],[-99.236524,19.330354],[-99.23651,19.330407],[-99.236525,19.330465],[-99.236509,19.330474],[-99.236502,19.330452],[-99.236475,19.330459],[-99.236447,19.330404],[-99.236467,19.330386],[-99.236505,19.330368],[-99.236494,19.330365],[-99.236455,19.330373],[-99.23639,19.330393],[-99.236321,19.330411],[-99.236261,19.330425],[-99.236176,19.330451],[-99.236104,19.330469],[-99.236008,19.330491],[-99.235961,19.330508],[-99.235939,19.330516],[-99.235855,19.330549],[-99.23579,19.330567],[-99.235741,19.330575],[-99.235687,19.330575],[-99.235641,19.330589],[-99.235619,19.3306],[-99.235573,19.330611],[-99.235546,19.330622],[-99.235495,19.330666],[-99.235453,19.330677],[-99.235381,19.330692],[-99.23532,19.330714],[-99.235255,19.330724],[-99.235194,19.330739],[-99.235136,19.33075],[-99.23509,19.330746],[-99.235056,19.330761],[-99.235029,19.330765],[-99.235001,19.330773],[-99.23497,19.330761],[-99.235005,19.330736]]]]}},{"type":"Feature","properties":{"area":"La Loma","zona":"Zona de Restauracion Ecologica","zona_k":"restauracion ecologica","ha":0.3},"geometry":{"type":"MultiPolygon","coordinates":[[[[-99.238595,19.328436],[-99.238632,19.328416],[-99.238702,19.328364],[-99.238746,19.328326],[-99.238791,19.328284],[-99.238821,19.328246],[-99.23886,19.328218],[-99.238882,19.328201],[-99.238892,19.328203],[-99.238932,19.328229],[-99.238986,19.328224],[-99.239043,19.328191],[-99.239083,19.328136],[-99.239123,19.328106],[-99.23915,19.328076],[-99.239186,19.328026],[-99.239178,19.328016],[-99.239227,19.327996],[-99.239287,19.327968],[-99.239337,19.327954],[-99.239401,19.327935],[-99.239461,19.32793],[-99.23951,19.327916],[-99.239585,19.327906],[-99.239654,19.327892],[-99.239704,19.327873],[-99.239748,19.327873],[-99.239808,19.327878],[-99.239897,19.327878],[-99.239967,19.327882],[-99.240036,19.327896],[-99.240063,19.327929],[-99.240045,19.327953],[-99.240063,19.327965],[-99.24007,19.327983],[-99.24002,19.328018],[-99.239989,19.328018],[-99.239945,19.328018],[-99.239951,19.327983],[-99.239964,19.327965],[-99.239908,19.327953],[-99.239808,19.327953],[-99.239765,19.327948],[-99.23974,19.327977],[-99.239709,19.327995],[-99.239684,19.328036],[-99.239666,19.328137],[-99.239597,19.328128],[-99.239542,19.328128],[-99.239491,19.328128],[-99.239474,19.328112],[-99.239449,19.3281],[-99.239402,19.328092],[-99.23936,19.328092],[-99.239334,19.328112],[-99.239322,19.328136],[-99.239296,19.328152],[-99.239292,19.328172],[-99.239292,19.328193],[-99.239279,19.328217],[-99.239275,19.328229],[-99.239246,19.328229],[-99.239237,19.328237],[-99.239203,19.328265],[-99.239174,19.328281],[-99.239152,19.328329],[-99.239144,19.328345],[-99.239152,19.328358],[-99.239153,19.328378],[-99.239127,19.328414],[-99.23911,19.328454],[-99.239098,19.328478],[-99.239076,19.328482],[-99.23903,19.328478],[-99.239013,19.32847],[-99.238962,19.328462],[-99.238903,19.328474],[-99.238843,19.328466],[-99.238839,19.328479],[-99.238809,19.328487],[-99.238784,19.328475],[-99.238771,19.328463],[-99.23875,19.328446],[-99.238725,19.328447],[-99.238691,19.328455],[-99.238669,19.328455],[-99.23864,19.328471],[-99.238619,19.328459],[-99.238595,19.328436]]]]}},{"type":"Feature","properties":{"area":"La Loma","zona":"Zona de Restauracion Ecologica","zona_k":"restauracion ecologica","ha":1.3},"geometry":{"type":"MultiPolygon","coordinates":[[[[-99.237601,19.326607],[-99.237614,19.326582],[-99.237628,19.326559],[-99.237653,19.326537],[-99.237704,19.326509],[-99.237718,19.326492],[-99.237751,19.326517],[-99.237778,19.326555],[-99.237771,19.326587],[-99.237771,19.326612],[-99.237784,19.326656],[-99.237818,19.326693],[-99.237871,19.3267],[-99.23791,19.326712],[-99.237977,19.326725],[-99.237983,19.32675],[-99.23797,19.326788],[-99.237957,19.326825],[-99.237924,19.326844],[-99.237897,19.326882],[-99.237878,19.326926],[-99.237858,19.326964],[-99.237805,19.327002],[-99.237785,19.327027],[-99.237772,19.327065],[-99.237785,19.327115],[-99.237825,19.327159],[-99.237898,19.327209],[-99.237898,19.327253],[-99.237918,19.327284],[-99.237951,19.32731],[-99.238017,19.327328],[-99.238064,19.327335],[-99.238077,19.327385],[-99.238084,19.32741],[-99.238137,19.327423],[-99.23819,19.327397],[-99.23819,19.327366],[-99.238183,19.327341],[-99.238203,19.327316],[-99.238223,19.327315],[-99.238249,19.327271],[-99.238236,19.327234],[-99.238236,19.32719],[-99.238256,19.327171],[-99.238289,19.32719],[-99.238342,19.327227],[-99.238369,19.327252],[-99.238369,19.327296],[-99.238382,19.327334],[-99.238442,19.327347],[-99.238475,19.327372],[-99.238495,19.327409],[-99.238528,19.327447],[-99.238561,19.327472],[-99.238594,19.327466],[-99.238634,19.327447],[-99.238667,19.327409],[-99.2387,19.327378],[-99.238714,19.327359],[-99.238747,19.327327],[-99.238806,19.327308],[-99.238859,19.327321],[-99.238919,19.327327],[-99.238992,19.32734],[-99.239025,19.327384],[-99.239052,19.327415],[-99.239085,19.327472],[-99.239085,19.327516],[-99.239072,19.32756],[-99.239065,19.327591],[-99.239092,19.32761],[-99.239118,19.327641],[-99.239172,19.327673],[-99.239238,19.327679],[-99.239264,19.327704],[-99.239238,19.327735],[-99.239192,19.327767],[-99.239172,19.327773],[-99.239132,19.327792],[-99.239059,19.327786],[-99.238979,19.327811],[-99.238907,19.327843],[-99.238873,19.327843],[-99.238834,19.327868],[-99.238807,19.327874],[-99.238781,19.3279],[-99.238787,19.327956],[-99.238787,19.327994],[-99.238794,19.328013],[-99.238821,19.328038],[-99.23883,19.328047],[-99.23883,19.328047],[-99.238767,19.328068],[-99.238732,19.328106],[-99.238741,19.328166],[-99.238785,19.328187],[-99.238816,19.328187],[-99.238802,19.328197],[-99.238781,19.328232],[-99.238741,19.328265],[-99.238697,19.328303],[-99.238637,19.328355],[-99.238583,19.328402],[-99.238528,19.328445],[-99.238523,19.328448],[-99.238483,19.328434],[-99.238462,19.328434],[-99.238447,19.328422],[-99.238431,19.328409],[-99.238434,19.328385],[-99.238454,19.32837],[-99.23848,19.328355],[-99.238491,19.328333],[-99.238466,19.328292],[-99.238453,19.328264],[-99.238465,19.328233],[-99.238486,19.328225],[-99.238499,19.328205],[-99.238486,19.328186],[-99.23847,19.328174],[-99.238432,19.328162],[-99.238391,19.32815],[-99.238324,19.328139],[-99.238283,19.328131],[-99.238237,19.328111],[-99.238229,19.328088],[-99.238233,19.32806],[-99.238233,19.328025],[-99.23822,19.328013],[-99.2382,19.328001],[-99.238158,19.327997],[-99.238129,19.327986],[-99.238096,19.327966],[-99.238118,19.327914],[-99.238111,19.327864],[-99.238105,19.327845],[-99.238065,19.327832],[-99.238005,19.32782],[-99.237952,19.32782],[-99.237906,19.327808],[-99.237879,19.327782],[-99.237866,19.327751],[-99.237872,19.327707],[-99.237872,19.327676],[-99.237859,19.327632],[-99.237766,19.327619],[-99.237733,19.327625],[-99.237673,19.327632],[-99.237686,19.327581],[-99.23772,19.327537],[-99.237713,19.327506],[-99.237686,19.327481],[-99.237647,19.327462],[-99.23758,19.327437],[-99.237567,19.327412],[-99.237573,19.327387],[-99.237587,19.327355],[-99.237593,19.327292],[-99.237586,19.327236],[-99.23756,19.327192],[-99.237533,19.327141],[-99.237507,19.32711],[-99.237487,19.327091],[-99.237474,19.327053],[-99.237454,19.327016],[-99.23748,19.326984],[-99.23752,19.32699],[-99.237546,19.327009],[-99.237586,19.327028],[-99.237646,19.327034],[-99.237672,19.327034],[-99.237692,19.327022],[-99.237685,19.326958],[-99.237712,19.326901],[-99.237718,19.326851],[-99.237685,19.326807],[-99.237672,19.326788],[-99.237652,19.326769],[-99.237625,19.326719],[-99.237638,19.326669],[-99.237638,19.326643],[-99.237605,19.326618],[-99.237601,19.326607]]]]}},{"type":"Feature","properties":{"area":"La Loma","zona":"Zona de Restauracion Ecologica","zona_k":"restauracion ecologica","ha":0.22},"geometry":{"type":"MultiPolygon","coordinates":[[[[-99.23696,19.328899],[-99.236999,19.328901],[-99.23704,19.328901],[-99.237063,19.328906],[-99.237086,19.328923],[-99.237126,19.328928],[-99.23715,19.328917],[-99.237179,19.328917],[-99.237202,19.328895],[-99.237231,19.32889],[-99.23726,19.328895],[-99.237288,19.328922],[-99.237306,19.328944],[-99.237323,19.328955],[-99.237352,19.328966],[-99.237387,19.32895],[-99.237398,19.328922],[-99.23741,19.3289],[-99.23741,19.328867],[-99.237421,19.328829],[-99.237421,19.328802],[-99.237456,19.328801],[-99.237485,19.328785],[-99.237497,19.328758],[-99.237485,19.328741],[-99.237491,19.328703],[-99.237508,19.328675],[-99.237525,19.328664],[-99.237537,19.328631],[-99.237537,19.328598],[-99.237554,19.328576],[-99.237589,19.328587],[-99.237629,19.32862],[-99.23767,19.328631],[-99.23771,19.328626],[-99.237751,19.328604],[-99.23778,19.328576],[-99.23782,19.328576],[-99.237861,19.328587],[-99.237867,19.328625],[-99.237867,19.32868],[-99.237867,19.328713],[-99.237873,19.32873],[-99.237896,19.328735],[-99.237929,19.328779],[-99.237913,19.328789],[-99.237878,19.328817],[-99.237829,19.32885],[-99.237799,19.328879],[-99.237779,19.328893],[-99.23774,19.328912],[-99.237695,19.328926],[-99.23767,19.328954],[-99.23764,19.328982],[-99.237596,19.328992],[-99.237566,19.329011],[-99.237536,19.329015],[-99.237527,19.32902],[-99.237525,19.329011],[-99.237472,19.328998],[-99.237449,19.329011],[-99.237425,19.329033],[-99.237372,19.329039],[-99.237335,19.329027],[-99.237295,19.32902],[-99.237262,19.32903],[-99.237228,19.329046],[-99.237218,19.329051],[-99.237179,19.329044],[-99.237109,19.32904],[-99.237065,19.329011],[-99.237035,19.328978],[-99.236995,19.328936],[-99.23696,19.328899]]]]}},{"type":"Feature","properties":{"area":"La Loma","zona":"Zona de Restauracion Ecologica","zona_k":"restauracion ecologica","ha":0.65},"geometry":{"type":"MultiPolygon","coordinates":[[[[-99.238244,19.326201],[-99.238224,19.326187],[-99.238202,19.326173],[-99.238217,19.326154],[-99.238237,19.326129],[-99.238258,19.326103],[-99.238276,19.32608],[-99.2383,19.326047],[-99.238314,19.326028],[-99.238333,19.326014],[-99.238341,19.326019],[-99.238412,19.326066],[-99.238492,19.32609],[-99.238524,19.326099],[-99.238638,19.32616],[-99.238716,19.326195],[-99.238789,19.326194],[-99.238899,19.326177],[-99.238959,19.326155],[-99.238959,19.326153],[-99.238977,19.326188],[-99.239,19.3262],[-99.239,19.32623],[-99.239014,19.326252],[-99.239045,19.326273],[-99.239081,19.326298],[-99.239095,19.326341],[-99.239099,19.326375],[-99.239122,19.326392],[-99.239158,19.326418],[-99.239221,19.326439],[-99.239257,19.326452],[-99.239284,19.326469],[-99.239284,19.326495],[-99.239284,19.326533],[-99.239293,19.326563],[-99.239311,19.326571],[-99.239338,19.326588],[-99.23937,19.32661],[-99.239392,19.326618],[-99.239392,19.326635],[-99.239388,19.326665],[-99.239383,19.326708],[-99.239383,19.326738],[-99.23937,19.326772],[-99.239361,19.326793],[-99.239329,19.326785],[-99.239302,19.326772],[-99.23928,19.326772],[-99.239266,19.326785],[-99.239253,19.326806],[-99.239244,19.326811],[-99.239226,19.326802],[-99.239226,19.326777],[-99.239221,19.326755],[-99.239203,19.326734],[-99.239163,19.326734],[-99.239136,19.32673],[-99.239118,19.326713],[-99.239095,19.326713],[-99.239082,19.326725],[-99.239059,19.32673],[-99.239019,19.326713],[-99.238987,19.3267],[-99.238978,19.3267],[-99.238947,19.326696],[-99.238929,19.326713],[-99.238924,19.32673],[-99.238938,19.326756],[-99.238942,19.326773],[-99.238956,19.326798],[-99.238978,19.326807],[-99.238992,19.326815],[-99.23901,19.326828],[-99.239014,19.326841],[-99.23901,19.326866],[-99.238992,19.326892],[-99.23896,19.326896],[-99.238933,19.326909],[-99.238893,19.326914],[-99.238866,19.326926],[-99.238843,19.326914],[-99.238839,19.326901],[-99.238821,19.326892],[-99.238789,19.326871],[-99.238758,19.326884],[-99.23874,19.326897],[-99.238713,19.32688],[-99.238677,19.32688],[-99.238654,19.326867],[-99.238636,19.326846],[-99.238618,19.326816],[-99.238618,19.326786],[-99.238609,19.326769],[-99.238582,19.32676],[-99.238551,19.326765],[-99.23851,19.326769],[-99.238479,19.326752],[-99.238456,19.326722],[-99.238447,19.326684],[-99.238433,19.326671],[-99.23842,19.326654],[-99.238415,19.326632],[-99.23842,19.326594],[-99.238424,19.32656],[-99.238433,19.326526],[-99.238424,19.326496],[-99.238411,19.326474],[-99.238393,19.326445],[-99.238383,19.326432],[-99.238374,19.326393],[-99.238361,19.326376],[-99.238343,19.326346],[-99.238329,19.326338],[-99.238316,19.326329],[-99.238307,19.326287],[-99.238316,19.326265],[-99.23832,19.32624],[-99.23832,19.32621],[-99.238307,19.326201],[-99.23828,19.326201],[-99.238244,19.326201]]]]}},{"type":"Feature","properties":{"area":"La Loma","zona":"Zona de Restauracion Ecologica","zona_k":"restauracion ecologica","ha":0.32},"geometry":{"type":"MultiPolygon","coordinates":[[[[-99.237963,19.325265],[-99.237949,19.325235],[-99.237931,19.325206],[-99.237945,19.32518],[-99.237976,19.32518],[-99.237999,19.325167],[-99.237981,19.325154],[-99.237931,19.325154],[-99.237904,19.325142],[-99.237886,19.325142],[-99.237843,19.325134],[-99.237802,19.32512],[-99.237752,19.325125],[-99.237717,19.325115],[-99.237636,19.325106],[-99.237605,19.32512],[-99.23757,19.325116],[-99.237525,19.325087],[-99.23751,19.325082],[-99.237494,19.325068],[-99.237464,19.325034],[-99.237474,19.325001],[-99.237469,19.324962],[-99.237484,19.324939],[-99.237494,19.324929],[-99.237524,19.324915],[-99.23754,19.324891],[-99.23758,19.324886],[-99.237646,19.3249],[-99.237696,19.32491],[-99.237762,19.324909],[-99.237812,19.3249],[-99.237827,19.324881],[-99.237863,19.324876],[-99.237898,19.324857],[-99.237908,19.324828],[-99.237918,19.324794],[-99.237948,19.324799],[-99.237989,19.324823],[-99.238044,19.324828],[-99.238105,19.324808],[-99.23817,19.324804],[-99.238226,19.324813],[-99.238266,19.324813],[-99.238312,19.324779],[-99.238333,19.324819],[-99.238356,19.324861],[-99.238406,19.324893],[-99.238448,19.324956],[-99.238433,19.324995],[-99.238403,19.325019],[-99.238378,19.325019],[-99.238347,19.325028],[-99.238287,19.325081],[-99.238282,19.3251],[-99.238257,19.325143],[-99.238247,19.325167],[-99.238222,19.325201],[-99.238196,19.32522],[-99.238161,19.325244],[-99.238085,19.325278],[-99.23806,19.325297],[-99.238035,19.325292],[-99.237999,19.325287],[-99.237963,19.325265]]]]}},{"type":"Feature","properties":{"area":"La Loma","zona":"Zona de Restauracion Ecologica","zona_k":"restauracion ecologica","ha":1.92},"geometry":{"type":"MultiPolygon","coordinates":[[[[-99.237718,19.326492],[-99.23774,19.326471],[-99.237776,19.326445],[-99.237789,19.326441],[-99.237816,19.326428],[-99.237834,19.326407],[-99.237848,19.326394],[-99.237852,19.326377],[-99.237879,19.326373],[-99.237902,19.32636],[-99.237929,19.326347],[-99.237974,19.326338],[-99.237987,19.326355],[-99.238005,19.326368],[-99.23801,19.326402],[-99.23801,19.326432],[-99.238005,19.326462],[-99.238041,19.326483],[-99.238068,19.326518],[-99.238069,19.326547],[-99.238073,19.326565],[-99.238091,19.326569],[-99.238127,19.326564],[-99.238132,19.326543],[-99.238132,19.326517],[-99.238154,19.326492],[-99.238154,19.32647],[-99.238154,19.326445],[-99.238163,19.326411],[-99.238145,19.326385],[-99.238149,19.326351],[-99.238154,19.326312],[-99.238167,19.326291],[-99.238185,19.32627],[-99.23819,19.326257],[-99.238203,19.32624],[-99.238226,19.32621],[-99.238244,19.326201],[-99.23828,19.326201],[-99.238307,19.326201],[-99.23832,19.32621],[-99.23832,19.32624],[-99.238316,19.326265],[-99.238307,19.326287],[-99.238316,19.326329],[-99.238329,19.326338],[-99.238343,19.326346],[-99.238361,19.326376],[-99.238374,19.326393],[-99.238383,19.326432],[-99.238393,19.326445],[-99.238411,19.326474],[-99.238424,19.326496],[-99.238433,19.326526],[-99.238424,19.32656],[-99.23842,19.326594],[-99.238415,19.326632],[-99.23842,19.326654],[-99.238433,19.326671],[-99.238447,19.326684],[-99.238456,19.326722],[-99.238479,19.326752],[-99.23851,19.326769],[-99.238551,19.326765],[-99.238582,19.32676],[-99.238609,19.326769],[-99.238618,19.326786],[-99.238618,19.326816],[-99.238636,19.326846],[-99.238654,19.326867],[-99.238677,19.32688],[-99.238713,19.32688],[-99.23874,19.326897],[-99.238758,19.326884],[-99.238789,19.326871],[-99.238821,19.326892],[-99.238839,19.326901],[-99.238843,19.326914],[-99.238866,19.326926],[-99.238893,19.326914],[-99.238933,19.326909],[-99.23896,19.326896],[-99.238992,19.326892],[-99.23901,19.326866],[-99.239014,19.326841],[-99.23901,19.326828],[-99.238992,19.326815],[-99.238978,19.326807],[-99.238956,19.326798],[-99.238942,19.326773],[-99.238938,19.326756],[-99.238924,19.32673],[-99.238929,19.326713],[-99.238947,19.326696],[-99.238978,19.3267],[-99.238987,19.3267],[-99.239019,19.326713],[-99.239059,19.32673],[-99.239082,19.326725],[-99.239095,19.326713],[-99.239118,19.326713],[-99.239136,19.32673],[-99.239163,19.326734],[-99.239203,19.326734],[-99.239221,19.326755],[-99.239226,19.326777],[-99.239226,19.326802],[-99.239244,19.326811],[-99.239253,19.326806],[-99.239266,19.326785],[-99.23928,19.326772],[-99.239302,19.326772],[-99.239329,19.326785],[-99.239361,19.326793],[-99.23937,19.326772],[-99.239383,19.326738],[-99.239383,19.326708],[-99.239388,19.326665],[-99.239392,19.326635],[-99.239392,19.326618],[-99.23937,19.32661],[-99.239338,19.326588],[-99.239311,19.326571],[-99.239293,19.326563],[-99.239284,19.326533],[-99.239284,19.326495],[-99.239284,19.326469],[-99.239257,19.326452],[-99.239221,19.326439],[-99.239158,19.326418],[-99.239122,19.326392],[-99.239099,19.326375],[-99.239095,19.326341],[-99.239081,19.326298],[-99.239045,19.326273],[-99.239014,19.326252],[-99.239,19.32623],[-99.239,19.3262],[-99.238977,19.326188],[-99.238959,19.326153],[-99.238986,19.326094],[-99.23905,19.326055],[-99.23908,19.326034],[-99.239117,19.326055],[-99.239184,19.326065],[-99.239265,19.326078],[-99.239324,19.326084],[-99.239401,19.326084],[-99.23944,19.326084],[-99.239478,19.326097],[-99.239538,19.326097],[-99.239604,19.326097],[-99.239646,19.326122],[-99.239669,19.326132],[-99.239697,19.326164],[-99.239697,19.326186],[-99.239697,19.326217],[-99.239691,19.326249],[-99.239686,19.326302],[-99.239703,19.326355],[-99.23972,19.326377],[-99.239753,19.326393],[-99.239792,19.326414],[-99.239826,19.32643],[-99.239849,19.326451],[-99.239849,19.326493],[-99.239832,19.326525],[-99.239815,19.326573],[-99.239804,19.32661],[-99.23977,19.326695],[-99.239776,19.326748],[-99.239754,19.326791],[-99.239743,19.326812],[-99.239715,19.326828],[-99.239687,19.326834],[-99.239681,19.326881],[-99.239704,19.326934],[-99.239704,19.326972],[-99.239709,19.327019],[-99.239693,19.327078],[-99.239637,19.327115],[-99.239586,19.327147],[-99.239547,19.327179],[-99.239514,19.327232],[-99.239441,19.327291],[-99.239391,19.327344],[-99.239368,19.327381],[-99.239352,19.327413],[-99.239324,19.32744],[-99.239296,19.327445],[-99.239273,19.327471],[-99.239262,19.327503],[-99.23924,19.327503],[-99.239184,19.327514],[-99.23915,19.327509],[-99.239085,19.327516],[-99.239085,19.327472],[-99.239052,19.327415],[-99.239025,19.327384],[-99.238992,19.32734],[-99.238919,19.327327],[-99.238859,19.327321],[-99.238806,19.327308],[-99.238747,19.327327],[-99.238714,19.327359],[-99.2387,19.327378],[-99.238667,19.327409],[-99.238634,19.327447],[-99.238594,19.327466],[-99.238561,19.327472],[-99.238528,19.327447],[-99.238495,19.327409],[-99.238475,19.327372],[-99.238442,19.327347],[-99.238382,19.327334],[-99.238369,19.327296],[-99.238369,19.327252],[-99.238342,19.327227],[-99.238289,19.32719],[-99.238256,19.327171],[-99.238236,19.32719],[-99.238236,19.327234],[-99.238249,19.327271],[-99.238223,19.327315],[-99.238203,19.327316],[-99.238183,19.327341],[-99.23819,19.327366],[-99.23819,19.327397],[-99.238137,19.327423],[-99.238084,19.32741],[-99.238077,19.327385],[-99.238064,19.327335],[-99.238017,19.327328],[-99.237951,19.32731],[-99.237918,19.327284],[-99.237898,19.327253],[-99.237898,19.327209],[-99.237825,19.327159],[-99.237785,19.327115],[-99.237772,19.327065],[-99.237785,19.327027],[-99.237805,19.327002],[-99.237858,19.326964],[-99.237878,19.326926],[-99.237897,19.326882],[-99.237924,19.326844],[-99.237957,19.326825],[-99.23797,19.326788],[-99.237983,19.32675],[-99.237977,19.326725],[-99.23791,19.326712],[-99.237871,19.3267],[-99.237818,19.326693],[-99.237784,19.326656],[-99.237771,19.326612],[-99.237771,19.326587],[-99.237778,19.326555],[-99.237751,19.326517],[-99.237718,19.326492]]]]}},{"type":"Feature","properties":{"area":"La Loma","zona":"Zona de Restauracion Ecologica","zona_k":"restauracion ecologica","ha":0.43},"geometry":{"type":"MultiPolygon","coordinates":[[[[-99.239969,19.327859],[-99.239941,19.327848],[-99.239892,19.327842],[-99.239867,19.327845],[-99.239824,19.327845],[-99.239749,19.327842],[-99.239721,19.327839],[-99.239681,19.32783],[-99.239643,19.32783],[-99.239628,19.327845],[-99.239591,19.327863],[-99.239553,19.327866],[-99.23945,19.327866],[-99.239373,19.327875],[-99.239295,19.327884],[-99.239318,19.327848],[-99.239323,19.327811],[-99.239309,19.327807],[-99.239296,19.327782],[-99.239314,19.327773],[-99.239336,19.327773],[-99.239362,19.327756],[-99.239362,19.327744],[-99.239406,19.327723],[-99.239415,19.327723],[-99.239428,19.327706],[-99.239433,19.327689],[-99.239441,19.327664],[-99.239459,19.327656],[-99.23949,19.327656],[-99.239525,19.327656],[-99.239556,19.327648],[-99.239574,19.327639],[-99.239609,19.327618],[-99.239626,19.327602],[-99.239631,19.327572],[-99.239631,19.327547],[-99.239657,19.327522],[-99.239679,19.32751],[-99.239688,19.327484],[-99.239688,19.327455],[-99.239705,19.327438],[-99.239736,19.327443],[-99.239754,19.327455],[-99.239763,19.327476],[-99.239807,19.327501],[-99.239842,19.327476],[-99.239838,19.327451],[-99.23982,19.327434],[-99.239807,19.327413],[-99.239789,19.327392],[-99.239749,19.32738],[-99.239701,19.327363],[-99.239683,19.327347],[-99.239683,19.327334],[-99.239701,19.32733],[-99.239749,19.32733],[-99.23978,19.32733],[-99.239802,19.327338],[-99.239833,19.327338],[-99.239846,19.327317],[-99.239851,19.327296],[-99.239864,19.327259],[-99.239864,19.327234],[-99.239837,19.327213],[-99.239815,19.327192],[-99.239789,19.327175],[-99.239767,19.327163],[-99.23974,19.32715],[-99.239745,19.327129],[-99.239758,19.327121],[-99.239775,19.327112],[-99.239806,19.327096],[-99.239846,19.327075],[-99.239877,19.327062],[-99.239916,19.327054],[-99.239965,19.327054],[-99.240009,19.327066],[-99.240026,19.327075],[-99.240044,19.327083],[-99.240066,19.327074],[-99.240088,19.327049],[-99.240115,19.327049],[-99.240123,19.327066],[-99.240141,19.327066],[-99.240167,19.327066],[-99.240167,19.327045],[-99.240185,19.327033],[-99.240242,19.327037],[-99.240264,19.327041],[-99.240282,19.327062],[-99.240273,19.327078],[-99.24026,19.327103],[-99.240247,19.32712],[-99.240242,19.327149],[-99.24026,19.32717],[-99.240273,19.327183],[-99.240295,19.327204],[-99.240326,19.327212],[-99.240357,19.327204],[-99.240379,19.327208],[-99.240383,19.327224],[-99.240384,19.32725],[-99.240392,19.327283],[-99.240397,19.327304],[-99.240366,19.327312],[-99.24034,19.327316],[-99.240304,19.327321],[-99.240247,19.327333],[-99.240212,19.327342],[-99.240168,19.327346],[-99.240124,19.327363],[-99.240102,19.327396],[-99.240093,19.327413],[-99.240097,19.32743],[-99.240111,19.327438],[-99.240155,19.327438],[-99.240186,19.327438],[-99.240212,19.327434],[-99.240243,19.327417],[-99.240269,19.327417],[-99.2403,19.327421],[-99.240331,19.327421],[-99.240353,19.327421],[-99.240357,19.327438],[-99.240349,19.327458],[-99.240309,19.327496],[-99.240296,19.327509],[-99.240256,19.327534],[-99.240239,19.327538],[-99.240195,19.327538],[-99.240186,19.327521],[-99.240177,19.327509],[-99.240133,19.327513],[-99.240093,19.327517],[-99.240058,19.32753],[-99.240036,19.327542],[-99.24001,19.327555],[-99.240001,19.327588],[-99.239996,19.327614],[-99.239983,19.32763],[-99.239944,19.327655],[-99.239917,19.327668],[-99.239873,19.327676],[-99.239829,19.327668],[-99.239811,19.327668],[-99.239794,19.327685],[-99.239789,19.327697],[-99.239776,19.327714],[-99.23971,19.32771],[-99.239684,19.32771],[-99.239662,19.327714],[-99.23964,19.327727],[-99.239631,19.327739],[-99.239649,19.327756],[-99.239671,19.327756],[-99.239706,19.327764],[-99.239763,19.327785],[-99.239829,19.327785],[-99.239887,19.327781],[-99.239922,19.32776],[-99.239966,19.32776],[-99.240014,19.327772],[-99.240049,19.327776],[-99.240063,19.327789],[-99.240045,19.327806],[-99.240001,19.327818],[-99.239983,19.327831],[-99.239969,19.327859]]]]}},{"type":"Feature","properties":{"area":"La Loma","zona":"Zona de Uso Publico Intensivo","zona_k":"uso publico intensivo","ha":0.09},"geometry":{"type":"MultiPolygon","coordinates":[[[[-99.240567,19.327998],[-99.240586,19.327965],[-99.240597,19.327943],[-99.240609,19.327925],[-99.24062,19.327917],[-99.240628,19.327888],[-99.240628,19.32787],[-99.240643,19.327844],[-99.240662,19.327808],[-99.240682,19.327797],[-99.240728,19.327786],[-99.240762,19.327793],[-99.240797,19.3278],[-99.240824,19.327822],[-99.240835,19.327844],[-99.240835,19.327859],[-99.240832,19.327891],[-99.240832,19.327924],[-99.240839,19.327942],[-99.240851,19.327957],[-99.240855,19.327993],[-99.240859,19.328023],[-99.240886,19.328037],[-99.240916,19.328037],[-99.240932,19.328026],[-99.240936,19.328008],[-99.240936,19.327986],[-99.240966,19.327979],[-99.240982,19.327993],[-99.241009,19.32799],[-99.241039,19.32799],[-99.241051,19.328004],[-99.24107,19.328015],[-99.241089,19.328008],[-99.241089,19.327986],[-99.241074,19.32796],[-99.24107,19.327949],[-99.241074,19.327931],[-99.241089,19.327917],[-99.241108,19.32792],[-99.241132,19.327927],[-99.241162,19.327924],[-99.241185,19.327906],[-99.241185,19.327898],[-99.241205,19.327898],[-99.241224,19.327916],[-99.241247,19.327971],[-99.241251,19.327986],[-99.241243,19.328008],[-99.241228,19.328022],[-99.241222,19.328028],[-99.241221,19.328027],[-99.241194,19.32801],[-99.24115,19.328001],[-99.241119,19.328014],[-99.24107,19.328027],[-99.241052,19.328027],[-99.241021,19.328052],[-99.241003,19.328082],[-99.240999,19.328095],[-99.240933,19.32809],[-99.240873,19.328074],[-99.240814,19.328052],[-99.240752,19.328033],[-99.240681,19.328016],[-99.24061,19.328005],[-99.240567,19.327998]]]]}},{"type":"Feature","properties":{"area":"La Loma","zona":"Zona de Restauracion Ecologica","zona_k":"restauracion ecologica","ha":6.64},"geometry":{"type":"MultiPolygon","coordinates":[[[[-99.242019,19.328023],[-99.242016,19.328023],[-99.242013,19.328024],[-99.241722,19.328083],[-99.24172,19.328083],[-99.241594,19.328121],[-99.241513,19.328114],[-99.241404,19.328099],[-99.241401,19.328098],[-99.241398,19.328099],[-99.241395,19.3281],[-99.241248,19.328153],[-99.241248,19.328153],[-99.241248,19.328111],[-99.241239,19.328052],[-99.241222,19.328028],[-99.241228,19.328022],[-99.241243,19.328008],[-99.241251,19.327986],[-99.241252,19.327983],[-99.241247,19.327971],[-99.241224,19.327916],[-99.241205,19.327898],[-99.241185,19.327898],[-99.241185,19.327906],[-99.241162,19.327924],[-99.241132,19.327927],[-99.241108,19.32792],[-99.241089,19.327917],[-99.241074,19.327931],[-99.24107,19.327949],[-99.241069,19.327953],[-99.241074,19.32796],[-99.241089,19.327986],[-99.241089,19.328008],[-99.24107,19.328015],[-99.241051,19.328004],[-99.241039,19.32799],[-99.241009,19.32799],[-99.240982,19.327993],[-99.240966,19.327979],[-99.240936,19.327986],[-99.240936,19.328008],[-99.240932,19.328026],[-99.240916,19.328037],[-99.240886,19.328037],[-99.240859,19.328023],[-99.240855,19.327993],[-99.240851,19.327957],[-99.240839,19.327942],[-99.240832,19.327924],[-99.240832,19.327891],[-99.240835,19.327859],[-99.240835,19.327844],[-99.240824,19.327822],[-99.240797,19.3278],[-99.240762,19.327793],[-99.240728,19.327786],[-99.240682,19.327797],[-99.240662,19.327808],[-99.240643,19.327844],[-99.240628,19.32787],[-99.240628,19.327888],[-99.24062,19.327917],[-99.240609,19.327925],[-99.240597,19.327943],[-99.240586,19.327965],[-99.240567,19.327998],[-99.240547,19.327998],[-99.240463,19.327982],[-99.240448,19.327971],[-99.240417,19.327968],[-99.240398,19.327959],[-99.240379,19.327947],[-99.240361,19.32793],[-99.24033,19.32793],[-99.24028,19.327927],[-99.240246,19.327915],[-99.240187,19.327903],[-99.240153,19.327895],[-99.240103,19.327889],[-99.24005,19.327874],[-99.239969,19.327859],[-99.239983,19.327831],[-99.240001,19.327818],[-99.240045,19.327806],[-99.240063,19.327789],[-99.240049,19.327776],[-99.240014,19.327772],[-99.239966,19.32776],[-99.239922,19.32776],[-99.239887,19.327781],[-99.239829,19.327785],[-99.239763,19.327785],[-99.239706,19.327764],[-99.239671,19.327756],[-99.239649,19.327756],[-99.239631,19.327739],[-99.23964,19.327727],[-99.239662,19.327714],[-99.239684,19.32771],[-99.23971,19.32771],[-99.239776,19.327714],[-99.239789,19.327697],[-99.239794,19.327685],[-99.239811,19.327668],[-99.239829,19.327668],[-99.239873,19.327676],[-99.239917,19.327668],[-99.239944,19.327655],[-99.239983,19.32763],[-99.239996,19.327614],[-99.240001,19.327588],[-99.24001,19.327555],[-99.240036,19.327542],[-99.240058,19.32753],[-99.240093,19.327517],[-99.240133,19.327513],[-99.240177,19.327509],[-99.240186,19.327521],[-99.240195,19.327538],[-99.240239,19.327538],[-99.240256,19.327534],[-99.240296,19.327509],[-99.240309,19.327496],[-99.240349,19.327458],[-99.240357,19.327438],[-99.240353,19.327421],[-99.240331,19.327421],[-99.2403,19.327421],[-99.240269,19.327417],[-99.240243,19.327417],[-99.240212,19.327434],[-99.240186,19.327438],[-99.240155,19.327438],[-99.240111,19.327438],[-99.240097,19.32743],[-99.240093,19.327413],[-99.240102,19.327396],[-99.240124,19.327363],[-99.240168,19.327346],[-99.240212,19.327342],[-99.240247,19.327333],[-99.240304,19.327321],[-99.24034,19.327316],[-99.240366,19.327312],[-99.240397,19.327304],[-99.240392,19.327283],[-99.240384,19.32725],[-99.240383,19.327224],[-99.240379,19.327208],[-99.240357,19.327204],[-99.240326,19.327212],[-99.240295,19.327204],[-99.240273,19.327183],[-99.24026,19.32717],[-99.240242,19.327149],[-99.240247,19.32712],[-99.24026,19.327103],[-99.240273,19.327078],[-99.240282,19.327062],[-99.240264,19.327041],[-99.240242,19.327037],[-99.240185,19.327033],[-99.240167,19.327045],[-99.240167,19.327066],[-99.240141,19.327066],[-99.240123,19.327066],[-99.240115,19.327049],[-99.240088,19.327049],[-99.240066,19.327074],[-99.240044,19.327083],[-99.240026,19.327075],[-99.240009,19.327066],[-99.239965,19.327054],[-99.239916,19.327054],[-99.239877,19.327062],[-99.239846,19.327075],[-99.239806,19.327096],[-99.239775,19.327112],[-99.239758,19.327121],[-99.239745,19.327129],[-99.23974,19.32715],[-99.239767,19.327163],[-99.239789,19.327175],[-99.239815,19.327192],[-99.239837,19.327213],[-99.239864,19.327234],[-99.239864,19.327259],[-99.239851,19.327296],[-99.239846,19.327317],[-99.239833,19.327338],[-99.239802,19.327338],[-99.23978,19.32733],[-99.239749,19.32733],[-99.239701,19.32733],[-99.239683,19.327334],[-99.239683,19.327347],[-99.239701,19.327363],[-99.239749,19.32738],[-99.239789,19.327392],[-99.239807,19.327413],[-99.23982,19.327434],[-99.239838,19.327451],[-99.239842,19.327476],[-99.239807,19.327501],[-99.239763,19.327476],[-99.239754,19.327455],[-99.239736,19.327443],[-99.239705,19.327438],[-99.239688,19.327455],[-99.239688,19.327484],[-99.239679,19.32751],[-99.239657,19.327522],[-99.239631,19.327547],[-99.239631,19.327572],[-99.239626,19.327602],[-99.239609,19.327618],[-99.239574,19.327639],[-99.239556,19.327648],[-99.239525,19.327656],[-99.23949,19.327656],[-99.239459,19.327656],[-99.239441,19.327664],[-99.239433,19.327689],[-99.239428,19.327706],[-99.239415,19.327723],[-99.239406,19.327723],[-99.239362,19.327744],[-99.239362,19.327756],[-99.239336,19.327773],[-99.239314,19.327773],[-99.239296,19.327782],[-99.239309,19.327807],[-99.239323,19.327811],[-99.239318,19.327848],[-99.239295,19.327884],[-99.239255,19.327908],[-99.239221,19.32792],[-99.239162,19.327952],[-99.239137,19.32797],[-99.239105,19.327962],[-99.239043,19.327929],[-99.239012,19.32792],[-99.238945,19.327941],[-99.238914,19.327988],[-99.238888,19.328039],[-99.23883,19.328047],[-99.238821,19.328038],[-99.238794,19.328013],[-99.238787,19.327994],[-99.238787,19.327956],[-99.238781,19.3279],[-99.238807,19.327874],[-99.238834,19.327868],[-99.238873,19.327843],[-99.238907,19.327843],[-99.238979,19.327811],[-99.239059,19.327786],[-99.239132,19.327792],[-99.239172,19.327773],[-99.239192,19.327767],[-99.239238,19.327735],[-99.239264,19.327704],[-99.239238,19.327679],[-99.239172,19.327673],[-99.239118,19.327641],[-99.239092,19.32761],[-99.239065,19.327591],[-99.239072,19.32756],[-99.239085,19.327516],[-99.23915,19.327509],[-99.239184,19.327514],[-99.23924,19.327503],[-99.239262,19.327503],[-99.239273,19.327471],[-99.239296,19.327445],[-99.239324,19.32744],[-99.239352,19.327413],[-99.239368,19.327381],[-99.239391,19.327344],[-99.239441,19.327291],[-99.239514,19.327232],[-99.239547,19.327179],[-99.239586,19.327147],[-99.239637,19.327115],[-99.239693,19.327078],[-99.239709,19.327019],[-99.239704,19.326972],[-99.239704,19.326934],[-99.239681,19.326881],[-99.239687,19.326834],[-99.239715,19.326828],[-99.239743,19.326812],[-99.239754,19.326791],[-99.239776,19.326748],[-99.23977,19.326695],[-99.239804,19.32661],[-99.239815,19.326573],[-99.239832,19.326525],[-99.239849,19.326493],[-99.239849,19.326451],[-99.239826,19.32643],[-99.239792,19.326414],[-99.239753,19.326393],[-99.23972,19.326377],[-99.239703,19.326355],[-99.239686,19.326302],[-99.239691,19.326249],[-99.239697,19.326217],[-99.239697,19.326186],[-99.239697,19.326164],[-99.239669,19.326132],[-99.239646,19.326122],[-99.239604,19.326097],[-99.239538,19.326097],[-99.239478,19.326097],[-99.23944,19.326084],[-99.239401,19.326084],[-99.239324,19.326084],[-99.239265,19.326078],[-99.239184,19.326065],[-99.239117,19.326055],[-99.239081,19.326034],[-99.239105,19.326016],[-99.23916,19.325977],[-99.239247,19.325937],[-99.239306,19.325929],[-99.239407,19.325924],[-99.239494,19.325894],[-99.239558,19.32582],[-99.239624,19.325752],[-99.239624,19.325684],[-99.239597,19.325632],[-99.23962,19.325547],[-99.239658,19.325482],[-99.239716,19.325429],[-99.239733,19.325361],[-99.239713,19.325292],[-99.239716,19.325243],[-99.239723,19.325172],[-99.239764,19.325097],[-99.239788,19.325033],[-99.24006,19.325074],[-99.240402,19.325121],[-99.240561,19.325167],[-99.240796,19.325196],[-99.240796,19.325196],[-99.240796,19.325196],[-99.240977,19.325073],[-99.241014,19.325094],[-99.24106,19.32513],[-99.24111,19.325181],[-99.241194,19.3253],[-99.241194,19.3253],[-99.241195,19.3253],[-99.241278,19.325297],[-99.241366,19.325445],[-99.241418,19.325506],[-99.241451,19.325543],[-99.241441,19.325618],[-99.241452,19.325705],[-99.241492,19.325782],[-99.241526,19.325847],[-99.241547,19.325888],[-99.241593,19.325977],[-99.241602,19.325995],[-99.241656,19.326097],[-99.24167,19.326112],[-99.241637,19.326143],[-99.241609,19.326174],[-99.241595,19.326196],[-99.241581,19.326231],[-99.241576,19.326276],[-99.24159,19.326311],[-99.241604,19.326338],[-99.241604,19.326364],[-99.241614,19.3264],[-99.241637,19.326413],[-99.241684,19.326444],[-99.241684,19.326466],[-99.241684,19.326497],[-99.241665,19.326559],[-99.241689,19.326608],[-99.241707,19.326626],[-99.24174,19.326657],[-99.241759,19.326692],[-99.241787,19.326723],[-99.24181,19.32675],[-99.241829,19.326772],[-99.241862,19.326803],[-99.241876,19.326851],[-99.241904,19.326884],[-99.241932,19.326906],[-99.241942,19.326941],[-99.241942,19.32699],[-99.24197,19.327043],[-99.241984,19.327101],[-99.242045,19.327173],[-99.242059,19.32719],[-99.242064,19.327239],[-99.242074,19.327306],[-99.242074,19.327332],[-99.242092,19.327363],[-99.24213,19.327381],[-99.242158,19.327412],[-99.2422,19.327461],[-99.242247,19.327496],[-99.242298,19.3275],[-99.242345,19.327487],[-99.242378,19.3275],[-99.242387,19.327518],[-99.242392,19.327562],[-99.242392,19.327593],[-99.242387,19.32762],[-99.242401,19.327664],[-99.242411,19.327678],[-99.242457,19.3277],[-99.242494,19.327719],[-99.242502,19.327739],[-99.242527,19.327758],[-99.24254,19.327778],[-99.242552,19.327802],[-99.242556,19.327837],[-99.242582,19.327893],[-99.242602,19.327912],[-99.242632,19.327932],[-99.242657,19.327952],[-99.242686,19.32798],[-99.242744,19.328011],[-99.242786,19.328039],[-99.242823,19.328058],[-99.242878,19.32807],[-99.242936,19.32807],[-99.242974,19.32807],[-99.24299,19.328098],[-99.242999,19.328129],[-99.243007,19.328177],[-99.243024,19.328208],[-99.243045,19.328214],[-99.243033,19.328225],[-99.243016,19.328241],[-99.242998,19.328243],[-99.242833,19.328167],[-99.24283,19.328167],[-99.242828,19.328166],[-99.242825,19.328166],[-99.242626,19.328161],[-99.242508,19.328119],[-99.242505,19.328119],[-99.242504,19.328118],[-99.242248,19.328085],[-99.242023,19.328024],[-99.242019,19.328023]],[[-99.241232,19.326448],[-99.241212,19.326489],[-99.241166,19.326482],[-99.241134,19.326451],[-99.241101,19.326429],[-99.241053,19.326425],[-99.240998,19.326432],[-99.240953,19.326458],[-99.240902,19.326482],[-99.240844,19.326492],[-99.240797,19.326511],[-99.240782,19.326535],[-99.240779,19.326575],[-99.240777,19.326606],[-99.240794,19.326659],[-99.24083,19.326678],[-99.24088,19.326687],[-99.240933,19.326683],[-99.240988,19.326692],[-99.241048,19.326697],[-99.241086,19.32669],[-99.241132,19.326701],[-99.241179,19.326701],[-99.241204,19.326682],[-99.24126,19.32668],[-99.241298,19.326673],[-99.241335,19.326651],[-99.241373,19.326646],[-99.241411,19.32661],[-99.241469,19.326598],[-99.241476,19.326567],[-99.241461,19.326539],[-99.241416,19.326529],[-99.241363,19.326534],[-99.241317,19.326539],[-99.241285,19.326527],[-99.241282,19.326491],[-99.241307,19.326453],[-99.241297,19.326419],[-99.241254,19.32641],[-99.241232,19.326448]],[[-99.241421,19.327458],[-99.241365,19.32742],[-99.241302,19.327398],[-99.241262,19.32736],[-99.241214,19.327307],[-99.241198,19.327239],[-99.241198,19.327164],[-99.24119,19.327081],[-99.241182,19.32699],[-99.241182,19.326938],[-99.241182,19.326862],[-99.24111,19.326817],[-99.24103,19.326757],[-99.240991,19.326757],[-99.240927,19.326787],[-99.240863,19.326772],[-99.240824,19.326719],[-99.240776,19.326742],[-99.240688,19.326742],[-99.240649,19.326734],[-99.240601,19.326659],[-99.240649,19.326614],[-99.240648,19.326553],[-99.240624,19.326493],[-99.240569,19.326433],[-99.240489,19.326387],[-99.240457,19.326372],[-99.240417,19.32632],[-99.240346,19.326305],[-99.240338,19.326335],[-99.240362,19.326403],[-99.240402,19.326463],[-99.240458,19.326538],[-99.240497,19.326614],[-99.240482,19.326667],[-99.240482,19.326735],[-99.240522,19.326795],[-99.240538,19.326848],[-99.240593,19.326893],[-99.240681,19.326923],[-99.240736,19.326953],[-99.240808,19.327006],[-99.240832,19.327059],[-99.240872,19.327195],[-99.240904,19.3273],[-99.240888,19.327376],[-99.240856,19.327444],[-99.240888,19.327481],[-99.24096,19.327512],[-99.241055,19.327542],[-99.241095,19.327526],[-99.241175,19.327519],[-99.241262,19.327534],[-99.241334,19.327586],[-99.24135,19.327632],[-99.241342,19.327685],[-99.241262,19.327707],[-99.241183,19.327715],[-99.241135,19.32776],[-99.241175,19.327791],[-99.241255,19.327813],[-99.241318,19.327813],[-99.24139,19.32782],[-99.241422,19.327835],[-99.24143,19.327919],[-99.241485,19.327926],[-99.241541,19.327896],[-99.241641,19.327844],[-99.241596,19.327752],[-99.241525,19.327707],[-99.241517,19.327647],[-99.241525,19.327571],[-99.241461,19.327518],[-99.241421,19.327458]]],[[[-99.241333,19.328221],[-99.241324,19.328221],[-99.241266,19.328191],[-99.241263,19.328186],[-99.241404,19.328135],[-99.241508,19.32815],[-99.241509,19.32815],[-99.241594,19.328157],[-99.241597,19.328157],[-99.241599,19.328157],[-99.241602,19.328157],[-99.241731,19.328118],[-99.242017,19.32806],[-99.242239,19.328121],[-99.242241,19.328121],[-99.242242,19.328121],[-99.242442,19.328147],[-99.24242,19.328147],[-99.242392,19.328152],[-99.242386,19.328171],[-99.242363,19.328182],[-99.242343,19.328196],[-99.242314,19.328196],[-99.242286,19.328182],[-99.242271,19.328163],[-99.242249,19.328155],[-99.242226,19.328155],[-99.242194,19.328172],[-99.242174,19.328196],[-99.242177,19.328207],[-99.242177,19.328226],[-99.242157,19.328245],[-99.242131,19.328261],[-99.242108,19.328261],[-99.24208,19.328256],[-99.242099,19.328221],[-99.242107,19.328194],[-99.242082,19.328174],[-99.242057,19.32817],[-99.242057,19.32817],[-99.242007,19.32817],[-99.242007,19.32817],[-99.241961,19.328202],[-99.241907,19.328206],[-99.241844,19.328226],[-99.24179,19.328234],[-99.241736,19.328261],[-99.241707,19.328277],[-99.241653,19.328293],[-99.241607,19.328285],[-99.241607,19.328285],[-99.241607,19.328285],[-99.241569,19.328289],[-99.241507,19.328313],[-99.241461,19.328333],[-99.241428,19.328357],[-99.24139,19.328368],[-99.241353,19.328384],[-99.241355,19.328354],[-99.241359,19.328336],[-99.241355,19.328317],[-99.241345,19.328309],[-99.241351,19.328305],[-99.241364,19.328246],[-99.241333,19.328221]]],[[[-99.242716,19.328236],[-99.242675,19.328236],[-99.242638,19.328212],[-99.242604,19.328193],[-99.242572,19.32819],[-99.242532,19.32819],[-99.242504,19.328185],[-99.242501,19.328155],[-99.242616,19.328196],[-99.24262,19.328197],[-99.242622,19.328197],[-99.24282,19.328202],[-99.242966,19.328268],[-99.242965,19.328271],[-99.24295,19.328285],[-99.242951,19.32832],[-99.242956,19.328342],[-99.242953,19.328361],[-99.242931,19.328374],[-99.242908,19.328375],[-99.242876,19.328364],[-99.242845,19.328342],[-99.242827,19.328312],[-99.242827,19.328296],[-99.242822,19.328266],[-99.242796,19.328252],[-99.24275,19.328236],[-99.242716,19.328236]]]]}},{"type":"Feature","properties":{"area":"La Loma","zona":"Zona de Restauracion Ecologica","zona_k":"restauracion ecologica","ha":0.31},"geometry":{"type":"MultiPolygon","coordinates":[[[[-99.237412,19.330092],[-99.237439,19.330093],[-99.237481,19.330092],[-99.237493,19.330081],[-99.237499,19.330047],[-99.237499,19.330007],[-99.237529,19.32999],[-99.237589,19.329967],[-99.237638,19.329944],[-99.237674,19.32991],[-99.237686,19.329887],[-99.23771,19.329853],[-99.237746,19.329813],[-99.237752,19.32979],[-99.237806,19.329756],[-99.237848,19.329738],[-99.237896,19.329738],[-99.237944,19.329727],[-99.237956,19.32971],[-99.23798,19.329687],[-99.237992,19.32967],[-99.237974,19.329636],[-99.237938,19.329601],[-99.237896,19.329596],[-99.237835,19.329573],[-99.237793,19.329584],[-99.237775,19.329596],[-99.237757,19.329607],[-99.237721,19.329619],[-99.237685,19.329607],[-99.237643,19.329607],[-99.237607,19.329607],[-99.237601,19.329579],[-99.237601,19.329556],[-99.237613,19.329533],[-99.237649,19.329516],[-99.237685,19.329516],[-99.237715,19.329522],[-99.237733,19.329539],[-99.237763,19.329545],[-99.237787,19.329516],[-99.237799,19.329499],[-99.237841,19.32947],[-99.237883,19.329442],[-99.237943,19.329419],[-99.237998,19.329385],[-99.238052,19.329367],[-99.238106,19.329344],[-99.23816,19.329316],[-99.238178,19.329293],[-99.238184,19.329265],[-99.23819,19.329219],[-99.238154,19.329208],[-99.238094,19.329208],[-99.238063,19.329225],[-99.238027,19.329236],[-99.238009,19.329196],[-99.237991,19.329179],[-99.237973,19.329162],[-99.237931,19.329151],[-99.237901,19.329139],[-99.237883,19.329111],[-99.237919,19.329077],[-99.237949,19.329077],[-99.237973,19.329082],[-99.237991,19.329094],[-99.238045,19.329094],[-99.238075,19.329071],[-99.238123,19.329054],[-99.238129,19.329031],[-99.238159,19.329014],[-99.238183,19.328996],[-99.238195,19.328968],[-99.238201,19.328939],[-99.238219,19.328911],[-99.238231,19.328882],[-99.238249,19.328859],[-99.238291,19.328854],[-99.238322,19.328871],[-99.23831,19.328899],[-99.23828,19.328899],[-99.238262,19.328928],[-99.238256,19.328962],[-99.23825,19.328991],[-99.23822,19.329014],[-99.238196,19.329042],[-99.238196,19.329071],[-99.238226,19.329088],[-99.238244,19.329099],[-99.238256,19.329128],[-99.238292,19.329133],[-99.23831,19.329133],[-99.23834,19.329139],[-99.238352,19.329167],[-99.23837,19.32919],[-99.238412,19.32919],[-99.23843,19.329224],[-99.23843,19.329259],[-99.238418,19.329306],[-99.238366,19.329326],[-99.238314,19.329341],[-99.238272,19.329365],[-99.238205,19.329366],[-99.238189,19.32939],[-99.238184,19.32943],[-99.238189,19.329454],[-99.238231,19.329469],[-99.238257,19.329489],[-99.238257,19.329528],[-99.238252,19.329544],[-99.238236,19.329568],[-99.238205,19.329573],[-99.238179,19.329578],[-99.238158,19.329598],[-99.238143,19.329623],[-99.238112,19.329642],[-99.238075,19.329647],[-99.238065,19.329682],[-99.238075,19.329697],[-99.238091,19.329716],[-99.238091,19.329731],[-99.238081,19.329736],[-99.238075,19.329756],[-99.23807,19.32979],[-99.238044,19.329815],[-99.237992,19.32982],[-99.237956,19.329825],[-99.237935,19.32981],[-99.237925,19.329795],[-99.237883,19.32979],[-99.237857,19.3298],[-99.237826,19.329825],[-99.237811,19.32985],[-99.237764,19.329884],[-99.237728,19.329933],[-99.237686,19.329963],[-99.237629,19.330017],[-99.237593,19.330052],[-99.237562,19.330086],[-99.237531,19.330111],[-99.237489,19.330131],[-99.237469,19.33016],[-99.237453,19.330205],[-99.237447,19.330214],[-99.237448,19.330171],[-99.237421,19.330101],[-99.237412,19.330092]]]]}},{"type":"Feature","properties":{"area":"La Loma","zona":"Zona de Restauracion Ecologica","zona_k":"restauracion ecologica","ha":1.9},"geometry":{"type":"MultiPolygon","coordinates":[[[[-99.235285,19.330374],[-99.235254,19.330369],[-99.235234,19.330346],[-99.23523,19.330331],[-99.235206,19.330316],[-99.235173,19.330316],[-99.235133,19.330327],[-99.235105,19.330335],[-99.235068,19.330339],[-99.23504,19.330328],[-99.235028,19.330308],[-99.235032,19.330282],[-99.235056,19.33027],[-99.235105,19.330266],[-99.235169,19.330251],[-99.235198,19.330235],[-99.235259,19.330209],[-99.235292,19.330227],[-99.235324,19.330233],[-99.235382,19.330209],[-99.235388,19.330196],[-99.23544,19.330184],[-99.235479,19.330153],[-99.235543,19.330153],[-99.235576,19.330141],[-99.23564,19.330129],[-99.23575,19.330122],[-99.235795,19.330141],[-99.235834,19.330159],[-99.235866,19.330171],[-99.235898,19.330128],[-99.235911,19.330085],[-99.235905,19.330073],[-99.235918,19.330061],[-99.235911,19.330018],[-99.235879,19.329994],[-99.235866,19.329975],[-99.235847,19.329932],[-99.23584,19.329914],[-99.235885,19.329908],[-99.235918,19.329914],[-99.23595,19.329957],[-99.235956,19.329981],[-99.235976,19.33],[-99.23604,19.330006],[-99.236086,19.330006],[-99.236137,19.330005],[-99.236215,19.329975],[-99.236215,19.329944],[-99.236208,19.329901],[-99.236182,19.329883],[-99.236137,19.329865],[-99.236105,19.329803],[-99.236072,19.329779],[-99.236014,19.329761],[-99.235969,19.329718],[-99.235956,19.329687],[-99.235962,19.329638],[-99.235975,19.329601],[-99.235995,19.329571],[-99.235975,19.329565],[-99.235924,19.329559],[-99.235865,19.329553],[-99.235852,19.329522],[-99.235822,19.329521],[-99.235813,19.32954],[-99.235794,19.329552],[-99.235775,19.329546],[-99.235784,19.329522],[-99.2358,19.329503],[-99.235807,19.329485],[-99.235819,19.329476],[-99.235835,19.329476],[-99.235854,19.329488],[-99.235876,19.329497],[-99.235921,19.329506],[-99.235949,19.329497],[-99.235962,19.329485],[-99.235969,19.329473],[-99.235953,19.329455],[-99.235943,19.329449],[-99.235918,19.329449],[-99.235886,19.329446],[-99.23586,19.329434],[-99.23586,19.329419],[-99.23586,19.32941],[-99.235848,19.329395],[-99.235835,19.329386],[-99.235819,19.329374],[-99.2358,19.329356],[-99.2358,19.329335],[-99.235794,19.32932],[-99.235774,19.329305],[-99.23574,19.329296],[-99.235727,19.329305],[-99.235727,19.32932],[-99.23573,19.329356],[-99.23573,19.329401],[-99.23573,19.329416],[-99.235708,19.329419],[-99.235682,19.32941],[-99.235679,19.329404],[-99.235676,19.329392],[-99.235647,19.329368],[-99.235606,19.329377],[-99.235574,19.329371],[-99.235568,19.329356],[-99.235549,19.329326],[-99.235543,19.329305],[-99.235517,19.329296],[-99.235508,19.329296],[-99.235495,19.329281],[-99.235517,19.329257],[-99.235533,19.329257],[-99.235558,19.329254],[-99.235584,19.329241],[-99.235587,19.32922],[-99.23559,19.329199],[-99.23559,19.329183],[-99.235606,19.329165],[-99.235599,19.32915],[-99.23558,19.329138],[-99.235571,19.329135],[-99.235568,19.329114],[-99.235568,19.329093],[-99.235583,19.329087],[-99.235615,19.329081],[-99.235634,19.329069],[-99.235644,19.329057],[-99.235656,19.329039],[-99.235653,19.329012],[-99.235644,19.328997],[-99.235593,19.329003],[-99.235564,19.329003],[-99.235545,19.329018],[-99.235523,19.329027],[-99.235499,19.32903],[-99.235453,19.329054],[-99.235434,19.329069],[-99.235428,19.329075],[-99.235396,19.329093],[-99.23538,19.329108],[-99.235374,19.329126],[-99.235368,19.329139],[-99.235352,19.329139],[-99.235326,19.329145],[-99.235307,19.329148],[-99.23528,19.329161],[-99.235245,19.329137],[-99.235196,19.3291],[-99.235171,19.329062],[-99.235221,19.329026],[-99.235286,19.328993],[-99.235342,19.328956],[-99.235384,19.328901],[-99.235364,19.328856],[-99.235309,19.328781],[-99.23526,19.328729],[-99.235215,19.328699],[-99.235181,19.328708],[-99.235142,19.328728],[-99.235086,19.328763],[-99.235063,19.328797],[-99.23503,19.328825],[-99.234962,19.328855],[-99.234902,19.328813],[-99.234863,19.32877],[-99.234848,19.328728],[-99.234818,19.328719],[-99.234813,19.328691],[-99.234838,19.328643],[-99.234862,19.328615],[-99.234887,19.328582],[-99.234927,19.328549],[-99.234971,19.328526],[-99.235006,19.328511],[-99.235041,19.328502],[-99.235086,19.328492],[-99.23514,19.328478],[-99.235155,19.328469],[-99.235185,19.328464],[-99.235205,19.328502],[-99.23521,19.328525],[-99.235225,19.328544],[-99.235274,19.328544],[-99.235309,19.328544],[-99.235359,19.32852],[-99.235408,19.328506],[-99.235463,19.328483],[-99.235503,19.328468],[-99.235562,19.328459],[-99.235602,19.328459],[-99.235656,19.328449],[-99.235706,19.32843],[-99.235771,19.328421],[-99.235815,19.328407],[-99.235885,19.328383],[-99.235909,19.328369],[-99.235929,19.32835],[-99.235974,19.328345],[-99.236019,19.328359],[-99.236048,19.328388],[-99.236098,19.328402],[-99.236163,19.328402],[-99.236217,19.328416],[-99.236247,19.328434],[-99.236277,19.328467],[-99.236272,19.3285],[-99.236287,19.328524],[-99.236317,19.328543],[-99.236347,19.328566],[-99.236361,19.328594],[-99.236376,19.328627],[-99.236381,19.328656],[-99.236336,19.328689],[-99.236307,19.328732],[-99.236292,19.328753],[-99.236218,19.32876],[-99.236159,19.328788],[-99.236137,19.328844],[-99.2361,19.328907],[-99.236107,19.328942],[-99.236115,19.328998],[-99.236137,19.329034],[-99.236122,19.329069],[-99.236093,19.329083],[-99.236026,19.329104],[-99.235967,19.329097],[-99.2359,19.329097],[-99.235863,19.329132],[-99.235863,19.329167],[-99.235915,19.329195],[-99.235982,19.329202],[-99.236049,19.329209],[-99.236071,19.329244],[-99.236078,19.329272],[-99.2361,19.329286],[-99.236152,19.3293],[-99.236189,19.329328],[-99.236204,19.329363],[-99.236219,19.329391],[-99.236249,19.329412],[-99.236263,19.329433],[-99.236263,19.329462],[-99.236264,19.329504],[-99.236271,19.329532],[-99.236315,19.329553],[-99.236389,19.329574],[-99.236426,19.329574],[-99.236456,19.329602],[-99.236441,19.329644],[-99.236456,19.329679],[-99.236506,19.329727],[-99.236525,19.329762],[-99.236538,19.329784],[-99.236538,19.329806],[-99.236525,19.329828],[-99.236506,19.329836],[-99.236464,19.329841],[-99.236437,19.32985],[-99.23639,19.329863],[-99.236358,19.329845],[-99.23633,19.329845],[-99.236298,19.329854],[-99.236289,19.329863],[-99.236303,19.329876],[-99.23633,19.329889],[-99.236326,19.329903],[-99.236312,19.329907],[-99.236289,19.329911],[-99.236275,19.329933],[-99.23627,19.32996],[-99.236289,19.329977],[-99.236317,19.329982],[-99.236344,19.32999],[-99.236395,19.329999],[-99.236428,19.329999],[-99.236469,19.329981],[-99.236506,19.329977],[-99.23652,19.329964],[-99.236534,19.329942],[-99.236557,19.32992],[-99.236599,19.329907],[-99.236631,19.329893],[-99.236673,19.329898],[-99.236657,19.329912],[-99.236638,19.329933],[-99.236609,19.329951],[-99.236588,19.329965],[-99.236581,19.329984],[-99.236582,19.330009],[-99.236589,19.330031],[-99.236598,19.330051],[-99.23661,19.33007],[-99.236622,19.330088],[-99.236641,19.330107],[-99.236658,19.330128],[-99.236669,19.330157],[-99.236676,19.33016],[-99.236647,19.330194],[-99.236592,19.330281],[-99.236549,19.330327],[-99.236511,19.33034],[-99.236441,19.330356],[-99.23638,19.330365],[-99.236296,19.33039],[-99.236239,19.330415],[-99.236148,19.330435],[-99.236064,19.330461],[-99.235981,19.330481],[-99.235929,19.330506],[-99.235854,19.330523],[-99.235802,19.330544],[-99.235727,19.330552],[-99.235684,19.330561],[-99.23564,19.330561],[-99.235592,19.330582],[-99.235548,19.33059],[-99.235517,19.330623],[-99.235465,19.330644],[-99.235443,19.33064],[-99.235425,19.330603],[-99.235408,19.330586],[-99.235399,19.330561],[-99.235386,19.330532],[-99.235381,19.330511],[-99.235381,19.330478],[-99.235368,19.330453],[-99.235342,19.330432],[-99.235342,19.330395],[-99.235329,19.330353],[-99.235307,19.330349],[-99.235285,19.330374]]]]}},{"type":"Feature","properties":{"area":"La Loma","zona":"Zona de Restauracion Ecologica","zona_k":"restauracion ecologica","ha":1.32},"geometry":{"type":"MultiPolygon","coordinates":[[[[-99.237221,19.329272],[-99.237261,19.329243],[-99.237297,19.3292],[-99.237301,19.329197],[-99.237315,19.329214],[-99.237385,19.329204],[-99.237429,19.329175],[-99.237472,19.329141],[-99.237499,19.329103],[-99.237522,19.329084],[-99.237526,19.329068],[-99.23758,19.329044],[-99.237639,19.329011],[-99.237694,19.328978],[-99.237749,19.328945],[-99.237833,19.328903],[-99.237892,19.32886],[-99.237952,19.328813],[-99.238021,19.328771],[-99.238091,19.328738],[-99.23814,19.3287],[-99.23819,19.328672],[-99.23825,19.328672],[-99.238274,19.328653],[-99.238304,19.328615],[-99.238334,19.328596],[-99.238393,19.328558],[-99.238433,19.328539],[-99.238488,19.32853],[-99.238527,19.328506],[-99.238588,19.32844],[-99.238595,19.328436],[-99.238619,19.328459],[-99.23864,19.328471],[-99.238669,19.328455],[-99.238691,19.328455],[-99.238725,19.328447],[-99.23875,19.328446],[-99.238771,19.328463],[-99.238784,19.328475],[-99.238809,19.328487],[-99.238839,19.328479],[-99.238843,19.328466],[-99.238903,19.328474],[-99.238962,19.328462],[-99.239013,19.32847],[-99.23903,19.328478],[-99.239076,19.328482],[-99.239098,19.328478],[-99.23911,19.328454],[-99.239127,19.328414],[-99.239153,19.328378],[-99.239152,19.328358],[-99.239144,19.328345],[-99.239152,19.328329],[-99.239174,19.328281],[-99.239203,19.328265],[-99.239237,19.328237],[-99.239246,19.328229],[-99.239275,19.328229],[-99.239279,19.328217],[-99.239292,19.328193],[-99.239292,19.328172],[-99.239296,19.328152],[-99.239322,19.328136],[-99.239334,19.328112],[-99.23936,19.328092],[-99.239402,19.328092],[-99.239449,19.3281],[-99.239474,19.328112],[-99.239491,19.328128],[-99.239542,19.328128],[-99.239597,19.328128],[-99.239666,19.328137],[-99.23969,19.328148],[-99.239728,19.328166],[-99.239753,19.328195],[-99.239759,19.328243],[-99.23974,19.328272],[-99.239703,19.328278],[-99.239684,19.328319],[-99.239662,19.328354],[-99.239646,19.328379],[-99.239595,19.328394],[-99.239569,19.328389],[-99.239532,19.328404],[-99.239512,19.328428],[-99.239454,19.328433],[-99.239418,19.328448],[-99.239413,19.328473],[-99.239403,19.328497],[-99.239361,19.328498],[-99.23934,19.328517],[-99.239304,19.328522],[-99.239257,19.328562],[-99.239216,19.328601],[-99.239206,19.328616],[-99.2392,19.328641],[-99.239164,19.32866],[-99.239123,19.32866],[-99.23906,19.32869],[-99.239024,19.3287],[-99.238998,19.328724],[-99.238962,19.328764],[-99.238951,19.328784],[-99.238952,19.328813],[-99.238967,19.328823],[-99.238993,19.328823],[-99.239019,19.328813],[-99.239055,19.328793],[-99.239071,19.328774],[-99.239092,19.328764],[-99.239112,19.328764],[-99.239112,19.328774],[-99.239112,19.328813],[-99.239102,19.328852],[-99.239087,19.328872],[-99.239055,19.328902],[-99.23903,19.328912],[-99.23903,19.328931],[-99.239009,19.328966],[-99.238967,19.329],[-99.238947,19.32904],[-99.238926,19.329099],[-99.238931,19.329123],[-99.238921,19.329143],[-99.238921,19.329178],[-99.23889,19.329197],[-99.238859,19.329207],[-99.238796,19.329212],[-99.238755,19.329212],[-99.238687,19.329212],[-99.238635,19.329212],[-99.238589,19.329227],[-99.238558,19.329237],[-99.238495,19.329257],[-99.238459,19.329277],[-99.238418,19.329306],[-99.23843,19.329259],[-99.23843,19.329224],[-99.238412,19.32919],[-99.23837,19.32919],[-99.238352,19.329167],[-99.23834,19.329139],[-99.23831,19.329133],[-99.238292,19.329133],[-99.238256,19.329128],[-99.238244,19.329099],[-99.238226,19.329088],[-99.238196,19.329071],[-99.238196,19.329042],[-99.23822,19.329014],[-99.23825,19.328991],[-99.238256,19.328962],[-99.238262,19.328928],[-99.23828,19.328899],[-99.23831,19.328899],[-99.238322,19.328871],[-99.238291,19.328854],[-99.238249,19.328859],[-99.238231,19.328882],[-99.238219,19.328911],[-99.238201,19.328939],[-99.238195,19.328968],[-99.238183,19.328996],[-99.238159,19.329014],[-99.238129,19.329031],[-99.238123,19.329054],[-99.238075,19.329071],[-99.238045,19.329094],[-99.237991,19.329094],[-99.237973,19.329082],[-99.237949,19.329077],[-99.237919,19.329077],[-99.237883,19.329111],[-99.237901,19.329139],[-99.237931,19.329151],[-99.237973,19.329162],[-99.237991,19.329179],[-99.238009,19.329196],[-99.238027,19.329236],[-99.238063,19.329225],[-99.238094,19.329208],[-99.238154,19.329208],[-99.23819,19.329219],[-99.238184,19.329265],[-99.238178,19.329293],[-99.23816,19.329316],[-99.238106,19.329344],[-99.238052,19.329367],[-99.237998,19.329385],[-99.237943,19.329419],[-99.237883,19.329442],[-99.237851,19.32941],[-99.237836,19.329396],[-99.237801,19.329387],[-99.237781,19.329387],[-99.237751,19.329382],[-99.237741,19.329363],[-99.237731,19.329349],[-99.23772,19.329325],[-99.237705,19.329301],[-99.237685,19.329291],[-99.23765,19.329291],[-99.237605,19.329296],[-99.237565,19.329311],[-99.23754,19.32933],[-99.23752,19.329363],[-99.23752,19.329382],[-99.23752,19.329415],[-99.237505,19.329435],[-99.237479,19.329444],[-99.237454,19.329425],[-99.237429,19.329411],[-99.237389,19.32942],[-99.237349,19.329444],[-99.237304,19.329473],[-99.237258,19.329497],[-99.237243,19.32953],[-99.237223,19.329559],[-99.237208,19.329573],[-99.237188,19.329607],[-99.237173,19.32963],[-99.237128,19.32964],[-99.237088,19.329635],[-99.237063,19.329607],[-99.237053,19.329583],[-99.237053,19.329535],[-99.237053,19.329526],[-99.237078,19.329483],[-99.237093,19.329454],[-99.237103,19.32943],[-99.237123,19.329406],[-99.237143,19.329392],[-99.237173,19.329387],[-99.237228,19.329378],[-99.237253,19.329368],[-99.237268,19.32933],[-99.237258,19.329311],[-99.237221,19.329272]]]]}},{"type":"Feature","properties":{"area":"La Loma","zona":"Zona de Restauracion Ecologica","zona_k":"restauracion ecologica","ha":0.15},"geometry":{"type":"MultiPolygon","coordinates":[[[[-99.236936,19.328942],[-99.236943,19.328952],[-99.236968,19.328999],[-99.237003,19.329037],[-99.237018,19.329065],[-99.237067,19.329088],[-99.237034,19.329121],[-99.237003,19.329172],[-99.236994,19.329201],[-99.236977,19.329227],[-99.236941,19.329243],[-99.236901,19.329265],[-99.236875,19.329277],[-99.236853,19.329298],[-99.236862,19.329336],[-99.23687,19.32937],[-99.23687,19.329391],[-99.236862,19.329399],[-99.236831,19.329387],[-99.236817,19.32937],[-99.236804,19.329357],[-99.236786,19.329349],[-99.236751,19.329382],[-99.236733,19.329412],[-99.23672,19.329433],[-99.236689,19.329429],[-99.236662,19.32942],[-99.23664,19.329433],[-99.236631,19.329462],[-99.236614,19.329471],[-99.236591,19.329463],[-99.236582,19.32945],[-99.236587,19.329408],[-99.236587,19.329378],[-99.236573,19.329366],[-99.236551,19.329353],[-99.236529,19.32932],[-99.236533,19.329294],[-99.236569,19.329273],[-99.236591,19.329244],[-99.236604,19.329223],[-99.23664,19.329185],[-99.236657,19.329143],[-99.236671,19.329143],[-99.236693,19.329126],[-99.236728,19.329097],[-99.23675,19.329109],[-99.236764,19.329109],[-99.236799,19.329076],[-99.236817,19.329054],[-99.236848,19.329042],[-99.236861,19.329008],[-99.236861,19.328991],[-99.23687,19.328975],[-99.236883,19.328962],[-99.23691,19.328953],[-99.236936,19.328942]]]]}},{"type":"Feature","properties":{"area":"La Loma","zona":"Zona de Restauracion Ecologica","zona_k":"restauracion ecologica","ha":0.34},"geometry":{"type":"MultiPolygon","coordinates":[[[[-99.236798,19.328802],[-99.236858,19.328834],[-99.236893,19.328877],[-99.236913,19.32891],[-99.236936,19.328942],[-99.23691,19.328953],[-99.236883,19.328962],[-99.23687,19.328975],[-99.236861,19.328991],[-99.236861,19.329008],[-99.236848,19.329042],[-99.236817,19.329054],[-99.236799,19.329076],[-99.236764,19.329109],[-99.23675,19.329109],[-99.236728,19.329097],[-99.236693,19.329126],[-99.236671,19.329143],[-99.236657,19.329143],[-99.23664,19.329185],[-99.236604,19.329223],[-99.236591,19.329244],[-99.236569,19.329273],[-99.236533,19.329294],[-99.236529,19.32932],[-99.236551,19.329353],[-99.236573,19.329366],[-99.236587,19.329378],[-99.236587,19.329408],[-99.236582,19.32945],[-99.236591,19.329463],[-99.236614,19.329471],[-99.236631,19.329462],[-99.23664,19.329433],[-99.236662,19.32942],[-99.236689,19.329429],[-99.23672,19.329433],[-99.236733,19.329412],[-99.236751,19.329382],[-99.236786,19.329349],[-99.236804,19.329357],[-99.236817,19.32937],[-99.236831,19.329387],[-99.236862,19.329399],[-99.23687,19.329391],[-99.23687,19.32937],[-99.236862,19.329336],[-99.236853,19.329298],[-99.236875,19.329277],[-99.236901,19.329265],[-99.236941,19.329243],[-99.236977,19.329227],[-99.236994,19.329201],[-99.237003,19.329172],[-99.237034,19.329121],[-99.237067,19.329088],[-99.237102,19.329098],[-99.237162,19.329102],[-99.237164,19.329102],[-99.237175,19.329116],[-99.237215,19.329128],[-99.237279,19.329125],[-99.237295,19.329147],[-99.237295,19.329157],[-99.237286,19.329168],[-99.237256,19.329187],[-99.237226,19.32922],[-99.237192,19.329248],[-99.237137,19.329267],[-99.237097,19.329286],[-99.237053,19.329305],[-99.237023,19.329352],[-99.236978,19.329376],[-99.236939,19.329399],[-99.236889,19.329442],[-99.236874,19.329475],[-99.236849,19.329494],[-99.236815,19.329484],[-99.236795,19.329461],[-99.236775,19.329437],[-99.236765,19.329465],[-99.236775,19.329489],[-99.236795,19.329512],[-99.2368,19.329541],[-99.23676,19.329555],[-99.236716,19.329593],[-99.236686,19.329616],[-99.236646,19.329644],[-99.236621,19.329682],[-99.236594,19.329623],[-99.236577,19.329602],[-99.236555,19.329594],[-99.23652,19.329586],[-99.236502,19.329573],[-99.236493,19.329548],[-99.236502,19.329519],[-99.236502,19.329494],[-99.236476,19.329482],[-99.236458,19.329474],[-99.23644,19.329449],[-99.236436,19.329411],[-99.236427,19.329403],[-99.236405,19.329386],[-99.236375,19.329345],[-99.23637,19.329324],[-99.23637,19.329291],[-99.236374,19.329237],[-99.236361,19.329203],[-99.236352,19.329187],[-99.236344,19.329166],[-99.236348,19.329129],[-99.236361,19.3291],[-99.23637,19.32907],[-99.23637,19.329045],[-99.23637,19.329008],[-99.236378,19.328971],[-99.236409,19.328954],[-99.236453,19.32895],[-99.236475,19.328954],[-99.236506,19.328966],[-99.236554,19.32897],[-99.236598,19.328945],[-99.236624,19.32892],[-99.23665,19.3289],[-99.23669,19.328879],[-99.23672,19.328875],[-99.236764,19.328854],[-99.236782,19.328829],[-99.236798,19.328802]]]]}},{"type":"Feature","properties":{"area":"La Loma","zona":"Zona de Restauracion Ecologica","zona_k":"restauracion ecologica","ha":0.06},"geometry":{"type":"MultiPolygon","coordinates":[[[[-99.236243,19.328044],[-99.236235,19.328069],[-99.236228,19.328088],[-99.236224,19.328113],[-99.236224,19.328139],[-99.236235,19.32815],[-99.236262,19.328154],[-99.23629,19.328154],[-99.236313,19.328172],[-99.236321,19.328187],[-99.236321,19.328201],[-99.236297,19.328234],[-99.23627,19.328245],[-99.236236,19.328245],[-99.236208,19.328238],[-99.23617,19.328238],[-99.236135,19.328242],[-99.236112,19.328257],[-99.236112,19.328275],[-99.236116,19.328319],[-99.236131,19.328345],[-99.236143,19.328359],[-99.236157,19.32838],[-99.236118,19.328373],[-99.236098,19.328369],[-99.236053,19.328345],[-99.236028,19.328336],[-99.235999,19.328326],[-99.235974,19.328327],[-99.235959,19.328322],[-99.235969,19.328294],[-99.235994,19.32827],[-99.236013,19.328242],[-99.236038,19.32819],[-99.236043,19.328166],[-99.236043,19.328133],[-99.236053,19.32811],[-99.236073,19.328086],[-99.236103,19.328082],[-99.236142,19.328063],[-99.236187,19.328048],[-99.236222,19.328044],[-99.236243,19.328044]]]]}},{"type":"Feature","properties":{"area":"La Loma","zona":"Zona de Restauracion Ecologica","zona_k":"restauracion ecologica","ha":0.61},"geometry":{"type":"MultiPolygon","coordinates":[[[[-99.236381,19.328656],[-99.236401,19.328665],[-99.236441,19.328655],[-99.236456,19.328632],[-99.236441,19.328608],[-99.236426,19.328575],[-99.236416,19.328552],[-99.236391,19.328519],[-99.236361,19.328505],[-99.236322,19.328496],[-99.236307,19.328472],[-99.236292,19.328439],[-99.236272,19.328406],[-99.236247,19.328397],[-99.236217,19.328387],[-99.236173,19.328383],[-99.236157,19.32838],[-99.236143,19.328359],[-99.236131,19.328345],[-99.236116,19.328319],[-99.236112,19.328275],[-99.236112,19.328257],[-99.236135,19.328242],[-99.23617,19.328238],[-99.236208,19.328238],[-99.236236,19.328245],[-99.23627,19.328245],[-99.236297,19.328234],[-99.236321,19.328201],[-99.236321,19.328187],[-99.236313,19.328172],[-99.23629,19.328154],[-99.236262,19.328154],[-99.236235,19.32815],[-99.236224,19.328139],[-99.236224,19.328113],[-99.236228,19.328088],[-99.236235,19.328069],[-99.236243,19.328044],[-99.236266,19.328044],[-99.236306,19.328048],[-99.236331,19.328067],[-99.236381,19.328081],[-99.236391,19.328109],[-99.23641,19.328152],[-99.236435,19.328194],[-99.23645,19.328251],[-99.236465,19.328274],[-99.236475,19.328326],[-99.236505,19.328383],[-99.23653,19.328425],[-99.236535,19.328449],[-99.23654,19.328486],[-99.236555,19.328524],[-99.23658,19.328552],[-99.23658,19.328585],[-99.236595,19.328628],[-99.236615,19.328675],[-99.236645,19.328708],[-99.236685,19.328731],[-99.236749,19.328769],[-99.236789,19.328797],[-99.236798,19.328802],[-99.236782,19.328829],[-99.236764,19.328854],[-99.23672,19.328875],[-99.23669,19.328879],[-99.23665,19.3289],[-99.236624,19.32892],[-99.236598,19.328945],[-99.236554,19.32897],[-99.236506,19.328966],[-99.236475,19.328954],[-99.236453,19.32895],[-99.236409,19.328954],[-99.236378,19.328971],[-99.23637,19.329008],[-99.23637,19.329045],[-99.23637,19.32907],[-99.236361,19.3291],[-99.236348,19.329129],[-99.236344,19.329166],[-99.236352,19.329187],[-99.236361,19.329203],[-99.236374,19.329237],[-99.23637,19.329291],[-99.23637,19.329324],[-99.236375,19.329345],[-99.236405,19.329386],[-99.236427,19.329403],[-99.236436,19.329411],[-99.23644,19.329449],[-99.236458,19.329474],[-99.236476,19.329482],[-99.236502,19.329494],[-99.236502,19.329519],[-99.236493,19.329548],[-99.236502,19.329573],[-99.23652,19.329586],[-99.236555,19.329594],[-99.236577,19.329602],[-99.236594,19.329623],[-99.236621,19.329682],[-99.236636,19.32971],[-99.236666,19.329724],[-99.236666,19.329743],[-99.236671,19.329767],[-99.236686,19.32979],[-99.236716,19.329814],[-99.236713,19.329834],[-99.236698,19.329866],[-99.236673,19.329898],[-99.236631,19.329893],[-99.236599,19.329907],[-99.236557,19.32992],[-99.236534,19.329942],[-99.23652,19.329964],[-99.236506,19.329977],[-99.236469,19.329981],[-99.236428,19.329999],[-99.236395,19.329999],[-99.236344,19.32999],[-99.236317,19.329982],[-99.236289,19.329977],[-99.23627,19.32996],[-99.236275,19.329933],[-99.236289,19.329911],[-99.236312,19.329907],[-99.236326,19.329903],[-99.23633,19.329889],[-99.236303,19.329876],[-99.236289,19.329863],[-99.236298,19.329854],[-99.23633,19.329845],[-99.236358,19.329845],[-99.23639,19.329863],[-99.236437,19.32985],[-99.236464,19.329841],[-99.236506,19.329836],[-99.236525,19.329828],[-99.236538,19.329806],[-99.236538,19.329784],[-99.236525,19.329762],[-99.236506,19.329727],[-99.236456,19.329679],[-99.236441,19.329644],[-99.236456,19.329602],[-99.236426,19.329574],[-99.236389,19.329574],[-99.236315,19.329553],[-99.236271,19.329532],[-99.236264,19.329504],[-99.236263,19.329462],[-99.236263,19.329433],[-99.236249,19.329412],[-99.236219,19.329391],[-99.236204,19.329363],[-99.236189,19.329328],[-99.236152,19.3293],[-99.2361,19.329286],[-99.236078,19.329272],[-99.236071,19.329244],[-99.236049,19.329209],[-99.235982,19.329202],[-99.235915,19.329195],[-99.235863,19.329167],[-99.235863,19.329132],[-99.2359,19.329097],[-99.235967,19.329097],[-99.236026,19.329104],[-99.236093,19.329083],[-99.236122,19.329069],[-99.236137,19.329034],[-99.236115,19.328998],[-99.236107,19.328942],[-99.2361,19.328907],[-99.236137,19.328844],[-99.236159,19.328788],[-99.236218,19.32876],[-99.236292,19.328753],[-99.236307,19.328732],[-99.236336,19.328689],[-99.236381,19.328656]]]]}},{"type":"Feature","properties":{"area":"La Loma","zona":"Zona de Restauracion Ecologica","zona_k":"restauracion ecologica","ha":0.07},"geometry":{"type":"MultiPolygon","coordinates":[[[[-99.236092,19.330579],[-99.23605,19.330566],[-99.236016,19.33054],[-99.235982,19.330521],[-99.235961,19.330508],[-99.236008,19.330491],[-99.236104,19.330469],[-99.236176,19.330451],[-99.236261,19.330425],[-99.236321,19.330411],[-99.23639,19.330393],[-99.236455,19.330373],[-99.236494,19.330365],[-99.236505,19.330368],[-99.236467,19.330386],[-99.236447,19.330404],[-99.236475,19.330459],[-99.236502,19.330452],[-99.236509,19.330474],[-99.236525,19.330465],[-99.236528,19.330476],[-99.236583,19.330476],[-99.236558,19.330492],[-99.236528,19.330521],[-99.23652,19.330553],[-99.236507,19.330586],[-99.236498,19.330602],[-99.236473,19.330594],[-99.23646,19.330574],[-99.236447,19.330553],[-99.236438,19.330537],[-99.2364,19.330507],[-99.236338,19.330501],[-99.236284,19.330508],[-99.236215,19.330521],[-99.236188,19.330527],[-99.23616,19.330547],[-99.23614,19.330579],[-99.236092,19.330579]]]]}},{"type":"Feature","properties":{"area":"La Loma","zona":"Zona de Restauracion Ecologica","zona_k":"restauracion ecologica","ha":0.38},"geometry":{"type":"MultiPolygon","coordinates":[[[[-99.235388,19.330796],[-99.235371,19.330772],[-99.235336,19.330782],[-99.235306,19.330794],[-99.235286,19.330817],[-99.235277,19.330833],[-99.235261,19.330853],[-99.235244,19.330857],[-99.235211,19.330845],[-99.23519,19.330829],[-99.23514,19.330829],[-99.23512,19.330837],[-99.235095,19.330841],[-99.235049,19.330845],[-99.235003,19.330845],[-99.234999,19.330822],[-99.234995,19.330802],[-99.235001,19.330773],[-99.235029,19.330765],[-99.235056,19.330761],[-99.23509,19.330746],[-99.235136,19.33075],[-99.235194,19.330739],[-99.235255,19.330724],[-99.23532,19.330714],[-99.235381,19.330692],[-99.235453,19.330677],[-99.235495,19.330666],[-99.235546,19.330622],[-99.235573,19.330611],[-99.235619,19.3306],[-99.235641,19.330589],[-99.235687,19.330575],[-99.235741,19.330575],[-99.23579,19.330567],[-99.235855,19.330549],[-99.235939,19.330516],[-99.235961,19.330508],[-99.235982,19.330521],[-99.236016,19.33054],[-99.23605,19.330566],[-99.236092,19.330579],[-99.236111,19.330603],[-99.236117,19.330632],[-99.236114,19.330654],[-99.236104,19.330667],[-99.236074,19.330708],[-99.236051,19.330714],[-99.236031,19.330705],[-99.236017,19.330714],[-99.236005,19.330728],[-99.236011,19.330751],[-99.236017,19.33077],[-99.236028,19.330787],[-99.236034,19.330809],[-99.23604,19.33084],[-99.236052,19.330865],[-99.23607,19.330876],[-99.236102,19.330882],[-99.236093,19.330907],[-99.236076,19.330938],[-99.236067,19.330966],[-99.236048,19.330988],[-99.236052,19.331023],[-99.236043,19.331046],[-99.236034,19.331073],[-99.235996,19.331099],[-99.235963,19.331113],[-99.235954,19.331131],[-99.235935,19.331171],[-99.235921,19.331198],[-99.235888,19.331216],[-99.235855,19.331216],[-99.235836,19.331207],[-99.235817,19.331198],[-99.235803,19.33118],[-99.23577,19.331176],[-99.235751,19.331194],[-99.235737,19.331198],[-99.235709,19.331194],[-99.235671,19.331185],[-99.235657,19.331176],[-99.235643,19.331162],[-99.235648,19.331127],[-99.235657,19.331109],[-99.235643,19.331087],[-99.235605,19.331069],[-99.235572,19.331069],[-99.235544,19.331042],[-99.235544,19.331006],[-99.235553,19.330984],[-99.235567,19.330944],[-99.235567,19.330917],[-99.235611,19.330904],[-99.235658,19.330869],[-99.235663,19.330849],[-99.235692,19.330804],[-99.235708,19.330772],[-99.235691,19.330732],[-99.235675,19.330716],[-99.235624,19.330716],[-99.23559,19.330716],[-99.235565,19.330732],[-99.23554,19.330748],[-99.235489,19.330764],[-99.235438,19.330788],[-99.235388,19.330796]]]]}},{"type":"Feature","properties":{"area":"La Loma","zona":"Zona de Restauracion Ecologica","zona_k":"restauracion ecologica","ha":0.17},"geometry":{"type":"MultiPolygon","coordinates":[[[[-99.234969,19.330085],[-99.234969,19.330072],[-99.234969,19.330042],[-99.234932,19.330029],[-99.234909,19.330024],[-99.234899,19.330024],[-99.234886,19.330007],[-99.234895,19.329989],[-99.234918,19.329985],[-99.234941,19.329989],[-99.234978,19.329985],[-99.235001,19.329967],[-99.235005,19.32995],[-99.235028,19.329924],[-99.23507,19.329893],[-99.235125,19.329888],[-99.235176,19.329893],[-99.235194,19.329906],[-99.23524,19.329915],[-99.235277,19.32991],[-99.2353,19.329897],[-99.235337,19.329871],[-99.235401,19.329858],[-99.235429,19.329849],[-99.235461,19.32984],[-99.235484,19.329805],[-99.235516,19.329801],[-99.235558,19.329792],[-99.235572,19.329787],[-99.235609,19.329783],[-99.235648,19.329803],[-99.235667,19.329824],[-99.235655,19.329848],[-99.235645,19.329867],[-99.235642,19.329897],[-99.235652,19.329912],[-99.235658,19.329933],[-99.235658,19.329961],[-99.235652,19.329976],[-99.235626,19.329994],[-99.235597,19.330006],[-99.235549,19.330033],[-99.235505,19.330055],[-99.235441,19.330076],[-99.235403,19.330094],[-99.235371,19.330103],[-99.235345,19.330109],[-99.235307,19.3301],[-99.235275,19.330088],[-99.235252,19.330082],[-99.235223,19.330085],[-99.235201,19.330098],[-99.235179,19.33011],[-99.23516,19.330119],[-99.235147,19.330137],[-99.235115,19.33014],[-99.235077,19.330134],[-99.235054,19.330125],[-99.235032,19.330116],[-99.235009,19.33011],[-99.234997,19.330098],[-99.234969,19.330085]]]]}},{"type":"Feature","properties":{"area":"La Loma","zona":"Zona de Restauracion Ecologica","zona_k":"restauracion ecologica","ha":0.67},"geometry":{"type":"MultiPolygon","coordinates":[[[[-99.234969,19.330085],[-99.234997,19.330098],[-99.235009,19.33011],[-99.235032,19.330116],[-99.235054,19.330125],[-99.235077,19.330134],[-99.235115,19.33014],[-99.235147,19.330137],[-99.23516,19.330119],[-99.235179,19.33011],[-99.235201,19.330098],[-99.235223,19.330085],[-99.235252,19.330082],[-99.235275,19.330088],[-99.235307,19.3301],[-99.235345,19.330109],[-99.235371,19.330103],[-99.235403,19.330094],[-99.235441,19.330076],[-99.235505,19.330055],[-99.235549,19.330033],[-99.235597,19.330006],[-99.235626,19.329994],[-99.235652,19.329976],[-99.235658,19.329961],[-99.235658,19.329933],[-99.235652,19.329912],[-99.235642,19.329897],[-99.235645,19.329867],[-99.235655,19.329848],[-99.235667,19.329824],[-99.235648,19.329803],[-99.235609,19.329783],[-99.235632,19.329774],[-99.235636,19.329761],[-99.235641,19.329744],[-99.235632,19.329713],[-99.235618,19.3297],[-99.23559,19.329691],[-99.235576,19.329691],[-99.235558,19.329678],[-99.235549,19.329669],[-99.235553,19.329639],[-99.235581,19.3296],[-99.235618,19.329595],[-99.235627,19.329569],[-99.235617,19.329538],[-99.23559,19.329521],[-99.235548,19.329517],[-99.235534,19.329508],[-99.235525,19.329482],[-99.235502,19.329469],[-99.235498,19.329455],[-99.235484,19.329429],[-99.235474,19.329412],[-99.235456,19.329394],[-99.235442,19.329368],[-99.235433,19.329355],[-99.235414,19.329351],[-99.235396,19.329338],[-99.235364,19.32932],[-99.235335,19.329274],[-99.23534,19.329245],[-99.235315,19.329212],[-99.23528,19.329161],[-99.235307,19.329148],[-99.235326,19.329145],[-99.235352,19.329139],[-99.235368,19.329139],[-99.235374,19.329126],[-99.23538,19.329108],[-99.235396,19.329093],[-99.235428,19.329075],[-99.235434,19.329069],[-99.235453,19.329054],[-99.235499,19.32903],[-99.235523,19.329027],[-99.235545,19.329018],[-99.235564,19.329003],[-99.235593,19.329003],[-99.235644,19.328997],[-99.235653,19.329012],[-99.235656,19.329039],[-99.235644,19.329057],[-99.235634,19.329069],[-99.235615,19.329081],[-99.235583,19.329087],[-99.235568,19.329093],[-99.235568,19.329114],[-99.235571,19.329135],[-99.23558,19.329138],[-99.235599,19.32915],[-99.235606,19.329165],[-99.23559,19.329183],[-99.23559,19.329199],[-99.235587,19.32922],[-99.235584,19.329241],[-99.235558,19.329254],[-99.235533,19.329257],[-99.235517,19.329257],[-99.235495,19.329281],[-99.235508,19.329296],[-99.235517,19.329296],[-99.235543,19.329305],[-99.235549,19.329326],[-99.235568,19.329356],[-99.235574,19.329371],[-99.235606,19.329377],[-99.235647,19.329368],[-99.235676,19.329392],[-99.235679,19.329404],[-99.235682,19.32941],[-99.235708,19.329419],[-99.23573,19.329416],[-99.23573,19.329401],[-99.23573,19.329356],[-99.235727,19.32932],[-99.235727,19.329305],[-99.23574,19.329296],[-99.235774,19.329305],[-99.235794,19.32932],[-99.2358,19.329335],[-99.2358,19.329356],[-99.235819,19.329374],[-99.235835,19.329386],[-99.235848,19.329395],[-99.23586,19.32941],[-99.23586,19.329419],[-99.23586,19.329434],[-99.235886,19.329446],[-99.235918,19.329449],[-99.235943,19.329449],[-99.235953,19.329455],[-99.235969,19.329473],[-99.235962,19.329485],[-99.235949,19.329497],[-99.235921,19.329506],[-99.235876,19.329497],[-99.235854,19.329488],[-99.235835,19.329476],[-99.235819,19.329476],[-99.235807,19.329485],[-99.2358,19.329503],[-99.235784,19.329522],[-99.235775,19.329546],[-99.235794,19.329552],[-99.235813,19.32954],[-99.235822,19.329521],[-99.235852,19.329522],[-99.235865,19.329553],[-99.235924,19.329559],[-99.235975,19.329565],[-99.235995,19.329571],[-99.235975,19.329601],[-99.235962,19.329638],[-99.235956,19.329687],[-99.235969,19.329718],[-99.236014,19.329761],[-99.236072,19.329779],[-99.236105,19.329803],[-99.236137,19.329865],[-99.236182,19.329883],[-99.236208,19.329901],[-99.236215,19.329944],[-99.236215,19.329975],[-99.236137,19.330005],[-99.236086,19.330006],[-99.23604,19.330006],[-99.235976,19.33],[-99.235956,19.329981],[-99.23595,19.329957],[-99.235918,19.329914],[-99.235885,19.329908],[-99.23584,19.329914],[-99.235847,19.329932],[-99.235866,19.329975],[-99.235879,19.329994],[-99.235911,19.330018],[-99.235918,19.330061],[-99.235905,19.330073],[-99.235911,19.330085],[-99.235898,19.330128],[-99.235866,19.330171],[-99.235834,19.330159],[-99.235795,19.330141],[-99.23575,19.330122],[-99.23564,19.330129],[-99.235576,19.330141],[-99.235543,19.330153],[-99.235479,19.330153],[-99.23544,19.330184],[-99.235388,19.330196],[-99.235382,19.330209],[-99.235324,19.330233],[-99.235292,19.330227],[-99.235259,19.330209],[-99.235198,19.330235],[-99.235169,19.330251],[-99.235105,19.330266],[-99.235056,19.33027],[-99.235032,19.330282],[-99.235028,19.330308],[-99.23504,19.330328],[-99.235068,19.330339],[-99.235105,19.330335],[-99.235133,19.330327],[-99.235173,19.330316],[-99.235206,19.330316],[-99.23523,19.330331],[-99.235234,19.330346],[-99.235254,19.330369],[-99.235285,19.330374],[-99.23527,19.330392],[-99.235257,19.330395],[-99.235234,19.330395],[-99.235225,19.330402],[-99.235221,19.330418],[-99.235216,19.330425],[-99.235172,19.330443],[-99.23514,19.330478],[-99.235117,19.3305],[-99.235094,19.330522],[-99.235052,19.330544],[-99.235015,19.330548],[-99.234969,19.330566],[-99.234909,19.330575],[-99.234868,19.330575],[-99.234813,19.33057],[-99.234799,19.330553],[-99.23478,19.330536],[-99.234794,19.330518],[-99.234808,19.330509],[-99.234813,19.330492],[-99.234799,19.330474],[-99.23479,19.33047],[-99.234762,19.330457],[-99.234743,19.330439],[-99.234785,19.330426],[-99.234813,19.330418],[-99.234826,19.3304],[-99.23484,19.330374],[-99.234835,19.330356],[-99.234803,19.330356],[-99.23478,19.330352],[-99.234753,19.330343],[-99.234748,19.330326],[-99.234752,19.3303],[-99.234785,19.330287],[-99.234817,19.330282],[-99.234868,19.330273],[-99.234895,19.330265],[-99.2349,19.330247],[-99.234904,19.330225],[-99.234895,19.330199],[-99.234881,19.330182],[-99.234854,19.330177],[-99.234826,19.330182],[-99.234808,19.330182],[-99.234789,19.330182],[-99.234775,19.330164],[-99.23478,19.330155],[-99.234794,19.330138],[-99.234817,19.330125],[-99.234849,19.330116],[-99.234909,19.330107],[-99.23495,19.330103],[-99.234969,19.330085]]]]}},{"type":"Feature","properties":{"area":"La Loma","zona":"Zona de Restauracion Ecologica","zona_k":"restauracion ecologica","ha":0.48},"geometry":{"type":"MultiPolygon","coordinates":[[[[-99.233766,19.329998],[-99.233806,19.330006],[-99.233841,19.329991],[-99.233867,19.329991],[-99.233908,19.329981],[-99.233933,19.329967],[-99.233979,19.329962],[-99.23402,19.329991],[-99.234076,19.33001],[-99.234102,19.330025],[-99.234122,19.330049],[-99.234117,19.330083],[-99.234082,19.330102],[-99.234082,19.330136],[-99.234066,19.330161],[-99.234082,19.33019],[-99.234097,19.330219],[-99.234102,19.330233],[-99.234118,19.330257],[-99.234133,19.330306],[-99.234128,19.33033],[-99.234097,19.33035],[-99.234102,19.330374],[-99.234133,19.330388],[-99.234148,19.330412],[-99.234149,19.330442],[-99.234123,19.330466],[-99.234072,19.330461],[-99.234041,19.330471],[-99.234041,19.33049],[-99.234072,19.3305],[-99.234128,19.3305],[-99.234169,19.330495],[-99.234195,19.3305],[-99.234215,19.33048],[-99.23423,19.330456],[-99.234246,19.330432],[-99.234276,19.330422],[-99.234307,19.330427],[-99.234322,19.330437],[-99.234333,19.330466],[-99.234333,19.330485],[-99.234353,19.330509],[-99.234389,19.330509],[-99.234425,19.330504],[-99.234476,19.330504],[-99.234511,19.330519],[-99.234517,19.330533],[-99.234512,19.330562],[-99.234491,19.330582],[-99.234471,19.330601],[-99.234466,19.330621],[-99.23443,19.330635],[-99.234399,19.330635],[-99.234358,19.330635],[-99.234307,19.33064],[-99.234277,19.330669],[-99.234292,19.330684],[-99.234292,19.330708],[-99.234261,19.330713],[-99.234241,19.330713],[-99.234195,19.330703],[-99.234149,19.330679],[-99.234118,19.330665],[-99.234077,19.33065],[-99.234052,19.33065],[-99.234011,19.33064],[-99.233955,19.330636],[-99.233914,19.330602],[-99.233893,19.330582],[-99.233898,19.330558],[-99.233903,19.330544],[-99.233908,19.330524],[-99.233898,19.3305],[-99.233883,19.330495],[-99.233852,19.330461],[-99.233862,19.330437],[-99.233852,19.330413],[-99.233842,19.330384],[-99.233811,19.330389],[-99.233791,19.330394],[-99.233775,19.330423],[-99.23377,19.330457],[-99.233735,19.330466],[-99.233724,19.330491],[-99.233735,19.330505],[-99.23375,19.330534],[-99.23375,19.330573],[-99.233719,19.330592],[-99.233699,19.330602],[-99.233674,19.330626],[-99.233653,19.330651],[-99.233653,19.33068],[-99.233658,19.330714],[-99.233648,19.330738],[-99.233612,19.330783],[-99.233564,19.33078],[-99.233504,19.330762],[-99.23345,19.330733],[-99.23342,19.33071],[-99.23341,19.330672],[-99.23341,19.33063],[-99.23341,19.330578],[-99.23344,19.33054],[-99.233454,19.330507],[-99.233474,19.330465],[-99.233494,19.330427],[-99.233534,19.330346],[-99.233593,19.330247],[-99.233623,19.330157],[-99.233658,19.330106],[-99.233692,19.330077],[-99.233732,19.330044],[-99.233766,19.329998]]]]}},{"type":"Feature","properties":{"area":"La Loma","zona":"Zona de Restauracion Ecologica","zona_k":"restauracion ecologica","ha":2.22},"geometry":{"type":"MultiPolygon","coordinates":[[[[-99.233612,19.330783],[-99.233648,19.330738],[-99.233658,19.330714],[-99.233653,19.33068],[-99.233653,19.330651],[-99.233674,19.330626],[-99.233699,19.330602],[-99.233719,19.330592],[-99.23375,19.330573],[-99.23375,19.330534],[-99.233735,19.330505],[-99.233724,19.330491],[-99.233735,19.330466],[-99.23377,19.330457],[-99.233775,19.330423],[-99.233791,19.330394],[-99.233811,19.330389],[-99.233842,19.330384],[-99.233852,19.330413],[-99.233862,19.330437],[-99.233852,19.330461],[-99.233883,19.330495],[-99.233898,19.3305],[-99.233908,19.330524],[-99.233903,19.330544],[-99.233898,19.330558],[-99.233893,19.330582],[-99.233914,19.330602],[-99.233955,19.330636],[-99.234011,19.33064],[-99.234052,19.33065],[-99.234077,19.33065],[-99.234118,19.330665],[-99.234149,19.330679],[-99.234195,19.330703],[-99.234241,19.330713],[-99.234261,19.330713],[-99.234292,19.330708],[-99.234292,19.330684],[-99.234277,19.330669],[-99.234307,19.33064],[-99.234358,19.330635],[-99.234399,19.330635],[-99.23443,19.330635],[-99.234466,19.330621],[-99.234471,19.330601],[-99.234491,19.330582],[-99.234512,19.330562],[-99.234517,19.330533],[-99.234511,19.330519],[-99.234476,19.330504],[-99.234425,19.330504],[-99.234389,19.330509],[-99.234353,19.330509],[-99.234333,19.330485],[-99.234333,19.330466],[-99.234322,19.330437],[-99.234307,19.330427],[-99.234276,19.330422],[-99.234246,19.330432],[-99.23423,19.330456],[-99.234215,19.33048],[-99.234195,19.3305],[-99.234169,19.330495],[-99.234128,19.3305],[-99.234072,19.3305],[-99.234041,19.33049],[-99.234041,19.330471],[-99.234072,19.330461],[-99.234123,19.330466],[-99.234149,19.330442],[-99.234148,19.330412],[-99.234133,19.330388],[-99.234102,19.330374],[-99.234097,19.33035],[-99.234128,19.33033],[-99.234133,19.330306],[-99.234118,19.330257],[-99.234102,19.330233],[-99.234097,19.330219],[-99.234082,19.33019],[-99.234066,19.330161],[-99.234082,19.330136],[-99.234082,19.330102],[-99.234117,19.330083],[-99.234122,19.330049],[-99.234102,19.330025],[-99.234076,19.33001],[-99.23402,19.329991],[-99.233979,19.329962],[-99.233933,19.329967],[-99.233908,19.329981],[-99.233867,19.329991],[-99.233841,19.329991],[-99.233806,19.330006],[-99.233766,19.329998],[-99.233777,19.329983],[-99.233811,19.329955],[-99.233841,19.329927],[-99.233891,19.329894],[-99.23393,19.329856],[-99.23396,19.329804],[-99.23399,19.329766],[-99.234025,19.329743],[-99.234044,19.329714],[-99.234089,19.329653],[-99.234129,19.329606],[-99.234153,19.329573],[-99.234203,19.329545],[-99.234228,19.329498],[-99.234257,19.329465],[-99.234302,19.329441],[-99.234317,19.329413],[-99.234362,19.32937],[-99.234376,19.329356],[-99.234396,19.329328],[-99.234416,19.329286],[-99.234436,19.329276],[-99.234456,19.329252],[-99.23448,19.32922],[-99.234505,19.329182],[-99.234535,19.329163],[-99.23457,19.329111],[-99.234589,19.329069],[-99.234605,19.329015],[-99.234625,19.328963],[-99.234669,19.328902],[-99.234714,19.328845],[-99.234743,19.328808],[-99.234763,19.328765],[-99.234783,19.328732],[-99.234823,19.328751],[-99.234853,19.328789],[-99.234912,19.328859],[-99.234977,19.32893],[-99.235027,19.328981],[-99.235076,19.329024],[-99.235146,19.32908],[-99.235181,19.329133],[-99.235211,19.329161],[-99.23526,19.329189],[-99.23529,19.329212],[-99.2353,19.329245],[-99.23532,19.329269],[-99.235335,19.329274],[-99.235364,19.32932],[-99.235396,19.329338],[-99.235414,19.329351],[-99.235433,19.329355],[-99.235442,19.329368],[-99.235456,19.329394],[-99.235474,19.329412],[-99.235484,19.329429],[-99.235498,19.329455],[-99.235502,19.329469],[-99.235525,19.329482],[-99.235534,19.329508],[-99.235548,19.329517],[-99.23559,19.329521],[-99.235617,19.329538],[-99.235627,19.329569],[-99.235618,19.329595],[-99.235581,19.3296],[-99.235553,19.329639],[-99.235549,19.329669],[-99.235558,19.329678],[-99.235576,19.329691],[-99.23559,19.329691],[-99.235618,19.3297],[-99.235632,19.329713],[-99.235641,19.329744],[-99.235636,19.329761],[-99.235632,19.329774],[-99.235609,19.329783],[-99.235572,19.329787],[-99.235558,19.329792],[-99.235516,19.329801],[-99.235484,19.329805],[-99.235461,19.32984],[-99.235429,19.329849],[-99.235401,19.329858],[-99.235337,19.329871],[-99.2353,19.329897],[-99.235277,19.32991],[-99.23524,19.329915],[-99.235194,19.329906],[-99.235176,19.329893],[-99.235125,19.329888],[-99.23507,19.329893],[-99.235028,19.329924],[-99.235005,19.32995],[-99.235001,19.329967],[-99.234978,19.329985],[-99.234941,19.329989],[-99.234918,19.329985],[-99.234895,19.329989],[-99.234886,19.330007],[-99.234899,19.330024],[-99.234909,19.330024],[-99.234932,19.330029],[-99.234969,19.330042],[-99.234969,19.330072],[-99.234969,19.330085],[-99.23495,19.330103],[-99.234909,19.330107],[-99.234849,19.330116],[-99.234817,19.330125],[-99.234794,19.330138],[-99.23478,19.330155],[-99.234775,19.330164],[-99.234789,19.330182],[-99.234808,19.330182],[-99.234826,19.330182],[-99.234854,19.330177],[-99.234881,19.330182],[-99.234895,19.330199],[-99.234904,19.330225],[-99.2349,19.330247],[-99.234895,19.330265],[-99.234868,19.330273],[-99.234817,19.330282],[-99.234785,19.330287],[-99.234752,19.3303],[-99.234748,19.330326],[-99.234753,19.330343],[-99.23478,19.330352],[-99.234803,19.330356],[-99.234835,19.330356],[-99.23484,19.330374],[-99.234826,19.3304],[-99.234813,19.330418],[-99.234785,19.330426],[-99.234743,19.330439],[-99.234762,19.330457],[-99.23479,19.33047],[-99.234799,19.330474],[-99.234813,19.330492],[-99.234808,19.330509],[-99.234794,19.330518],[-99.23478,19.330536],[-99.234799,19.330553],[-99.234813,19.33057],[-99.234868,19.330575],[-99.234909,19.330575],[-99.234969,19.330566],[-99.235015,19.330548],[-99.235052,19.330544],[-99.235094,19.330522],[-99.235117,19.3305],[-99.23514,19.330478],[-99.235172,19.330443],[-99.235216,19.330425],[-99.23522,19.330423],[-99.235221,19.330418],[-99.235225,19.330402],[-99.235234,19.330395],[-99.235257,19.330395],[-99.23527,19.330392],[-99.235285,19.330374],[-99.235294,19.330383],[-99.235302,19.330399],[-99.235316,19.330428],[-99.235307,19.330441],[-99.235324,19.330457],[-99.235346,19.330474],[-99.235351,19.330486],[-99.235351,19.330507],[-99.235364,19.33054],[-99.235373,19.330557],[-99.235377,19.330594],[-99.235408,19.330627],[-99.235417,19.330665],[-99.235395,19.330665],[-99.235347,19.330677],[-99.235255,19.330694],[-99.235207,19.330711],[-99.235154,19.330719],[-99.235062,19.330732],[-99.235005,19.330736],[-99.234952,19.33074],[-99.234879,19.330751],[-99.234821,19.330756],[-99.234763,19.33076],[-99.234689,19.330765],[-99.234616,19.33077],[-99.234562,19.330765],[-99.234482,19.33077],[-99.234353,19.330775],[-99.234279,19.330775],[-99.234175,19.33078],[-99.234095,19.330775],[-99.234016,19.330775],[-99.233911,19.330785],[-99.233837,19.330785],[-99.233772,19.330794],[-99.233708,19.33079],[-99.233638,19.330785],[-99.233612,19.330783]]]]}},{"type":"Feature","properties":{"area":"La Loma","zona":"Zona de Restauracion Ecologica","zona_k":"restauracion ecologica","ha":0.04},"geometry":{"type":"MultiPolygon","coordinates":[[[[-99.231276,19.3313],[-99.231266,19.331276],[-99.231281,19.331252],[-99.231306,19.331228],[-99.231311,19.3312],[-99.23132,19.331176],[-99.23136,19.331162],[-99.231405,19.331162],[-99.231436,19.331171],[-99.231436,19.331195],[-99.231431,19.331219],[-99.231451,19.331243],[-99.231511,19.331233],[-99.231556,19.331228],[-99.231591,19.331233],[-99.231643,19.331254],[-99.231643,19.331292],[-99.231586,19.33129],[-99.231541,19.331285],[-99.231511,19.33128],[-99.231471,19.33128],[-99.231436,19.331304],[-99.231421,19.331318],[-99.231391,19.331328],[-99.231346,19.331328],[-99.231311,19.331314],[-99.231276,19.3313]]]]}},{"type":"Feature","properties":{"area":"La Loma","zona":"Zona de Restauracion Ecologica","zona_k":"restauracion ecologica","ha":0.17},"geometry":{"type":"MultiPolygon","coordinates":[[[[-99.234045,19.33102],[-99.234067,19.331004],[-99.234118,19.330988],[-99.23418,19.330993],[-99.234242,19.330993],[-99.234265,19.331009],[-99.23435,19.331015],[-99.23443,19.331009],[-99.234492,19.331015],[-99.234537,19.33102],[-99.2346,19.331031],[-99.234656,19.331014],[-99.234707,19.330998],[-99.23473,19.330982],[-99.234775,19.330966],[-99.234809,19.33096],[-99.234832,19.330971],[-99.234826,19.330998],[-99.234804,19.331036],[-99.234804,19.331052],[-99.234768,19.331095],[-99.234743,19.331113],[-99.23473,19.331095],[-99.234724,19.331071],[-99.234705,19.331065],[-99.234673,19.331071],[-99.234642,19.331089],[-99.234617,19.331119],[-99.234623,19.331149],[-99.234636,19.331172],[-99.23463,19.331208],[-99.234617,19.331208],[-99.234573,19.331208],[-99.23456,19.331208],[-99.23451,19.331226],[-99.234479,19.331262],[-99.234466,19.33128],[-99.234435,19.331298],[-99.234416,19.331322],[-99.234391,19.331346],[-99.234372,19.33137],[-99.234347,19.331388],[-99.234309,19.331388],[-99.234271,19.331364],[-99.234259,19.33134],[-99.234259,19.331298],[-99.234265,19.331262],[-99.234271,19.331215],[-99.234258,19.331179],[-99.234233,19.331167],[-99.234202,19.331143],[-99.23417,19.331149],[-99.234145,19.331155],[-99.234133,19.331137],[-99.234133,19.331113],[-99.234126,19.33109],[-99.234107,19.331072],[-99.23407,19.33106],[-99.234045,19.33102]]]]}},{"type":"Feature","properties":{"area":"La Loma","zona":"Zona de Proteccion Estricta","zona_k":"proteccion estricta","ha":0.18},"geometry":{"type":"MultiPolygon","coordinates":[[[[-99.232248,19.331536],[-99.232286,19.331529],[-99.23232,19.331535],[-99.232366,19.331551],[-99.232388,19.331556],[-99.232434,19.331556],[-99.232502,19.331556],[-99.232547,19.33155],[-99.23257,19.331524],[-99.232609,19.331513],[-99.232643,19.331534],[-99.232695,19.33154],[-99.232734,19.33154],[-99.232774,19.331518],[-99.232781,19.331558],[-99.232781,19.331588],[-99.232762,19.331617],[-99.232737,19.331629],[-99.232718,19.331653],[-99.232718,19.331683],[-99.23268,19.331731],[-99.23268,19.331773],[-99.232693,19.331796],[-99.232724,19.331844],[-99.232731,19.331868],[-99.232724,19.331904],[-99.232712,19.331928],[-99.232687,19.331963],[-99.232681,19.331993],[-99.232655,19.332023],[-99.232637,19.332023],[-99.232618,19.332017],[-99.232567,19.332005],[-99.232555,19.33197],[-99.232536,19.331946],[-99.232536,19.331904],[-99.232504,19.331874],[-99.23246,19.33185],[-99.232416,19.331827],[-99.232397,19.331803],[-99.232372,19.331755],[-99.232328,19.331725],[-99.232284,19.33169],[-99.23224,19.331654],[-99.232234,19.331636],[-99.232252,19.331612],[-99.232271,19.331594],[-99.232271,19.331582],[-99.232265,19.331558],[-99.232248,19.331536]]]]}},{"type":"Feature","properties":{"area":"La Loma","zona":"Zona de Restauracion Ecologica","zona_k":"restauracion ecologica","ha":0.18},"geometry":{"type":"MultiPolygon","coordinates":[[[[-99.231421,19.331318],[-99.231436,19.331304],[-99.231471,19.33128],[-99.231511,19.33128],[-99.231541,19.331285],[-99.231586,19.33129],[-99.231643,19.331292],[-99.231643,19.33131],[-99.231668,19.33132],[-99.231677,19.331282],[-99.231692,19.331235],[-99.231697,19.331202],[-99.231707,19.331178],[-99.231727,19.331164],[-99.231767,19.331155],[-99.231816,19.331155],[-99.231826,19.331152],[-99.231838,19.331175],[-99.231855,19.33118],[-99.231855,19.331202],[-99.231832,19.331218],[-99.231798,19.331207],[-99.231753,19.331207],[-99.231747,19.331224],[-99.231753,19.331245],[-99.231764,19.331261],[-99.231787,19.331266],[-99.231793,19.331283],[-99.231793,19.33132],[-99.231753,19.331336],[-99.231742,19.331358],[-99.231765,19.331385],[-99.231804,19.331385],[-99.231855,19.331385],[-99.231912,19.331401],[-99.231935,19.331417],[-99.231957,19.331428],[-99.231997,19.331444],[-99.232037,19.331454],[-99.232088,19.331487],[-99.232116,19.331513],[-99.232145,19.331535],[-99.232107,19.331566],[-99.232088,19.331601],[-99.23207,19.331636],[-99.232033,19.331648],[-99.231989,19.331672],[-99.231977,19.331678],[-99.231939,19.33169],[-99.231902,19.331672],[-99.231883,19.33166],[-99.231833,19.331631],[-99.231796,19.331601],[-99.231771,19.331584],[-99.231721,19.331548],[-99.231715,19.331513],[-99.231709,19.331489],[-99.231715,19.331466],[-99.231703,19.33143],[-99.231678,19.33143],[-99.23164,19.331431],[-99.23156,19.331448],[-99.231522,19.33146],[-99.23151,19.331472],[-99.231466,19.331484],[-99.231435,19.331466],[-99.231423,19.331449],[-99.231404,19.331401],[-99.231404,19.33136],[-99.231421,19.331318]]]]}},{"type":"Feature","properties":{"area":"La Loma","zona":"Zona de Proteccion Estricta","zona_k":"proteccion estricta","ha":6.12},"geometry":{"type":"MultiPolygon","coordinates":[[[[-99.23118,19.331607],[-99.231137,19.331623],[-99.231125,19.33156],[-99.231106,19.331531],[-99.231088,19.331496],[-99.231112,19.331467],[-99.231155,19.331461],[-99.231205,19.331467],[-99.23126,19.331472],[-99.231272,19.331426],[-99.231266,19.331385],[-99.23126,19.331356],[-99.231247,19.331332],[-99.231276,19.3313],[-99.231311,19.331314],[-99.231346,19.331328],[-99.231391,19.331328],[-99.231421,19.331318],[-99.231404,19.33136],[-99.231404,19.331401],[-99.231423,19.331449],[-99.231435,19.331466],[-99.231466,19.331484],[-99.23151,19.331472],[-99.231522,19.33146],[-99.23156,19.331448],[-99.23164,19.331431],[-99.231678,19.33143],[-99.231703,19.33143],[-99.231715,19.331466],[-99.231709,19.331489],[-99.231715,19.331513],[-99.231721,19.331548],[-99.231771,19.331584],[-99.231796,19.331601],[-99.231833,19.331631],[-99.231883,19.33166],[-99.231902,19.331672],[-99.231939,19.33169],[-99.231977,19.331678],[-99.23198,19.331677],[-99.231989,19.331672],[-99.232033,19.331648],[-99.23207,19.331636],[-99.232088,19.331601],[-99.232107,19.331566],[-99.232145,19.331535],[-99.23219,19.331546],[-99.232224,19.33154],[-99.232248,19.331536],[-99.232265,19.331558],[-99.232271,19.331582],[-99.232271,19.331594],[-99.232252,19.331612],[-99.232234,19.331636],[-99.23224,19.331654],[-99.232284,19.33169],[-99.232328,19.331725],[-99.232372,19.331755],[-99.232397,19.331803],[-99.232416,19.331827],[-99.23246,19.33185],[-99.232504,19.331874],[-99.232536,19.331904],[-99.232536,19.331946],[-99.232555,19.33197],[-99.232567,19.332005],[-99.232618,19.332017],[-99.232637,19.332023],[-99.232655,19.332023],[-99.232681,19.331993],[-99.232687,19.331963],[-99.232712,19.331928],[-99.232724,19.331904],[-99.232731,19.331868],[-99.232724,19.331844],[-99.232693,19.331796],[-99.23268,19.331773],[-99.23268,19.331731],[-99.232718,19.331683],[-99.232718,19.331653],[-99.232737,19.331629],[-99.232762,19.331617],[-99.232781,19.331588],[-99.232781,19.331558],[-99.232774,19.331518],[-99.232814,19.331502],[-99.232836,19.331459],[-99.232859,19.33141],[-99.232887,19.331389],[-99.232944,19.331367],[-99.23299,19.331366],[-99.233019,19.331387],[-99.233053,19.331398],[-99.233081,19.331398],[-99.233092,19.331387],[-99.233126,19.33136],[-99.233154,19.331334],[-99.233211,19.331317],[-99.23324,19.331323],[-99.233257,19.331344],[-99.233274,19.33136],[-99.233313,19.331371],[-99.233342,19.331355],[-99.233353,19.331333],[-99.233364,19.331306],[-99.233381,19.331274],[-99.233381,19.331258],[-99.233404,19.33122],[-99.233421,19.331193],[-99.233432,19.331177],[-99.233466,19.33115],[-99.233506,19.331145],[-99.233523,19.331156],[-99.233568,19.331166],[-99.233596,19.331156],[-99.233619,19.331145],[-99.233647,19.331134],[-99.233659,19.331118],[-99.23367,19.331107],[-99.233693,19.331091],[-99.233727,19.33108],[-99.233783,19.33108],[-99.233823,19.331101],[-99.23384,19.331118],[-99.23384,19.331139],[-99.233857,19.331161],[-99.23388,19.331177],[-99.233874,19.331198],[-99.23388,19.33122],[-99.23388,19.33123],[-99.23392,19.33123],[-99.233959,19.331241],[-99.233999,19.331236],[-99.234027,19.331198],[-99.234016,19.331166],[-99.233993,19.331155],[-99.233959,19.331139],[-99.233954,19.331117],[-99.233959,19.331091],[-99.233987,19.331069],[-99.234004,19.331047],[-99.234044,19.331021],[-99.234045,19.33102],[-99.23407,19.33106],[-99.234107,19.331072],[-99.234126,19.33109],[-99.234133,19.331113],[-99.234133,19.331137],[-99.234145,19.331155],[-99.23417,19.331149],[-99.234202,19.331143],[-99.234233,19.331167],[-99.234258,19.331179],[-99.234271,19.331215],[-99.234265,19.331262],[-99.234259,19.331298],[-99.234259,19.33134],[-99.234271,19.331364],[-99.234309,19.331388],[-99.234347,19.331388],[-99.234372,19.33137],[-99.234391,19.331346],[-99.234416,19.331322],[-99.234435,19.331298],[-99.234466,19.33128],[-99.234479,19.331262],[-99.23451,19.331226],[-99.23456,19.331208],[-99.234573,19.331208],[-99.234617,19.331208],[-99.23463,19.331208],[-99.234636,19.331172],[-99.234623,19.331149],[-99.234617,19.331119],[-99.234642,19.331089],[-99.234673,19.331071],[-99.234705,19.331065],[-99.234724,19.331071],[-99.23473,19.331095],[-99.234743,19.331113],[-99.234768,19.331095],[-99.234804,19.331052],[-99.234832,19.331068],[-99.234894,19.331068],[-99.23494,19.331068],[-99.23498,19.331084],[-99.234997,19.331121],[-99.235002,19.331159],[-99.234991,19.331175],[-99.234968,19.331208],[-99.234946,19.331218],[-99.234934,19.331256],[-99.23494,19.331272],[-99.234963,19.331288],[-99.234991,19.331294],[-99.235037,19.331315],[-99.235065,19.33132],[-99.235139,19.331347],[-99.235178,19.331352],[-99.235207,19.331363],[-99.235241,19.331379],[-99.235258,19.331368],[-99.235246,19.331347],[-99.235229,19.331336],[-99.235224,19.331315],[-99.235212,19.331288],[-99.235218,19.331266],[-99.235235,19.331261],[-99.235263,19.331256],[-99.23528,19.331293],[-99.235303,19.331298],[-99.23532,19.331293],[-99.235337,19.331272],[-99.235337,19.331245],[-99.235331,19.331218],[-99.235309,19.331207],[-99.235274,19.331186],[-99.23524,19.331153],[-99.235218,19.331143],[-99.235189,19.331127],[-99.235155,19.331084],[-99.235138,19.331051],[-99.235132,19.331008],[-99.235144,19.33096],[-99.235166,19.330928],[-99.235217,19.330917],[-99.235274,19.33089],[-99.235302,19.330884],[-99.235331,19.330868],[-99.235348,19.330852],[-99.235376,19.330836],[-99.235387,19.330831],[-99.235388,19.330796],[-99.235438,19.330788],[-99.235489,19.330764],[-99.23554,19.330748],[-99.235565,19.330732],[-99.23559,19.330716],[-99.235624,19.330716],[-99.235675,19.330716],[-99.235691,19.330732],[-99.235708,19.330772],[-99.235692,19.330804],[-99.235663,19.330849],[-99.235658,19.330869],[-99.235611,19.330904],[-99.235567,19.330917],[-99.235567,19.330944],[-99.235553,19.330984],[-99.235544,19.331006],[-99.235544,19.331042],[-99.235572,19.331069],[-99.235605,19.331069],[-99.235643,19.331087],[-99.235657,19.331109],[-99.235648,19.331127],[-99.235643,19.331162],[-99.235657,19.331176],[-99.235671,19.331185],[-99.235709,19.331194],[-99.235737,19.331198],[-99.235751,19.331194],[-99.23577,19.331176],[-99.235803,19.33118],[-99.235817,19.331198],[-99.235836,19.331207],[-99.235855,19.331216],[-99.235888,19.331216],[-99.235921,19.331198],[-99.235935,19.331171],[-99.235954,19.331131],[-99.235963,19.331113],[-99.235996,19.331099],[-99.236034,19.331073],[-99.236043,19.331046],[-99.236052,19.331023],[-99.236048,19.330988],[-99.236067,19.330966],[-99.236076,19.330938],[-99.236093,19.330907],[-99.236102,19.330882],[-99.23607,19.330876],[-99.236052,19.330865],[-99.23604,19.33084],[-99.236034,19.330809],[-99.236028,19.330787],[-99.236017,19.33077],[-99.236011,19.330751],[-99.236005,19.330728],[-99.236017,19.330714],[-99.236031,19.330705],[-99.236051,19.330714],[-99.236074,19.330708],[-99.236104,19.330667],[-99.236114,19.330654],[-99.236117,19.330632],[-99.236111,19.330603],[-99.236092,19.330579],[-99.23614,19.330579],[-99.23616,19.330547],[-99.236188,19.330527],[-99.236215,19.330521],[-99.236284,19.330508],[-99.236338,19.330501],[-99.2364,19.330507],[-99.236438,19.330537],[-99.236447,19.330553],[-99.23646,19.330574],[-99.236473,19.330594],[-99.236498,19.330602],[-99.236507,19.330586],[-99.23652,19.330553],[-99.236528,19.330521],[-99.236558,19.330492],[-99.236583,19.330476],[-99.236597,19.330476],[-99.236689,19.330446],[-99.236785,19.330428],[-99.236872,19.330445],[-99.236905,19.330472],[-99.236936,19.330497],[-99.236959,19.330567],[-99.236936,19.330636],[-99.2369,19.330684],[-99.236886,19.330715],[-99.236845,19.330758],[-99.23679,19.330776],[-99.236712,19.330806],[-99.236685,19.33085],[-99.236676,19.330902],[-99.236648,19.330937],[-99.236648,19.330949],[-99.236648,19.331011],[-99.236639,19.331093],[-99.236626,19.331154],[-99.236671,19.331211],[-99.236726,19.331245],[-99.236772,19.331293],[-99.236809,19.331349],[-99.236889,19.331381],[-99.236797,19.331523],[-99.236637,19.331649],[-99.236426,19.331787],[-99.236468,19.332017],[-99.236419,19.332023],[-99.235979,19.332067],[-99.235567,19.332108],[-99.23552,19.332113],[-99.235477,19.332117],[-99.23531,19.332134],[-99.235013,19.332164],[-99.234858,19.332176],[-99.234647,19.332184],[-99.234346,19.331978],[-99.234167,19.331949],[-99.233906,19.331907],[-99.233905,19.331907],[-99.2334,19.331992],[-99.233088,19.332044],[-99.233211,19.332366],[-99.233212,19.332366],[-99.233423,19.332366],[-99.233484,19.332367],[-99.233493,19.332367],[-99.233513,19.332367],[-99.233614,19.332367],[-99.233931,19.332368],[-99.234217,19.332416],[-99.234504,19.332654],[-99.234778,19.332706],[-99.235246,19.332859],[-99.235649,19.333064],[-99.235652,19.333067],[-99.235753,19.333214],[-99.235754,19.333218],[-99.235644,19.333237],[-99.235587,19.333191],[-99.235586,19.333191],[-99.235558,19.3332],[-99.23552,19.333137],[-99.235482,19.333119],[-99.235435,19.333057],[-99.235434,19.333057],[-99.235378,19.333083],[-99.235368,19.333038],[-99.234997,19.332948],[-99.234996,19.332948],[-99.234873,19.332985],[-99.234863,19.332957],[-99.234739,19.332948],[-99.234673,19.33293],[-99.234672,19.33293],[-99.234653,19.33294],[-99.234615,19.332967],[-99.234501,19.332949],[-99.234244,19.332804],[-99.234186,19.332713],[-99.234185,19.332713],[-99.234129,19.332723],[-99.234019,19.332724],[-99.234016,19.332714],[-99.234015,19.332714],[-99.233731,19.332761],[-99.233722,19.332743],[-99.233407,19.332706],[-99.233406,19.332706],[-99.233034,19.332743],[-99.232943,19.332751],[-99.23289,19.33259],[-99.232886,19.332484],[-99.232879,19.332446],[-99.232879,19.332406],[-99.232919,19.33235],[-99.232952,19.332259],[-99.232961,19.332223],[-99.232961,19.332177],[-99.232899,19.332111],[-99.23282,19.332073],[-99.232787,19.332103],[-99.232704,19.332075],[-99.232679,19.332094],[-99.232637,19.332109],[-99.232592,19.332118],[-99.232526,19.332118],[-99.232517,19.332099],[-99.232516,19.332099],[-99.232338,19.332129],[-99.232335,19.332245],[-99.232072,19.332172],[-99.232107,19.332114],[-99.232042,19.332072],[-99.232024,19.331998],[-99.23195,19.331957],[-99.23188,19.331977],[-99.231824,19.331973],[-99.231728,19.331819],[-99.231595,19.331804],[-99.231517,19.331721],[-99.231384,19.331654],[-99.231266,19.331635],[-99.23118,19.331607]]]]}},{"type":"Feature","properties":{"area":"La Loma","zona":"Zona de Proteccion Estricta","zona_k":"proteccion estricta","ha":1.16},"geometry":{"type":"MultiPolygon","coordinates":[[[[-99.230929,19.331678],[-99.230965,19.331683],[-99.231002,19.331689],[-99.231033,19.331689],[-99.231063,19.331677],[-99.23108,19.331643],[-99.231133,19.331835],[-99.231169,19.331882],[-99.231241,19.331925],[-99.23131,19.331941],[-99.231337,19.331975],[-99.231355,19.332022],[-99.231363,19.332069],[-99.231372,19.33217],[-99.231372,19.33219],[-99.231358,19.332245],[-99.231364,19.332263],[-99.231375,19.332287],[-99.231427,19.332338],[-99.23146,19.332368],[-99.231551,19.33244],[-99.231592,19.332471],[-99.231628,19.3325],[-99.231655,19.332527],[-99.231683,19.332561],[-99.231708,19.332596],[-99.231711,19.332609],[-99.231719,19.332635],[-99.231728,19.332682],[-99.231737,19.332723],[-99.231743,19.332747],[-99.231744,19.332765],[-99.231743,19.332805],[-99.231738,19.332842],[-99.23173,19.332895],[-99.231719,19.332946],[-99.231648,19.332957],[-99.231621,19.333006],[-99.231631,19.333062],[-99.231617,19.333114],[-99.231587,19.333182],[-99.23158,19.33325],[-99.231553,19.333328],[-99.231546,19.333419],[-99.23156,19.333465],[-99.231598,19.333533],[-99.231649,19.333582],[-99.231687,19.333692],[-99.231748,19.333702],[-99.231749,19.333702],[-99.231749,19.333702],[-99.231817,19.333679],[-99.23182,19.33379],[-99.231875,19.333806],[-99.231875,19.333806],[-99.231876,19.333806],[-99.231941,19.333738],[-99.232117,19.333859],[-99.232144,19.333876],[-99.232148,19.333879],[-99.232158,19.333888],[-99.232165,19.333896],[-99.232526,19.334258],[-99.232556,19.334289],[-99.232085,19.334412],[-99.232078,19.334392],[-99.232,19.33427],[-99.23197,19.334222],[-99.231923,19.33414],[-99.231897,19.334095],[-99.231844,19.334081],[-99.23182,19.334073],[-99.23166,19.334011],[-99.23166,19.334011],[-99.231659,19.334011],[-99.231688,19.334085],[-99.231707,19.334135],[-99.231722,19.334158],[-99.231761,19.334244],[-99.231481,19.334289],[-99.231386,19.334193],[-99.231301,19.333869],[-99.23131,19.33348],[-99.231327,19.333376],[-99.231354,19.333279],[-99.231345,19.333274],[-99.231347,19.333272],[-99.231351,19.333264],[-99.231354,19.333259],[-99.231357,19.333247],[-99.231359,19.333238],[-99.231365,19.333218],[-99.231371,19.333201],[-99.231377,19.333174],[-99.231385,19.333147],[-99.231393,19.333123],[-99.231409,19.333076],[-99.231415,19.333045],[-99.231423,19.333007],[-99.23143,19.332976],[-99.231447,19.332908],[-99.231466,19.332837],[-99.231469,19.332817],[-99.231484,19.33276],[-99.23149,19.332734],[-99.231496,19.332711],[-99.231489,19.332696],[-99.231472,19.332686],[-99.231455,19.332675],[-99.231527,19.332598],[-99.231423,19.33256],[-99.23134,19.33253],[-99.231214,19.332438],[-99.231213,19.332438],[-99.231213,19.332438],[-99.231182,19.332444],[-99.231165,19.332423],[-99.231153,19.332402],[-99.231133,19.332353],[-99.231119,19.332296],[-99.231152,19.332258],[-99.231146,19.33221],[-99.231118,19.332163],[-99.231118,19.332122],[-99.231134,19.332097],[-99.231127,19.332056],[-99.231096,19.332015],[-99.231053,19.331979],[-99.231019,19.33193],[-99.23097,19.331877],[-99.230956,19.331757],[-99.230929,19.331678]]]]}},{"type":"Feature","properties":{"area":"La Loma","zona":"Zona de Restauracion Ecologica","zona_k":"restauracion ecologica","ha":0.34},"geometry":{"type":"MultiPolygon","coordinates":[[[[-99.232032,19.331069],[-99.232031,19.331028],[-99.232031,19.331013],[-99.232063,19.330997],[-99.232095,19.330987],[-99.232112,19.330977],[-99.232106,19.330957],[-99.23209,19.330941],[-99.232058,19.330921],[-99.232042,19.330901],[-99.232058,19.33087],[-99.232095,19.330865],[-99.232138,19.33088],[-99.232181,19.330901],[-99.232208,19.330911],[-99.232246,19.330895],[-99.232262,19.33088],[-99.232299,19.33086],[-99.232348,19.33086],[-99.232353,19.330844],[-99.232348,19.330819],[-99.232337,19.330788],[-99.232337,19.330768],[-99.232342,19.330727],[-99.232374,19.330702],[-99.232412,19.330681],[-99.232439,19.330681],[-99.232466,19.330696],[-99.232498,19.330696],[-99.232519,19.330681],[-99.232541,19.33063],[-99.232557,19.330605],[-99.2326,19.330584],[-99.232626,19.330584],[-99.232648,19.330599],[-99.232643,19.33062],[-99.232621,19.33064],[-99.232605,19.330681],[-99.232584,19.330686],[-99.232605,19.330712],[-99.232578,19.330717],[-99.232573,19.330727],[-99.232525,19.330763],[-99.232503,19.330788],[-99.232487,19.330803],[-99.23246,19.330819],[-99.232428,19.330829],[-99.232423,19.330859],[-99.232407,19.33087],[-99.232423,19.33089],[-99.23245,19.330915],[-99.232461,19.330956],[-99.232466,19.331002],[-99.232498,19.331043],[-99.232514,19.331073],[-99.232552,19.331094],[-99.232611,19.331114],[-99.232643,19.331114],[-99.232654,19.331104],[-99.232654,19.331083],[-99.232643,19.331058],[-99.232627,19.331043],[-99.2326,19.331022],[-99.232568,19.331022],[-99.232547,19.331022],[-99.232546,19.331007],[-99.232563,19.330992],[-99.232579,19.330966],[-99.232616,19.330981],[-99.232648,19.330981],[-99.232665,19.330976],[-99.232691,19.330981],[-99.232691,19.331002],[-99.232681,19.331017],[-99.232675,19.331037],[-99.232692,19.331042],[-99.232713,19.331048],[-99.232724,19.331027],[-99.23274,19.331027],[-99.232777,19.331007],[-99.232804,19.330986],[-99.232826,19.330971],[-99.23281,19.330946],[-99.232788,19.33093],[-99.232788,19.330905],[-99.232826,19.330905],[-99.232842,19.3309],[-99.232852,19.330884],[-99.232836,19.330874],[-99.232815,19.330869],[-99.232783,19.330869],[-99.232766,19.330864],[-99.23275,19.330844],[-99.232756,19.330823],[-99.232782,19.330808],[-99.232799,19.330803],[-99.232804,19.330783],[-99.232815,19.330747],[-99.23282,19.330721],[-99.232847,19.330691],[-99.232847,19.330655],[-99.232831,19.33063],[-99.232814,19.330625],[-99.232793,19.330615],[-99.232793,19.330589],[-99.23282,19.330579],[-99.232857,19.330574],[-99.2329,19.330599],[-99.232959,19.330625],[-99.232992,19.33063],[-99.233029,19.33066],[-99.233056,19.33067],[-99.233072,19.330701],[-99.233099,19.330741],[-99.233115,19.330777],[-99.233151,19.330814],[-99.233116,19.330875],[-99.233077,19.330927],[-99.233032,19.330988],[-99.232992,19.331017],[-99.232982,19.331003],[-99.232973,19.330989],[-99.232958,19.33097],[-99.232933,19.33097],[-99.232933,19.331003],[-99.232963,19.331026],[-99.232973,19.331045],[-99.232968,19.331078],[-99.232948,19.331116],[-99.232908,19.331158],[-99.232888,19.331182],[-99.232864,19.331196],[-99.232819,19.331201],[-99.232764,19.331186],[-99.232685,19.331177],[-99.232635,19.331154],[-99.232561,19.331135],[-99.232516,19.331126],[-99.232466,19.331126],[-99.232412,19.33113],[-99.232367,19.331112],[-99.232322,19.331098],[-99.232273,19.331088],[-99.232193,19.331065],[-99.232119,19.331065],[-99.232039,19.33107],[-99.232032,19.331069]]]]}},{"type":"Feature","properties":{"area":"La Loma","zona":"Zona de Proteccion Estricta","zona_k":"proteccion estricta","ha":1.28},"geometry":{"type":"MultiPolygon","coordinates":[[[[-99.228252,19.331612],[-99.228147,19.331659],[-99.228123,19.331636],[-99.228123,19.33158],[-99.22814,19.331557],[-99.22817,19.33154],[-99.228182,19.331512],[-99.2282,19.331472],[-99.228259,19.331467],[-99.228331,19.331472],[-99.228414,19.331472],[-99.22848,19.331466],[-99.228527,19.331466],[-99.228569,19.331455],[-99.228593,19.331432],[-99.228617,19.331404],[-99.228694,19.331381],[-99.228766,19.331359],[-99.228807,19.331336],[-99.228849,19.331336],[-99.228897,19.33133],[-99.22895,19.33133],[-99.228998,19.331319],[-99.229039,19.331296],[-99.229063,19.331262],[-99.229099,19.331239],[-99.229135,19.331217],[-99.229182,19.3312],[-99.229242,19.3312],[-99.229278,19.331188],[-99.229301,19.331166],[-99.229307,19.331138],[-99.229319,19.331104],[-99.229331,19.331075],[-99.229385,19.331053],[-99.229408,19.33103],[-99.229462,19.330985],[-99.229474,19.330957],[-99.229492,19.330923],[-99.229539,19.330906],[-99.229569,19.330917],[-99.229581,19.330934],[-99.229605,19.330956],[-99.229623,19.330956],[-99.22967,19.330951],[-99.2297,19.330945],[-99.229724,19.330968],[-99.229724,19.33099],[-99.229724,19.331024],[-99.229706,19.33103],[-99.229665,19.331035],[-99.229647,19.331041],[-99.229641,19.331064],[-99.229647,19.331098],[-99.229665,19.331126],[-99.229695,19.331148],[-99.229724,19.331148],[-99.229754,19.331148],[-99.22979,19.331143],[-99.229814,19.331126],[-99.229831,19.331103],[-99.229855,19.331058],[-99.229885,19.331046],[-99.229921,19.331063],[-99.229957,19.331086],[-99.229974,19.331103],[-99.230004,19.331125],[-99.230052,19.331125],[-99.230111,19.331148],[-99.230171,19.331148],[-99.230195,19.331136],[-99.230242,19.331136],[-99.23029,19.331119],[-99.23035,19.331114],[-99.230433,19.331119],[-99.230487,19.331125],[-99.230516,19.331125],[-99.230576,19.331125],[-99.2306,19.331108],[-99.23063,19.331091],[-99.230653,19.331045],[-99.230689,19.331017],[-99.230713,19.330989],[-99.230778,19.330983],[-99.230838,19.330989],[-99.230874,19.330977],[-99.230915,19.330943],[-99.230945,19.330932],[-99.230981,19.330938],[-99.231023,19.330943],[-99.231058,19.330949],[-99.231094,19.33096],[-99.231112,19.330994],[-99.231112,19.331022],[-99.231082,19.331051],[-99.231058,19.331079],[-99.231053,19.331113],[-99.231076,19.331147],[-99.231094,19.331175],[-99.231082,19.33122],[-99.231071,19.331243],[-99.231029,19.331282],[-99.230987,19.331305],[-99.230904,19.331322],[-99.230862,19.33135],[-99.23085,19.33139],[-99.23085,19.331429],[-99.230874,19.331446],[-99.23091,19.331469],[-99.230922,19.331486],[-99.230958,19.331503],[-99.230982,19.331537],[-99.230988,19.331559],[-99.23097,19.331587],[-99.23094,19.331604],[-99.23091,19.331627],[-99.230864,19.331656],[-99.230841,19.331649],[-99.230773,19.331604],[-99.230668,19.331538],[-99.230524,19.331462],[-99.230142,19.331439],[-99.230072,19.33142],[-99.230071,19.33142],[-99.229823,19.331508],[-99.229591,19.331505],[-99.229513,19.331504],[-99.229512,19.331504],[-99.229513,19.33157],[-99.229292,19.33157],[-99.229214,19.331657],[-99.229084,19.331665],[-99.228949,19.331633],[-99.228947,19.331631],[-99.228923,19.331628],[-99.228922,19.331628],[-99.228794,19.331654],[-99.22878,19.331654],[-99.228661,19.331646],[-99.22866,19.331646],[-99.228309,19.331723],[-99.228252,19.331612]]]]}},{"type":"Feature","properties":{"area":"La Loma","zona":"Zona de Uso Especial","zona_k":"uso especial","ha":0.09},"geometry":{"type":"MultiPolygon","coordinates":[[[[-99.227767,19.331859],[-99.227769,19.331841],[-99.22776,19.33181],[-99.227746,19.331788],[-99.227741,19.33177],[-99.22775,19.331739],[-99.227764,19.331726],[-99.227788,19.331699],[-99.227783,19.331681],[-99.227783,19.331663],[-99.227764,19.33165],[-99.227741,19.331632],[-99.227727,19.33161],[-99.227722,19.331588],[-99.227731,19.331575],[-99.227745,19.331566],[-99.227778,19.331561],[-99.227816,19.331557],[-99.227858,19.331543],[-99.2279,19.331543],[-99.227928,19.331552],[-99.227947,19.331543],[-99.227984,19.33153],[-99.228017,19.331534],[-99.228059,19.33153],[-99.228078,19.331543],[-99.228087,19.331565],[-99.228087,19.331601],[-99.228083,19.331623],[-99.228083,19.331645],[-99.228108,19.331676],[-99.227794,19.331814],[-99.227816,19.331941],[-99.227764,19.331881],[-99.227767,19.331859]]]]}},{"type":"Feature","properties":{"area":"La Loma","zona":"Zona de Uso Especial","zona_k":"uso especial","ha":0.13},"geometry":{"type":"MultiPolygon","coordinates":[[[[-99.226884,19.332171],[-99.226903,19.332184],[-99.226903,19.332198],[-99.226912,19.33222],[-99.226936,19.332233],[-99.226954,19.332255],[-99.226964,19.332295],[-99.226954,19.332313],[-99.22695,19.33234],[-99.226917,19.332344],[-99.226898,19.332371],[-99.226884,19.332398],[-99.226861,19.332429],[-99.226828,19.332464],[-99.226791,19.332491],[-99.226777,19.332496],[-99.226735,19.332513],[-99.226721,19.332527],[-99.226711,19.332536],[-99.226669,19.332549],[-99.226655,19.332531],[-99.226627,19.332509],[-99.226594,19.332518],[-99.226575,19.332545],[-99.226566,19.332567],[-99.226547,19.332603],[-99.226529,19.332629],[-99.22651,19.332634],[-99.2265,19.332607],[-99.226505,19.332589],[-99.226514,19.332558],[-99.226524,19.332523],[-99.226533,19.332487],[-99.226542,19.332447],[-99.22657,19.33242],[-99.226584,19.332385],[-99.226594,19.332354],[-99.226603,19.332322],[-99.226626,19.332305],[-99.226655,19.332287],[-99.226669,19.332256],[-99.226631,19.332247],[-99.22664,19.332207],[-99.226678,19.332171],[-99.226711,19.332171],[-99.226739,19.33218],[-99.226743,19.332162],[-99.226772,19.332145],[-99.226804,19.332153],[-99.226851,19.332162],[-99.226884,19.332171]]]]}},{"type":"Feature","properties":{"area":"La Loma","zona":"Zona de Uso Especial","zona_k":"uso especial","ha":0.06},"geometry":{"type":"MultiPolygon","coordinates":[[[[-99.226903,19.332184],[-99.226884,19.332171],[-99.226914,19.332163],[-99.22696,19.332146],[-99.227001,19.332133],[-99.227039,19.332113],[-99.227076,19.3321],[-99.227102,19.332086],[-99.227147,19.332071],[-99.227176,19.332059],[-99.227204,19.332044],[-99.227226,19.33203],[-99.227235,19.332019],[-99.227204,19.332021],[-99.227125,19.33203],[-99.227043,19.332042],[-99.226974,19.332046],[-99.226934,19.332048],[-99.226911,19.332054],[-99.226897,19.332048],[-99.226893,19.332038],[-99.226893,19.332019],[-99.226942,19.332005],[-99.227046,19.331996],[-99.22717,19.331986],[-99.227293,19.331974],[-99.227378,19.331958],[-99.22743,19.331934],[-99.227495,19.331918],[-99.227556,19.331906],[-99.227628,19.331878],[-99.22769,19.331847],[-99.227729,19.331825],[-99.22776,19.33181],[-99.227769,19.331841],[-99.227767,19.331859],[-99.227739,19.331878],[-99.227681,19.331904],[-99.227635,19.331928],[-99.227578,19.331942],[-99.227531,19.331955],[-99.227474,19.331972],[-99.227432,19.331988],[-99.227402,19.332012],[-99.22734,19.332021],[-99.227287,19.332027],[-99.227257,19.33204],[-99.227243,19.332067],[-99.227213,19.332086],[-99.227158,19.332097],[-99.227121,19.332117],[-99.227087,19.332137],[-99.227057,19.33215],[-99.227055,19.332168],[-99.227043,19.332181],[-99.227027,19.332185],[-99.227018,19.33217],[-99.226983,19.332165],[-99.226948,19.332172],[-99.226935,19.332176],[-99.226903,19.332184]]]]}},{"type":"Feature","properties":{"area":"La Loma","zona":"Zona de Proteccion Estricta","zona_k":"proteccion estricta","ha":0.82},"geometry":{"type":"MultiPolygon","coordinates":[[[[-99.228395,19.331221],[-99.228376,19.331259],[-99.228344,19.331289],[-99.228332,19.331308],[-99.228316,19.331327],[-99.228268,19.331343],[-99.228244,19.331354],[-99.228224,19.331377],[-99.2282,19.331381],[-99.22818,19.331384],[-99.228164,19.331388],[-99.228152,19.331407],[-99.228132,19.331434],[-99.228121,19.331468],[-99.228105,19.331491],[-99.228059,19.33153],[-99.228017,19.331534],[-99.227984,19.33153],[-99.227947,19.331543],[-99.227928,19.331552],[-99.2279,19.331543],[-99.227858,19.331543],[-99.227816,19.331557],[-99.227778,19.331561],[-99.227745,19.331566],[-99.227731,19.331575],[-99.227703,19.331565],[-99.227678,19.331577],[-99.227668,19.331601],[-99.227668,19.331625],[-99.227668,19.33164],[-99.227665,19.331662],[-99.227637,19.331671],[-99.227602,19.331665],[-99.22757,19.331665],[-99.227529,19.331674],[-99.2275,19.33168],[-99.227474,19.331704],[-99.227449,19.331713],[-99.227427,19.331734],[-99.227405,19.331731],[-99.227366,19.331719],[-99.227319,19.331698],[-99.227296,19.33168],[-99.227274,19.331686],[-99.227235,19.331722],[-99.227209,19.331742],[-99.227174,19.331742],[-99.227133,19.331727],[-99.227097,19.331708],[-99.227062,19.331723],[-99.227021,19.331737],[-99.22695,19.331742],[-99.226914,19.331728],[-99.226873,19.331723],[-99.226833,19.331761],[-99.226797,19.33179],[-99.226757,19.331805],[-99.226716,19.331795],[-99.22664,19.331795],[-99.226589,19.331767],[-99.226548,19.331752],[-99.226533,19.331714],[-99.226507,19.331694],[-99.226472,19.331675],[-99.226431,19.331665],[-99.226385,19.331675],[-99.226385,19.331704],[-99.226385,19.331752],[-99.226385,19.331786],[-99.22634,19.33182],[-99.226319,19.331859],[-99.226294,19.331873],[-99.226274,19.331873],[-99.226253,19.331873],[-99.226188,19.331898],[-99.226139,19.331898],[-99.226074,19.331929],[-99.226001,19.331937],[-99.225953,19.33196],[-99.225928,19.331991],[-99.225863,19.332006],[-99.225839,19.331976],[-99.225806,19.331976],[-99.225782,19.332006],[-99.225758,19.332045],[-99.225701,19.332068],[-99.225619,19.332076],[-99.225587,19.332122],[-99.225546,19.332176],[-99.225538,19.332207],[-99.225489,19.332215],[-99.225449,19.332254],[-99.225433,19.3323],[-99.225416,19.332346],[-99.225416,19.332369],[-99.225384,19.3324],[-99.225351,19.332423],[-99.225335,19.33247],[-99.225319,19.332531],[-99.225335,19.332585],[-99.225376,19.332601],[-99.225441,19.332608],[-99.225514,19.332608],[-99.225531,19.332577],[-99.225563,19.33257],[-99.225604,19.332593],[-99.225628,19.332616],[-99.225628,19.332654],[-99.22562,19.332685],[-99.225588,19.332716],[-99.225566,19.332777],[-99.225546,19.332781],[-99.225234,19.332804],[-99.225075,19.33283],[-99.22506,19.332566],[-99.225116,19.332506],[-99.22519,19.332365],[-99.225387,19.332147],[-99.22558,19.332013],[-99.225651,19.331965],[-99.225748,19.331905],[-99.22576,19.331896],[-99.225776,19.331884],[-99.225787,19.331878],[-99.2258,19.33187],[-99.225813,19.331862],[-99.22582,19.331857],[-99.225823,19.331855],[-99.225894,19.331812],[-99.225941,19.331782],[-99.225985,19.331753],[-99.226081,19.33175],[-99.226082,19.33175],[-99.226292,19.331653],[-99.226412,19.33156],[-99.226416,19.331558],[-99.226426,19.331552],[-99.226483,19.33155],[-99.2267,19.331592],[-99.2267,19.331592],[-99.2267,19.331592],[-99.226866,19.331579],[-99.227288,19.331569],[-99.228045,19.331327],[-99.228104,19.33122],[-99.228167,19.331112],[-99.228312,19.331092],[-99.228355,19.33119],[-99.228395,19.331221]]]]}},{"type":"Feature","properties":{"area":"La Loma","zona":"Zona de Proteccion Estricta","zona_k":"proteccion estricta","ha":0.8},"geometry":{"type":"MultiPolygon","coordinates":[[[[-99.226274,19.331873],[-99.226274,19.331921],[-99.226299,19.331931],[-99.226329,19.331931],[-99.226364,19.331954],[-99.226369,19.331983],[-99.226384,19.332007],[-99.226405,19.332035],[-99.226435,19.332069],[-99.22646,19.332088],[-99.226495,19.332102],[-99.2265,19.332131],[-99.22651,19.332183],[-99.226506,19.332221],[-99.226526,19.332264],[-99.226536,19.332288],[-99.226541,19.332307],[-99.226531,19.332341],[-99.226481,19.332369],[-99.226466,19.332403],[-99.226476,19.332441],[-99.226476,19.332465],[-99.226446,19.332503],[-99.226436,19.332536],[-99.226431,19.332565],[-99.22641,19.332579],[-99.226395,19.332584],[-99.226355,19.332584],[-99.226305,19.332603],[-99.226275,19.332603],[-99.226224,19.332604],[-99.226194,19.332589],[-99.226174,19.33258],[-99.226129,19.33258],[-99.226098,19.332594],[-99.226088,19.332613],[-99.226084,19.332666],[-99.226079,19.332694],[-99.226063,19.332754],[-99.226056,19.332754],[-99.226045,19.332749],[-99.226044,19.332749],[-99.226044,19.332749],[-99.226025,19.332751],[-99.225995,19.332746],[-99.225995,19.332746],[-99.225994,19.332746],[-99.225984,19.332747],[-99.225978,19.332694],[-99.225948,19.332671],[-99.225892,19.332652],[-99.225847,19.332652],[-99.225792,19.33269],[-99.225772,19.332704],[-99.225711,19.332728],[-99.225672,19.332766],[-99.225632,19.33277],[-99.225583,19.332774],[-99.225566,19.332777],[-99.225588,19.332716],[-99.22562,19.332685],[-99.225628,19.332654],[-99.225628,19.332616],[-99.225604,19.332593],[-99.225563,19.33257],[-99.225531,19.332577],[-99.225514,19.332608],[-99.225441,19.332608],[-99.225376,19.332601],[-99.225335,19.332585],[-99.225319,19.332531],[-99.225335,19.33247],[-99.225351,19.332423],[-99.225384,19.3324],[-99.225416,19.332369],[-99.225416,19.332346],[-99.225433,19.3323],[-99.225449,19.332254],[-99.225489,19.332215],[-99.225538,19.332207],[-99.225546,19.332176],[-99.225587,19.332122],[-99.225619,19.332076],[-99.225701,19.332068],[-99.225758,19.332045],[-99.225782,19.332006],[-99.225806,19.331976],[-99.225839,19.331976],[-99.225863,19.332006],[-99.225928,19.331991],[-99.225953,19.33196],[-99.226001,19.331937],[-99.226074,19.331929],[-99.226139,19.331898],[-99.226188,19.331898],[-99.226253,19.331873],[-99.226274,19.331873]]]]}},{"type":"Feature","properties":{"area":"La Loma","zona":"Zona de Proteccion Estricta","zona_k":"proteccion estricta","ha":0.02},"geometry":{"type":"MultiPolygon","coordinates":[[[[-99.225984,19.332747],[-99.225974,19.332748],[-99.225958,19.332746],[-99.225958,19.332746],[-99.225957,19.332746],[-99.225943,19.332748],[-99.225924,19.332745],[-99.225908,19.332742],[-99.225908,19.332742],[-99.225907,19.332742],[-99.22589,19.332745],[-99.225864,19.332742],[-99.225864,19.332742],[-99.225845,19.332742],[-99.225844,19.332742],[-99.225811,19.332748],[-99.225765,19.332753],[-99.225716,19.332762],[-99.225672,19.332766],[-99.225711,19.332728],[-99.225772,19.332704],[-99.225792,19.33269],[-99.225847,19.332652],[-99.225892,19.332652],[-99.225948,19.332671],[-99.225978,19.332694],[-99.225984,19.332747]]]]}},{"type":"Feature","properties":{"area":"La Loma","zona":"Zona de Proteccion Estricta","zona_k":"proteccion estricta","ha":0.43},"geometry":{"type":"MultiPolygon","coordinates":[[[[-99.228053,19.33449],[-99.228083,19.334506],[-99.228095,19.334541],[-99.228083,19.334577],[-99.228064,19.334613],[-99.22807,19.334648],[-99.228083,19.334654],[-99.228114,19.334654],[-99.228139,19.334624],[-99.228151,19.334601],[-99.228164,19.334583],[-99.228189,19.334559],[-99.228201,19.334518],[-99.22822,19.334506],[-99.228233,19.334494],[-99.228245,19.334464],[-99.228245,19.33444],[-99.228258,19.334381],[-99.228258,19.334351],[-99.228245,19.334316],[-99.228226,19.334298],[-99.228164,19.33428],[-99.228145,19.334262],[-99.228138,19.334215],[-99.228138,19.334167],[-99.228157,19.334138],[-99.228157,19.334096],[-99.228144,19.334066],[-99.228132,19.334019],[-99.228119,19.333983],[-99.228113,19.333936],[-99.228132,19.333906],[-99.22815,19.333882],[-99.228163,19.333853],[-99.22815,19.333817],[-99.228154,19.333782],[-99.228514,19.334005],[-99.228452,19.334084],[-99.228418,19.334165],[-99.228359,19.334263],[-99.228379,19.334431],[-99.228366,19.334527],[-99.22823,19.334707],[-99.228157,19.334865],[-99.228167,19.334932],[-99.228385,19.335244],[-99.228123,19.335293],[-99.228054,19.335213],[-99.22794,19.335052],[-99.227914,19.334941],[-99.227889,19.334722],[-99.227949,19.334606],[-99.228053,19.33449]]]]}},{"type":"Feature","properties":{"area":"La Loma","zona":"Zona de Proteccion Estricta","zona_k":"proteccion estricta","ha":0.47},"geometry":{"type":"MultiPolygon","coordinates":[[[[-99.228053,19.33449],[-99.228082,19.334458],[-99.228093,19.334421],[-99.228058,19.334245],[-99.228013,19.334137],[-99.228043,19.333991],[-99.22777,19.333812],[-99.227673,19.333716],[-99.227639,19.333652],[-99.227612,19.333588],[-99.227515,19.333465],[-99.227441,19.333333],[-99.227406,19.333273],[-99.227313,19.333221],[-99.227191,19.333176],[-99.226944,19.333058],[-99.226713,19.332992],[-99.226614,19.332945],[-99.22658,19.332925],[-99.226621,19.332909],[-99.226665,19.332903],[-99.226691,19.332878],[-99.226776,19.332889],[-99.226923,19.332966],[-99.227079,19.333036],[-99.22734,19.333167],[-99.227341,19.333167],[-99.227341,19.333167],[-99.227524,19.333148],[-99.227656,19.333178],[-99.227688,19.333241],[-99.227686,19.333313],[-99.227746,19.333345],[-99.227909,19.333485],[-99.227914,19.333502],[-99.227921,19.333512],[-99.227947,19.333566],[-99.227936,19.33364],[-99.228029,19.333677],[-99.228069,19.333729],[-99.228154,19.333782],[-99.22815,19.333817],[-99.228163,19.333853],[-99.22815,19.333882],[-99.228132,19.333906],[-99.228113,19.333936],[-99.228119,19.333983],[-99.228132,19.334019],[-99.228144,19.334066],[-99.228157,19.334096],[-99.228157,19.334138],[-99.228138,19.334167],[-99.228138,19.334215],[-99.228145,19.334262],[-99.228164,19.33428],[-99.228226,19.334298],[-99.228245,19.334316],[-99.228258,19.334351],[-99.228258,19.334381],[-99.228245,19.33444],[-99.228245,19.334464],[-99.228233,19.334494],[-99.22822,19.334506],[-99.228201,19.334518],[-99.228189,19.334559],[-99.228164,19.334583],[-99.228151,19.334601],[-99.228139,19.334624],[-99.228114,19.334654],[-99.228083,19.334654],[-99.22807,19.334648],[-99.228064,19.334613],[-99.228083,19.334577],[-99.228095,19.334541],[-99.228083,19.334506],[-99.228053,19.33449]]]]}},{"type":"Feature","properties":{"area":"La Loma","zona":"Zona de Proteccion Estricta","zona_k":"proteccion estricta","ha":0.21},"geometry":{"type":"MultiPolygon","coordinates":[[[[-99.22651,19.332634],[-99.226529,19.332629],[-99.226547,19.332603],[-99.226566,19.332567],[-99.226575,19.332545],[-99.226594,19.332518],[-99.226627,19.332509],[-99.226655,19.332531],[-99.226669,19.332549],[-99.226711,19.332536],[-99.226721,19.332527],[-99.226735,19.332513],[-99.226777,19.332496],[-99.226791,19.332491],[-99.226828,19.332464],[-99.226861,19.332429],[-99.226884,19.332398],[-99.226898,19.332371],[-99.226917,19.332344],[-99.22695,19.33234],[-99.226954,19.332313],[-99.226964,19.332295],[-99.226954,19.332255],[-99.226936,19.332233],[-99.226912,19.33222],[-99.226903,19.332198],[-99.226903,19.332184],[-99.226935,19.332176],[-99.226948,19.332172],[-99.226983,19.332165],[-99.227018,19.33217],[-99.227027,19.332185],[-99.227043,19.332181],[-99.227055,19.332168],[-99.227057,19.33215],[-99.227087,19.332137],[-99.227121,19.332117],[-99.227158,19.332097],[-99.227213,19.332086],[-99.227243,19.332067],[-99.227257,19.33204],[-99.227287,19.332027],[-99.22734,19.332021],[-99.227402,19.332012],[-99.227432,19.331988],[-99.227474,19.331972],[-99.227531,19.331955],[-99.227578,19.331942],[-99.227635,19.331928],[-99.227681,19.331904],[-99.227739,19.331878],[-99.227767,19.331859],[-99.227764,19.331881],[-99.227816,19.331941],[-99.227618,19.332061],[-99.227204,19.332203],[-99.227105,19.332309],[-99.227053,19.332403],[-99.226999,19.332461],[-99.226931,19.33248],[-99.226843,19.332545],[-99.226699,19.332633],[-99.226641,19.332653],[-99.226603,19.33264],[-99.226603,19.33264],[-99.226603,19.332639],[-99.226576,19.332671],[-99.226567,19.332713],[-99.226573,19.332776],[-99.226556,19.332797],[-99.226542,19.332807],[-99.226526,19.332786],[-99.226515,19.332768],[-99.226512,19.332745],[-99.226512,19.332717],[-99.226518,19.332691],[-99.226509,19.332665],[-99.22651,19.332634]]]]}},{"type":"Feature","properties":{"area":"La Loma","zona":"Zona de Uso Especial","zona_k":"uso especial","ha":0.61},"geometry":{"type":"MultiPolygon","coordinates":[[[[-99.226457,19.332858],[-99.22644,19.332813],[-99.226449,19.332788],[-99.226449,19.332768],[-99.22644,19.332739],[-99.226427,19.332714],[-99.226409,19.332681],[-99.226409,19.332665],[-99.226418,19.33264],[-99.226418,19.332611],[-99.226431,19.332565],[-99.226436,19.332536],[-99.226446,19.332503],[-99.226476,19.332465],[-99.226476,19.332441],[-99.226466,19.332403],[-99.226481,19.332369],[-99.226531,19.332341],[-99.226541,19.332307],[-99.226536,19.332288],[-99.226526,19.332264],[-99.226506,19.332221],[-99.22651,19.332183],[-99.2265,19.332131],[-99.226495,19.332102],[-99.22646,19.332088],[-99.226435,19.332069],[-99.226405,19.332035],[-99.226384,19.332007],[-99.226369,19.331983],[-99.226364,19.331954],[-99.226329,19.331931],[-99.226299,19.331931],[-99.226274,19.331921],[-99.226274,19.331873],[-99.226294,19.331873],[-99.226319,19.331859],[-99.22634,19.33182],[-99.226385,19.331786],[-99.226385,19.331752],[-99.226385,19.331704],[-99.226385,19.331675],[-99.226431,19.331665],[-99.226472,19.331675],[-99.226507,19.331694],[-99.226533,19.331714],[-99.226548,19.331752],[-99.226589,19.331767],[-99.22664,19.331795],[-99.226716,19.331795],[-99.226757,19.331805],[-99.226797,19.33179],[-99.226833,19.331761],[-99.226873,19.331723],[-99.226914,19.331728],[-99.22695,19.331742],[-99.227021,19.331737],[-99.227062,19.331723],[-99.227097,19.331708],[-99.227133,19.331727],[-99.227174,19.331742],[-99.227209,19.331742],[-99.227235,19.331722],[-99.227274,19.331686],[-99.227296,19.33168],[-99.227319,19.331698],[-99.227366,19.331719],[-99.227405,19.331731],[-99.227427,19.331734],[-99.227449,19.331713],[-99.227474,19.331704],[-99.2275,19.33168],[-99.227529,19.331674],[-99.22757,19.331665],[-99.227602,19.331665],[-99.227637,19.331671],[-99.227665,19.331662],[-99.227668,19.33164],[-99.227668,19.331625],[-99.227668,19.331601],[-99.227678,19.331577],[-99.227703,19.331565],[-99.227731,19.331575],[-99.227722,19.331588],[-99.227727,19.33161],[-99.227741,19.331632],[-99.227764,19.33165],[-99.227783,19.331663],[-99.227783,19.331681],[-99.227788,19.331699],[-99.227764,19.331726],[-99.22775,19.331739],[-99.227741,19.33177],[-99.227746,19.331788],[-99.22776,19.33181],[-99.227729,19.331825],[-99.22769,19.331847],[-99.227628,19.331878],[-99.227556,19.331906],[-99.227495,19.331918],[-99.22743,19.331934],[-99.227378,19.331958],[-99.227293,19.331974],[-99.22717,19.331986],[-99.227046,19.331996],[-99.226942,19.332005],[-99.226893,19.332019],[-99.226893,19.332038],[-99.226897,19.332048],[-99.226911,19.332054],[-99.226934,19.332048],[-99.226974,19.332046],[-99.227043,19.332042],[-99.227125,19.33203],[-99.227204,19.332021],[-99.227235,19.332019],[-99.227226,19.33203],[-99.227204,19.332044],[-99.227176,19.332059],[-99.227147,19.332071],[-99.227102,19.332086],[-99.227076,19.3321],[-99.227039,19.332113],[-99.227001,19.332133],[-99.22696,19.332146],[-99.226914,19.332163],[-99.226884,19.332171],[-99.226851,19.332162],[-99.226804,19.332153],[-99.226772,19.332145],[-99.226743,19.332162],[-99.226739,19.33218],[-99.226711,19.332171],[-99.226678,19.332171],[-99.22664,19.332207],[-99.226631,19.332247],[-99.226669,19.332256],[-99.226655,19.332287],[-99.226626,19.332305],[-99.226603,19.332322],[-99.226594,19.332354],[-99.226584,19.332385],[-99.22657,19.33242],[-99.226542,19.332447],[-99.226533,19.332487],[-99.226524,19.332523],[-99.226514,19.332558],[-99.226505,19.332589],[-99.2265,19.332607],[-99.22651,19.332634],[-99.226509,19.332665],[-99.226518,19.332691],[-99.226512,19.332717],[-99.226512,19.332745],[-99.226515,19.332768],[-99.226526,19.332786],[-99.226542,19.332807],[-99.226556,19.332797],[-99.226573,19.332776],[-99.226582,19.332864],[-99.226691,19.332878],[-99.226665,19.332903],[-99.226621,19.332909],[-99.22658,19.332925],[-99.226512,19.332887],[-99.226457,19.332858]]]]}},{"type":"Feature","properties":{"area":"La Loma","zona":"Zona de Proteccion Estricta","zona_k":"proteccion estricta","ha":0.08},"geometry":{"type":"MultiPolygon","coordinates":[[[[-99.226063,19.332754],[-99.226079,19.332694],[-99.226084,19.332666],[-99.226088,19.332613],[-99.226098,19.332594],[-99.226129,19.33258],[-99.226174,19.33258],[-99.226194,19.332589],[-99.226224,19.332604],[-99.226275,19.332603],[-99.226305,19.332603],[-99.226355,19.332584],[-99.226395,19.332584],[-99.22641,19.332579],[-99.226431,19.332565],[-99.226418,19.332611],[-99.226418,19.33264],[-99.226409,19.332665],[-99.226409,19.332681],[-99.226427,19.332714],[-99.22644,19.332739],[-99.226449,19.332768],[-99.226449,19.332788],[-99.22644,19.332813],[-99.226457,19.332858],[-99.226322,19.332786],[-99.2263,19.332763],[-99.22627,19.33276],[-99.226179,19.332757],[-99.226127,19.332755],[-99.226106,19.332755],[-99.226063,19.332754]]]]}},{"type":"Feature","properties":{"area":"La Loma","zona":"Zona de Restauracion Ecologica","zona_k":"restauracion ecologica","ha":2.41},"geometry":{"type":"MultiPolygon","coordinates":[[[[-99.23696,19.328899],[-99.23693,19.328861],[-99.236915,19.328828],[-99.236881,19.328795],[-99.236841,19.328781],[-99.236781,19.328743],[-99.236746,19.328715],[-99.236717,19.328692],[-99.236672,19.328649],[-99.236652,19.328621],[-99.236632,19.328579],[-99.236606,19.328513],[-99.236581,19.328447],[-99.236566,19.32839],[-99.236551,19.328334],[-99.236526,19.328287],[-99.236526,19.328245],[-99.236511,19.328183],[-99.236496,19.328127],[-99.236486,19.328103],[-99.236471,19.328075],[-99.236466,19.328056],[-99.236465,19.328022],[-99.236469,19.327976],[-99.236501,19.327938],[-99.236522,19.327907],[-99.236532,19.327864],[-99.236555,19.327808],[-99.236573,19.327759],[-99.236615,19.327678],[-99.236644,19.327619],[-99.236674,19.327563],[-99.236712,19.327508],[-99.23675,19.327461],[-99.236783,19.327409],[-99.236813,19.327371],[-99.236854,19.327333],[-99.236888,19.327294],[-99.236938,19.327234],[-99.236996,19.327172],[-99.237027,19.327142],[-99.23708,19.327085],[-99.237127,19.327023],[-99.23711,19.327091],[-99.237086,19.327164],[-99.237057,19.327226],[-99.237056,19.327266],[-99.237104,19.327294],[-99.237122,19.327334],[-99.237128,19.327373],[-99.237116,19.327407],[-99.237116,19.327441],[-99.237098,19.32748],[-99.237081,19.327525],[-99.237057,19.327559],[-99.237021,19.327598],[-99.23698,19.327637],[-99.236968,19.327671],[-99.23695,19.327694],[-99.236927,19.327722],[-99.236915,19.327739],[-99.236903,19.327767],[-99.236879,19.327829],[-99.23685,19.327891],[-99.236844,19.327936],[-99.236838,19.327981],[-99.236838,19.328014],[-99.236856,19.328054],[-99.236898,19.328065],[-99.236951,19.328076],[-99.236992,19.328059],[-99.237046,19.328048],[-99.237093,19.328059],[-99.237129,19.328076],[-99.237158,19.328098],[-99.237182,19.328093],[-99.2372,19.328053],[-99.2372,19.328014],[-99.237223,19.327991],[-99.237253,19.327952],[-99.237265,19.327929],[-99.237271,19.327907],[-99.237288,19.327862],[-99.237288,19.327811],[-99.237294,19.327778],[-99.237312,19.327744],[-99.237336,19.327738],[-99.237377,19.327721],[-99.237389,19.327693],[-99.237389,19.327659],[-99.237395,19.32762],[-99.237401,19.327575],[-99.237401,19.32753],[-99.237395,19.327502],[-99.237371,19.327463],[-99.237347,19.32744],[-99.237312,19.327429],[-99.2373,19.327401],[-99.237323,19.32735],[-99.237335,19.327317],[-99.237353,19.327272],[-99.237359,19.327215],[-99.237353,19.327159],[-99.237353,19.327108],[-99.237358,19.327058],[-99.237376,19.326996],[-99.237388,19.326973],[-99.2374,19.32694],[-99.237406,19.3269],[-99.237394,19.326872],[-99.237385,19.326832],[-99.237393,19.3268],[-99.237435,19.326768],[-99.237469,19.326728],[-99.237499,19.326704],[-99.237526,19.326685],[-99.237542,19.32666],[-99.237552,19.326635],[-99.237601,19.326607],[-99.237605,19.326618],[-99.237638,19.326643],[-99.237638,19.326669],[-99.237625,19.326719],[-99.237652,19.326769],[-99.237672,19.326788],[-99.237685,19.326807],[-99.237718,19.326851],[-99.237712,19.326901],[-99.237685,19.326958],[-99.237692,19.327022],[-99.237672,19.327034],[-99.237646,19.327034],[-99.237586,19.327028],[-99.237546,19.327009],[-99.23752,19.32699],[-99.23748,19.326984],[-99.237454,19.327016],[-99.237474,19.327053],[-99.237487,19.327091],[-99.237507,19.32711],[-99.237533,19.327141],[-99.23756,19.327192],[-99.237586,19.327236],[-99.237593,19.327292],[-99.237587,19.327355],[-99.237573,19.327387],[-99.237567,19.327412],[-99.23758,19.327437],[-99.237647,19.327462],[-99.237686,19.327481],[-99.237713,19.327506],[-99.23772,19.327537],[-99.237686,19.327581],[-99.237673,19.327632],[-99.237733,19.327625],[-99.237766,19.327619],[-99.237859,19.327632],[-99.237872,19.327676],[-99.237872,19.327707],[-99.237866,19.327751],[-99.237879,19.327782],[-99.237906,19.327808],[-99.237952,19.32782],[-99.238005,19.32782],[-99.238065,19.327832],[-99.238105,19.327845],[-99.238111,19.327864],[-99.238118,19.327914],[-99.238096,19.327966],[-99.238129,19.327986],[-99.238158,19.327997],[-99.2382,19.328001],[-99.23822,19.328013],[-99.238233,19.328025],[-99.238233,19.32806],[-99.238229,19.328088],[-99.238237,19.328111],[-99.238283,19.328131],[-99.238324,19.328139],[-99.238391,19.32815],[-99.238432,19.328162],[-99.23847,19.328174],[-99.238486,19.328186],[-99.238499,19.328205],[-99.238486,19.328225],[-99.238465,19.328233],[-99.238453,19.328264],[-99.238466,19.328292],[-99.238491,19.328333],[-99.23848,19.328355],[-99.238454,19.32837],[-99.238434,19.328385],[-99.238431,19.328409],[-99.238447,19.328422],[-99.238462,19.328434],[-99.238483,19.328434],[-99.238523,19.328448],[-99.238488,19.328473],[-99.238439,19.328496],[-99.238409,19.328501],[-99.238384,19.328511],[-99.238364,19.328529],[-99.23831,19.328548],[-99.23828,19.328567],[-99.238265,19.328586],[-99.23824,19.328605],[-99.238206,19.328633],[-99.238171,19.328633],[-99.238131,19.328647],[-99.238092,19.328676],[-99.238047,19.328704],[-99.238017,19.328723],[-99.238002,19.328732],[-99.237958,19.328761],[-99.237929,19.328779],[-99.237896,19.328735],[-99.237873,19.32873],[-99.237867,19.328713],[-99.237867,19.32868],[-99.237867,19.328625],[-99.237861,19.328587],[-99.23782,19.328576],[-99.23778,19.328576],[-99.237751,19.328604],[-99.23771,19.328626],[-99.23767,19.328631],[-99.237629,19.32862],[-99.237589,19.328587],[-99.237554,19.328576],[-99.237537,19.328598],[-99.237537,19.328631],[-99.237525,19.328664],[-99.237508,19.328675],[-99.237491,19.328703],[-99.237485,19.328741],[-99.237497,19.328758],[-99.237485,19.328785],[-99.237456,19.328801],[-99.237421,19.328802],[-99.237421,19.328829],[-99.23741,19.328867],[-99.23741,19.3289],[-99.237398,19.328922],[-99.237387,19.32895],[-99.237352,19.328966],[-99.237323,19.328955],[-99.237306,19.328944],[-99.237288,19.328922],[-99.23726,19.328895],[-99.237231,19.32889],[-99.237202,19.328895],[-99.237179,19.328917],[-99.23715,19.328917],[-99.237126,19.328928],[-99.237086,19.328923],[-99.237063,19.328906],[-99.23704,19.328901],[-99.236999,19.328901],[-99.23696,19.328899]]]]}},{"type":"Feature","properties":{"area":"La Loma","zona":"Zona de Restauracion Ecologica","zona_k":"restauracion ecologica","ha":0.56},"geometry":{"type":"MultiPolygon","coordinates":[[[[-99.236108,19.327361],[-99.236094,19.327343],[-99.236084,19.327313],[-99.236084,19.327289],[-99.236105,19.327274],[-99.236115,19.32724],[-99.236099,19.32722],[-99.236063,19.32722],[-99.236037,19.327235],[-99.235975,19.327196],[-99.235949,19.327176],[-99.235918,19.327157],[-99.235866,19.327157],[-99.23583,19.327132],[-99.235835,19.327113],[-99.235835,19.327098],[-99.235815,19.327088],[-99.235789,19.327083],[-99.235753,19.327093],[-99.235716,19.327103],[-99.235675,19.327078],[-99.235665,19.327049],[-99.235639,19.327049],[-99.235587,19.327049],[-99.235561,19.327054],[-99.235546,19.327074],[-99.235509,19.327093],[-99.235473,19.327089],[-99.235463,19.327049],[-99.235463,19.327025],[-99.235468,19.327],[-99.235489,19.326976],[-99.235514,19.326951],[-99.235545,19.326931],[-99.235607,19.326912],[-99.235649,19.326902],[-99.235695,19.326907],[-99.235747,19.326892],[-99.235794,19.326887],[-99.235866,19.326902],[-99.235907,19.326902],[-99.235944,19.326882],[-99.235975,19.326857],[-99.236006,19.326833],[-99.236042,19.326813],[-99.236109,19.326813],[-99.236166,19.326813],[-99.236213,19.326832],[-99.23628,19.326827],[-99.236295,19.326793],[-99.236295,19.326764],[-99.236295,19.326724],[-99.23628,19.326685],[-99.236259,19.326646],[-99.23628,19.326607],[-99.236279,19.326567],[-99.236264,19.326538],[-99.23629,19.326489],[-99.236326,19.326464],[-99.236336,19.32644],[-99.236372,19.326425],[-99.236398,19.32642],[-99.236419,19.326425],[-99.23645,19.32644],[-99.236471,19.326449],[-99.236512,19.326444],[-99.236553,19.326435],[-99.236614,19.326423],[-99.236636,19.326444],[-99.236644,19.326493],[-99.236673,19.3265],[-99.23671,19.326521],[-99.236739,19.326591],[-99.23673,19.326605],[-99.23671,19.326616],[-99.236684,19.326616],[-99.236661,19.326633],[-99.236664,19.326649],[-99.236674,19.326657],[-99.236697,19.326668],[-99.23675,19.326684],[-99.236768,19.326707],[-99.236791,19.32674],[-99.236797,19.326773],[-99.236791,19.326807],[-99.236744,19.326829],[-99.236703,19.326829],[-99.236645,19.326823],[-99.236615,19.326812],[-99.236557,19.326801],[-99.23651,19.326796],[-99.236481,19.326796],[-99.236445,19.326813],[-99.236422,19.326835],[-99.236416,19.326857],[-99.236428,19.326896],[-99.236438,19.326924],[-99.236445,19.326944],[-99.236464,19.326958],[-99.2365,19.326969],[-99.236519,19.326962],[-99.236563,19.326962],[-99.236587,19.32698],[-99.236587,19.327008],[-99.236605,19.327036],[-99.236623,19.327059],[-99.236623,19.327087],[-99.236587,19.327104],[-99.236546,19.327087],[-99.236516,19.32707],[-99.236475,19.327048],[-99.236421,19.327048],[-99.236362,19.327065],[-99.236297,19.327087],[-99.236249,19.327099],[-99.236214,19.327127],[-99.236184,19.327149],[-99.236149,19.327166],[-99.236149,19.327183],[-99.23619,19.327194],[-99.236238,19.327177],[-99.236261,19.327177],[-99.236273,19.327188],[-99.236303,19.3272],[-99.236327,19.3272],[-99.236344,19.327188],[-99.236374,19.327216],[-99.236398,19.327222],[-99.236386,19.327256],[-99.236368,19.327278],[-99.23635,19.327329],[-99.236356,19.327368],[-99.236356,19.327385],[-99.236362,19.327413],[-99.236351,19.327436],[-99.236327,19.327441],[-99.236285,19.32743],[-99.236256,19.327402],[-99.236226,19.327385],[-99.23619,19.327357],[-99.236137,19.327352],[-99.236108,19.327361]]]]}},{"type":"Feature","properties":{"area":"La Loma","zona":"Zona de Proteccion Estricta","zona_k":"proteccion estricta","ha":0.13},"geometry":{"type":"MultiPolygon","coordinates":[[[[-99.237433,19.324602],[-99.237475,19.324572],[-99.237591,19.32451],[-99.237664,19.324458],[-99.237711,19.324544],[-99.237829,19.324579],[-99.237961,19.324603],[-99.238081,19.324621],[-99.238081,19.324621],[-99.238081,19.324621],[-99.238147,19.324612],[-99.23815,19.32463],[-99.238179,19.32464],[-99.238222,19.324647],[-99.238247,19.324657],[-99.238269,19.324664],[-99.23828,19.324685],[-99.238272,19.324698],[-99.238258,19.324715],[-99.238219,19.324722],[-99.238193,19.324719],[-99.238168,19.324708],[-99.238115,19.324715],[-99.238079,19.324722],[-99.238054,19.324729],[-99.238028,19.324743],[-99.237982,19.324746],[-99.237939,19.324735],[-99.237887,19.324735],[-99.237859,19.324751],[-99.23783,19.324757],[-99.237784,19.324757],[-99.237761,19.324729],[-99.237761,19.324691],[-99.237755,19.32467],[-99.237738,19.324648],[-99.237686,19.324632],[-99.237646,19.324637],[-99.237618,19.32467],[-99.237618,19.324697],[-99.237629,19.324735],[-99.237606,19.324762],[-99.237566,19.324762],[-99.237532,19.324746],[-99.237492,19.324713],[-99.237463,19.324675],[-99.237457,19.324654],[-99.237433,19.324602]]]]}},{"type":"Feature","properties":{"area":"La Loma","zona":"Zona de Proteccion Estricta","zona_k":"proteccion estricta","ha":0.08},"geometry":{"type":"MultiPolygon","coordinates":[[[[-99.236752,19.325057],[-99.236769,19.325044],[-99.236772,19.325042],[-99.236781,19.325035],[-99.236797,19.325022],[-99.236817,19.325006],[-99.236837,19.324992],[-99.236853,19.324981],[-99.236861,19.324977],[-99.236869,19.324972],[-99.236877,19.324963],[-99.23688,19.324958],[-99.236887,19.324949],[-99.236907,19.32493],[-99.236915,19.324921],[-99.23692,19.324917],[-99.236929,19.324908],[-99.236938,19.324898],[-99.236957,19.324878],[-99.236967,19.324867],[-99.236975,19.324859],[-99.236987,19.324843],[-99.237001,19.32483],[-99.237013,19.324815],[-99.237024,19.324803],[-99.237035,19.324794],[-99.23704,19.32479],[-99.23705,19.324781],[-99.237063,19.324771],[-99.237078,19.32476],[-99.237086,19.324753],[-99.2371,19.324743],[-99.237115,19.324731],[-99.237133,19.324722],[-99.237173,19.324734],[-99.237174,19.324734],[-99.237174,19.324734],[-99.237199,19.324719],[-99.237236,19.324756],[-99.237281,19.324764],[-99.237307,19.32476],[-99.237348,19.32476],[-99.237357,19.324781],[-99.237334,19.324815],[-99.237308,19.324828],[-99.237254,19.324845],[-99.237223,19.324853],[-99.237178,19.324879],[-99.23716,19.324892],[-99.237138,19.324917],[-99.237111,19.32493],[-99.237084,19.324938],[-99.237044,19.324938],[-99.236995,19.324951],[-99.236968,19.324977],[-99.236951,19.324998],[-99.236942,19.325006],[-99.236924,19.325027],[-99.236888,19.325044],[-99.236866,19.325057],[-99.236852,19.325083],[-99.236852,19.325095],[-99.236861,19.325116],[-99.236853,19.325138],[-99.236848,19.325163],[-99.236839,19.325167],[-99.236826,19.325176],[-99.236803,19.325176],[-99.23679,19.325167],[-99.236786,19.325138],[-99.23679,19.325121],[-99.236799,19.3251],[-99.23679,19.32507],[-99.236752,19.325057]]]]}},{"type":"Feature","properties":{"area":"La Loma","zona":"Zona de Proteccion Estricta","zona_k":"proteccion estricta","ha":0.07},"geometry":{"type":"MultiPolygon","coordinates":[[[[-99.236286,19.32571],[-99.236312,19.325686],[-99.236345,19.325663],[-99.236381,19.325637],[-99.236419,19.325611],[-99.236456,19.325583],[-99.236511,19.32553],[-99.236439,19.325523],[-99.236412,19.325483],[-99.236434,19.325463],[-99.236451,19.325444],[-99.236455,19.325421],[-99.236477,19.325365],[-99.236492,19.325315],[-99.236453,19.325264],[-99.236462,19.32525],[-99.236487,19.325231],[-99.236526,19.325203],[-99.236546,19.325229],[-99.236569,19.325234],[-99.236585,19.325245],[-99.236597,19.325266],[-99.236591,19.325309],[-99.236574,19.325346],[-99.236563,19.325383],[-99.236563,19.325426],[-99.236569,19.325479],[-99.236563,19.325516],[-99.236547,19.325548],[-99.236547,19.325575],[-99.236552,19.325607],[-99.236541,19.325628],[-99.236513,19.325649],[-99.236474,19.325676],[-99.236451,19.325698],[-99.236418,19.325714],[-99.236395,19.325724],[-99.23635,19.325746],[-99.236322,19.325735],[-99.236286,19.32571]]]]}},{"type":"Feature","properties":{"area":"La Loma","zona":"Zona de Proteccion Estricta","zona_k":"proteccion estricta","ha":0.19},"geometry":{"type":"MultiPolygon","coordinates":[[[[-99.234924,19.326544],[-99.234925,19.326544],[-99.234896,19.326514],[-99.234875,19.326504],[-99.234882,19.326496],[-99.23489,19.326486],[-99.234895,19.326479],[-99.234907,19.326463],[-99.234917,19.326452],[-99.234927,19.32644],[-99.234933,19.326432],[-99.234942,19.326421],[-99.234949,19.326411],[-99.234958,19.326399],[-99.234963,19.326391],[-99.234968,19.326385],[-99.234976,19.326374],[-99.234986,19.326362],[-99.234993,19.326358],[-99.235002,19.326353],[-99.235021,19.326346],[-99.235031,19.326342],[-99.235055,19.326333],[-99.235065,19.32633],[-99.235076,19.326325],[-99.235084,19.326323],[-99.235095,19.32632],[-99.235107,19.326316],[-99.235121,19.326311],[-99.235132,19.326307],[-99.235143,19.326301],[-99.235166,19.32629],[-99.235174,19.326287],[-99.235213,19.326273],[-99.235226,19.326267],[-99.235248,19.326256],[-99.235262,19.326253],[-99.235284,19.326245],[-99.2353,19.326239],[-99.235313,19.326234],[-99.235333,19.326226],[-99.235347,19.326221],[-99.23536,19.326215],[-99.235367,19.326212],[-99.23538,19.326207],[-99.235388,19.326203],[-99.235417,19.326193],[-99.235431,19.326188],[-99.235454,19.326176],[-99.235471,19.326166],[-99.235491,19.326153],[-99.235501,19.326147],[-99.235517,19.326135],[-99.23553,19.326125],[-99.235537,19.326119],[-99.235545,19.326114],[-99.235558,19.326107],[-99.235575,19.326095],[-99.235588,19.326086],[-99.235604,19.326078],[-99.235617,19.326069],[-99.235621,19.326067],[-99.235627,19.326063],[-99.23563,19.326061],[-99.235634,19.326059],[-99.235641,19.326056],[-99.235681,19.326118],[-99.235681,19.326118],[-99.235681,19.326118],[-99.23572,19.326115],[-99.235735,19.326087],[-99.235766,19.326068],[-99.235791,19.326044],[-99.235825,19.326014],[-99.235847,19.32598],[-99.235865,19.32597],[-99.235884,19.325946],[-99.23591,19.32593],[-99.235945,19.325892],[-99.235929,19.32587],[-99.235963,19.325845],[-99.235974,19.325837],[-99.236016,19.325882],[-99.236017,19.325882],[-99.236017,19.325882],[-99.236047,19.325854],[-99.236098,19.325803],[-99.236041,19.325786],[-99.236052,19.325768],[-99.236062,19.325758],[-99.23607,19.325748],[-99.236078,19.325738],[-99.236093,19.32572],[-99.236123,19.325703],[-99.236138,19.325723],[-99.236151,19.325756],[-99.236173,19.325769],[-99.236208,19.325765],[-99.236229,19.325756],[-99.236256,19.325752],[-99.236277,19.325764],[-99.236282,19.325789],[-99.236282,19.325806],[-99.236273,19.325818],[-99.236243,19.325835],[-99.236216,19.325843],[-99.236181,19.325856],[-99.23616,19.32586],[-99.236138,19.325881],[-99.23612,19.325901],[-99.236116,19.325914],[-99.236112,19.32593],[-99.236099,19.325964],[-99.236081,19.32598],[-99.23607,19.32598],[-99.236059,19.32598],[-99.236042,19.325972],[-99.236007,19.325982],[-99.235972,19.325996],[-99.235938,19.326019],[-99.235914,19.326043],[-99.235894,19.326066],[-99.23587,19.326085],[-99.235855,19.326112],[-99.235835,19.32614],[-99.235816,19.326159],[-99.235767,19.326157],[-99.235732,19.326183],[-99.235706,19.326201],[-99.235664,19.326205],[-99.235614,19.326212],[-99.235576,19.326223],[-99.235542,19.326241],[-99.235508,19.32627],[-99.235496,19.326281],[-99.235477,19.326302],[-99.235447,19.326313],[-99.235412,19.326335],[-99.235382,19.326335],[-99.235351,19.326339],[-99.235336,19.326335],[-99.235306,19.326324],[-99.235275,19.326317],[-99.235252,19.326314],[-99.235233,19.326335],[-99.23521,19.326357],[-99.235176,19.326375],[-99.235138,19.326375],[-99.235107,19.326382],[-99.235054,19.326404],[-99.235031,19.326444],[-99.235024,19.32648],[-99.235024,19.326502],[-99.235024,19.32652],[-99.235016,19.326545],[-99.234997,19.326563],[-99.234963,19.326571],[-99.234943,19.326564],[-99.234924,19.326544]]]]}},{"type":"Feature","properties":{"area":"La Loma","zona":"Zona de Restauracion Ecologica","zona_k":"restauracion ecologica","ha":0.23},"geometry":{"type":"MultiPolygon","coordinates":[[[[-99.235816,19.326159],[-99.235835,19.32614],[-99.235855,19.326112],[-99.23587,19.326085],[-99.235894,19.326066],[-99.235914,19.326043],[-99.235938,19.326019],[-99.235972,19.325996],[-99.236007,19.325982],[-99.236042,19.325972],[-99.236059,19.32598],[-99.23607,19.32598],[-99.23607,19.326015],[-99.23607,19.326042],[-99.236051,19.32607],[-99.236046,19.326112],[-99.236061,19.32614],[-99.236061,19.326159],[-99.236071,19.326182],[-99.236085,19.3262],[-99.236139,19.326214],[-99.236169,19.326214],[-99.236198,19.326242],[-99.236228,19.32627],[-99.236237,19.326298],[-99.236237,19.326335],[-99.236247,19.326354],[-99.236272,19.326354],[-99.236287,19.326381],[-99.236287,19.326405],[-99.236267,19.326414],[-99.236233,19.326414],[-99.236189,19.326419],[-99.236149,19.326423],[-99.23612,19.326423],[-99.236076,19.326428],[-99.236066,19.326437],[-99.236027,19.326456],[-99.235973,19.32647],[-99.235939,19.32647],[-99.235914,19.326484],[-99.235895,19.326489],[-99.23587,19.326489],[-99.235841,19.326489],[-99.235836,19.326512],[-99.235841,19.326554],[-99.235841,19.326591],[-99.235856,19.326619],[-99.23587,19.326642],[-99.23588,19.326675],[-99.235871,19.326698],[-99.235851,19.326721],[-99.235831,19.326726],[-99.235787,19.326717],[-99.235748,19.326689],[-99.235743,19.326675],[-99.235738,19.326652],[-99.235723,19.32661],[-99.235684,19.326596],[-99.23564,19.326596],[-99.235601,19.326587],[-99.235586,19.326577],[-99.235571,19.32654],[-99.235586,19.326512],[-99.235601,19.326498],[-99.235645,19.326489],[-99.23566,19.32648],[-99.235699,19.326456],[-99.235743,19.326442],[-99.235753,19.326433],[-99.235777,19.326387],[-99.235811,19.326354],[-99.235841,19.326317],[-99.235841,19.326284],[-99.235831,19.326252],[-99.235806,19.326233],[-99.235791,19.32621],[-99.235806,19.326182],[-99.235816,19.326159]]]]}},{"type":"Feature","properties":{"area":"La Loma","zona":"Zona de Restauracion Ecologica","zona_k":"restauracion ecologica","ha":0.11},"geometry":{"type":"MultiPolygon","coordinates":[[[[-99.235355,19.327561],[-99.235335,19.327533],[-99.235324,19.327518],[-99.235297,19.327493],[-99.235276,19.327462],[-99.235287,19.327442],[-99.235313,19.327422],[-99.235372,19.327402],[-99.235393,19.327371],[-99.235403,19.327336],[-99.235382,19.327306],[-99.235361,19.327276],[-99.235334,19.327256],[-99.235313,19.32725],[-99.23527,19.327256],[-99.235249,19.327266],[-99.235212,19.327281],[-99.235185,19.327281],[-99.23518,19.327266],[-99.235196,19.327246],[-99.235217,19.32723],[-99.235254,19.327205],[-99.23527,19.327185],[-99.235292,19.32717],[-99.235323,19.327165],[-99.235361,19.32717],[-99.235425,19.32719],[-99.235446,19.3272],[-99.235472,19.32722],[-99.235499,19.327255],[-99.235504,19.327286],[-99.235494,19.327316],[-99.235483,19.327341],[-99.235462,19.327366],[-99.235473,19.327386],[-99.235505,19.327402],[-99.235531,19.327397],[-99.235552,19.327396],[-99.235606,19.327376],[-99.235669,19.327376],[-99.23572,19.327386],[-99.235734,19.327414],[-99.235728,19.327448],[-99.235699,19.327482],[-99.235693,19.327521],[-99.235669,19.327543],[-99.235628,19.327555],[-99.235586,19.327566],[-99.235556,19.32756],[-99.235521,19.327538],[-99.235485,19.327532],[-99.235426,19.327533],[-99.235384,19.327544],[-99.235355,19.327561]]]]}},{"type":"Feature","properties":{"area":"La Loma","zona":"Zona de Restauracion Ecologica","zona_k":"restauracion ecologica","ha":1.07},"geometry":{"type":"MultiPolygon","coordinates":[[[[-99.234682,19.327286],[-99.2347,19.327263],[-99.23473,19.327257],[-99.234766,19.327269],[-99.234802,19.327286],[-99.234825,19.327291],[-99.234837,19.327336],[-99.234832,19.327365],[-99.234808,19.327393],[-99.23479,19.327427],[-99.234778,19.32745],[-99.234766,19.327489],[-99.234748,19.327535],[-99.234748,19.32758],[-99.23476,19.327602],[-99.23476,19.327619],[-99.234743,19.327642],[-99.234725,19.327682],[-99.234719,19.327699],[-99.234701,19.327772],[-99.234671,19.327795],[-99.234647,19.327818],[-99.234624,19.327874],[-99.234653,19.327891],[-99.234749,19.327897],[-99.234779,19.327908],[-99.234826,19.327925],[-99.234868,19.327908],[-99.234886,19.327885],[-99.234892,19.327851],[-99.234928,19.327817],[-99.234975,19.327794],[-99.235023,19.327772],[-99.235083,19.327755],[-99.235154,19.327715],[-99.235202,19.327692],[-99.23522,19.327681],[-99.235243,19.327636],[-99.235291,19.327613],[-99.235349,19.327617],[-99.235361,19.327645],[-99.235379,19.327696],[-99.235408,19.327707],[-99.235432,19.327729],[-99.235444,19.327769],[-99.235444,19.327791],[-99.235462,19.327808],[-99.235498,19.327836],[-99.235515,19.327836],[-99.235557,19.327847],[-99.235598,19.327836],[-99.235628,19.327819],[-99.235652,19.327802],[-99.235675,19.327774],[-99.23574,19.327746],[-99.23577,19.327723],[-99.235782,19.327695],[-99.235782,19.327656],[-99.235794,19.327611],[-99.235823,19.327599],[-99.235877,19.327599],[-99.235936,19.327611],[-99.235977,19.327622],[-99.236007,19.327655],[-99.236049,19.327684],[-99.236078,19.327717],[-99.236114,19.327751],[-99.236156,19.327796],[-99.236185,19.327818],[-99.236209,19.327852],[-99.236215,19.327891],[-99.236227,19.327942],[-99.236227,19.327964],[-99.236229,19.327991],[-99.236229,19.327992],[-99.236164,19.328005],[-99.236119,19.32801],[-99.236084,19.328],[-99.236049,19.327963],[-99.236029,19.327902],[-99.235985,19.327869],[-99.23594,19.327855],[-99.23588,19.327836],[-99.235821,19.327831],[-99.235771,19.327841],[-99.235737,19.327845],[-99.235707,19.327864],[-99.235692,19.327874],[-99.235692,19.327902],[-99.235712,19.327925],[-99.235756,19.327892],[-99.235806,19.327878],[-99.235841,19.327878],[-99.235866,19.327897],[-99.23592,19.327925],[-99.23594,19.327944],[-99.23597,19.327977],[-99.236,19.328005],[-99.236015,19.328024],[-99.236025,19.328047],[-99.23602,19.32808],[-99.236005,19.328104],[-99.235995,19.328118],[-99.235975,19.328146],[-99.23595,19.328175],[-99.235931,19.328212],[-99.235926,19.328259],[-99.235926,19.328288],[-99.235926,19.328311],[-99.235906,19.32833],[-99.235876,19.328354],[-99.235812,19.328368],[-99.235772,19.328377],[-99.235747,19.328377],[-99.235698,19.328387],[-99.235653,19.328392],[-99.235612,19.328406],[-99.235567,19.32843],[-99.235579,19.328376],[-99.235584,19.328348],[-99.235596,19.32832],[-99.235632,19.328303],[-99.23565,19.328297],[-99.235674,19.32828],[-99.235674,19.328257],[-99.23565,19.32824],[-99.235614,19.328229],[-99.23559,19.328241],[-99.235554,19.328246],[-99.235548,19.328224],[-99.235578,19.328201],[-99.235614,19.328201],[-99.235644,19.32819],[-99.23568,19.328167],[-99.235697,19.328127],[-99.235703,19.328093],[-99.235721,19.328059],[-99.235727,19.328008],[-99.235727,19.32798],[-99.235697,19.32798],[-99.23565,19.327986],[-99.23562,19.328003],[-99.23559,19.328003],[-99.235554,19.328048],[-99.235536,19.328082],[-99.235524,19.328116],[-99.235489,19.328133],[-99.235459,19.328133],[-99.235441,19.328116],[-99.235411,19.328111],[-99.23534,19.328122],[-99.235298,19.328128],[-99.235262,19.32815],[-99.235226,19.328156],[-99.235179,19.328139],[-99.235137,19.328117],[-99.235107,19.328122],[-99.235065,19.328168],[-99.235,19.328179],[-99.234958,19.328179],[-99.234952,19.328196],[-99.234976,19.32823],[-99.234988,19.328253],[-99.235018,19.328275],[-99.235048,19.328309],[-99.23506,19.328337],[-99.235024,19.328366],[-99.235,19.328371],[-99.23497,19.328354],[-99.23494,19.328338],[-99.234893,19.328321],[-99.234839,19.328315],[-99.234815,19.328309],[-99.234779,19.328292],[-99.234731,19.32827],[-99.234684,19.32827],[-99.234648,19.328281],[-99.2346,19.328281],[-99.234576,19.328287],[-99.234523,19.328304],[-99.234493,19.328338],[-99.234451,19.328366],[-99.23441,19.328355],[-99.234386,19.328327],[-99.234386,19.328276],[-99.234397,19.328231],[-99.234409,19.328202],[-99.234427,19.328169],[-99.234439,19.328146],[-99.234433,19.328112],[-99.234415,19.328067],[-99.234433,19.328033],[-99.234463,19.328004],[-99.234492,19.32797],[-99.23451,19.327936],[-99.234528,19.327903],[-99.234528,19.32788],[-99.234504,19.327863],[-99.234445,19.32784],[-99.234427,19.327846],[-99.234403,19.327863],[-99.234379,19.327891],[-99.234331,19.32788],[-99.23429,19.327863],[-99.234224,19.327869],[-99.234158,19.32788],[-99.234111,19.327858],[-99.234069,19.327847],[-99.234051,19.327841],[-99.234021,19.327807],[-99.234003,19.32779],[-99.233973,19.327773],[-99.233961,19.327734],[-99.233967,19.327711],[-99.233997,19.327688],[-99.234039,19.327677],[-99.234069,19.32766],[-99.234098,19.327649],[-99.23408,19.32762],[-99.234104,19.327586],[-99.234128,19.327558],[-99.234146,19.327552],[-99.234188,19.327552],[-99.234224,19.327563],[-99.234259,19.327569],[-99.234289,19.327592],[-99.234289,19.32762],[-99.234289,19.327648],[-99.234301,19.327665],[-99.234337,19.327671],[-99.234355,19.327648],[-99.234409,19.327637],[-99.23445,19.327665],[-99.234432,19.327676],[-99.234432,19.327716],[-99.234438,19.327733],[-99.23448,19.327755],[-99.234534,19.327767],[-99.234576,19.327755],[-99.234594,19.327744],[-99.234611,19.32771],[-99.234641,19.327676],[-99.234659,19.327636],[-99.234671,19.327603],[-99.234695,19.327557],[-99.234707,19.327518],[-99.234712,19.32745],[-99.234706,19.327427],[-99.234718,19.327359],[-99.234712,19.327331],[-99.234682,19.327308],[-99.234682,19.327286]]]]}},{"type":"Feature","properties":{"area":"La Loma","zona":"Zona de Restauracion Ecologica","zona_k":"restauracion ecologica","ha":0.24},"geometry":{"type":"MultiPolygon","coordinates":[[[[-99.234682,19.327286],[-99.234642,19.327276],[-99.234615,19.327268],[-99.234592,19.327259],[-99.234583,19.327228],[-99.234578,19.327207],[-99.234569,19.327176],[-99.234551,19.327159],[-99.234486,19.327146],[-99.234454,19.327124],[-99.234408,19.32712],[-99.234362,19.327094],[-99.234353,19.327059],[-99.234367,19.327033],[-99.23439,19.327015],[-99.234413,19.326998],[-99.234445,19.326985],[-99.2345,19.326985],[-99.234527,19.326985],[-99.234559,19.326998],[-99.234596,19.326976],[-99.234619,19.326963],[-99.234619,19.326928],[-99.234642,19.326893],[-99.234674,19.32688],[-99.234692,19.326863],[-99.234692,19.326832],[-99.234683,19.326806],[-99.23467,19.326784],[-99.234694,19.326773],[-99.234723,19.326751],[-99.234788,19.326756],[-99.234812,19.326767],[-99.234865,19.326767],[-99.234906,19.326745],[-99.23493,19.326717],[-99.234995,19.3267],[-99.235018,19.3267],[-99.23506,19.326717],[-99.235077,19.326722],[-99.235088,19.326756],[-99.235065,19.326776],[-99.235028,19.326804],[-99.234983,19.326832],[-99.234941,19.326854],[-99.234941,19.326884],[-99.234941,19.326918],[-99.234957,19.326953],[-99.234962,19.326977],[-99.234946,19.327017],[-99.234926,19.327061],[-99.23491,19.32713],[-99.23491,19.32717],[-99.234889,19.3272],[-99.234869,19.327234],[-99.234858,19.327264],[-99.234825,19.327291],[-99.234802,19.327286],[-99.234766,19.327269],[-99.23473,19.327257],[-99.2347,19.327263],[-99.234682,19.327286]]]]}},{"type":"Feature","properties":{"area":"La Loma","zona":"Zona de Restauracion Ecologica","zona_k":"restauracion ecologica","ha":4.35},"geometry":{"type":"MultiPolygon","coordinates":[[[[-99.234825,19.327291],[-99.234858,19.327264],[-99.234869,19.327234],[-99.234889,19.3272],[-99.23491,19.32717],[-99.23491,19.32713],[-99.234926,19.327061],[-99.234946,19.327017],[-99.234962,19.326977],[-99.234957,19.326953],[-99.234941,19.326918],[-99.234941,19.326884],[-99.234941,19.326854],[-99.234983,19.326832],[-99.235028,19.326804],[-99.235065,19.326776],[-99.235088,19.326756],[-99.235077,19.326722],[-99.23506,19.326717],[-99.235018,19.3267],[-99.234995,19.3267],[-99.23493,19.326717],[-99.234906,19.326745],[-99.234865,19.326767],[-99.234812,19.326767],[-99.234788,19.326756],[-99.234723,19.326751],[-99.234733,19.326724],[-99.234762,19.32671],[-99.234795,19.326705],[-99.23483,19.326699],[-99.234872,19.326686],[-99.234899,19.326678],[-99.234931,19.326663],[-99.234947,19.326646],[-99.234966,19.326628],[-99.234995,19.326604],[-99.23501,19.326578],[-99.235016,19.326545],[-99.235024,19.32652],[-99.235024,19.326502],[-99.235024,19.32648],[-99.235031,19.326444],[-99.235054,19.326404],[-99.235107,19.326382],[-99.235138,19.326375],[-99.235176,19.326375],[-99.23521,19.326357],[-99.235233,19.326335],[-99.235252,19.326314],[-99.235275,19.326317],[-99.235306,19.326324],[-99.235336,19.326335],[-99.235351,19.326339],[-99.235382,19.326335],[-99.235412,19.326335],[-99.235447,19.326313],[-99.235477,19.326302],[-99.235496,19.326281],[-99.235508,19.32627],[-99.235542,19.326241],[-99.235576,19.326223],[-99.235614,19.326212],[-99.235664,19.326205],[-99.235706,19.326201],[-99.235732,19.326183],[-99.235767,19.326157],[-99.235816,19.326159],[-99.235806,19.326182],[-99.235791,19.32621],[-99.235806,19.326233],[-99.235831,19.326252],[-99.235841,19.326284],[-99.235841,19.326317],[-99.235811,19.326354],[-99.235777,19.326387],[-99.235753,19.326433],[-99.235743,19.326442],[-99.235699,19.326456],[-99.23566,19.32648],[-99.235645,19.326489],[-99.235601,19.326498],[-99.235586,19.326512],[-99.235571,19.32654],[-99.235586,19.326577],[-99.235601,19.326587],[-99.23564,19.326596],[-99.235684,19.326596],[-99.235723,19.32661],[-99.235738,19.326652],[-99.235743,19.326675],[-99.235748,19.326689],[-99.235787,19.326717],[-99.235831,19.326726],[-99.235851,19.326721],[-99.235871,19.326698],[-99.23588,19.326675],[-99.23587,19.326642],[-99.235856,19.326619],[-99.235841,19.326591],[-99.235841,19.326554],[-99.235836,19.326512],[-99.235841,19.326489],[-99.23587,19.326489],[-99.235895,19.326489],[-99.235914,19.326484],[-99.235939,19.32647],[-99.235973,19.32647],[-99.236027,19.326456],[-99.236066,19.326437],[-99.236076,19.326428],[-99.23612,19.326423],[-99.236149,19.326423],[-99.236189,19.326419],[-99.236233,19.326414],[-99.236267,19.326414],[-99.236287,19.326405],[-99.236287,19.326381],[-99.236272,19.326354],[-99.236247,19.326354],[-99.236237,19.326335],[-99.236237,19.326298],[-99.236228,19.32627],[-99.236198,19.326242],[-99.236169,19.326214],[-99.236139,19.326214],[-99.236085,19.3262],[-99.236071,19.326182],[-99.236061,19.326159],[-99.236061,19.32614],[-99.236046,19.326112],[-99.236051,19.32607],[-99.23607,19.326042],[-99.23607,19.326015],[-99.23607,19.32598],[-99.236081,19.32598],[-99.236099,19.325964],[-99.236112,19.32593],[-99.236116,19.325914],[-99.23612,19.325901],[-99.236138,19.325881],[-99.23616,19.32586],[-99.236181,19.325856],[-99.236216,19.325843],[-99.236243,19.325835],[-99.236273,19.325818],[-99.236282,19.325806],[-99.23631,19.32579],[-99.236332,19.325771],[-99.23635,19.325746],[-99.236395,19.325724],[-99.236418,19.325714],[-99.236451,19.325698],[-99.236474,19.325676],[-99.236513,19.325649],[-99.236541,19.325628],[-99.236552,19.325607],[-99.236547,19.325575],[-99.236547,19.325548],[-99.236563,19.325516],[-99.236569,19.325479],[-99.236563,19.325426],[-99.236563,19.325383],[-99.236574,19.325346],[-99.236591,19.325309],[-99.236623,19.325294],[-99.236656,19.325276],[-99.236695,19.325255],[-99.236736,19.325241],[-99.236771,19.325216],[-99.2368,19.325196],[-99.236826,19.325176],[-99.236839,19.325167],[-99.236848,19.325163],[-99.236853,19.325138],[-99.236861,19.325116],[-99.236852,19.325095],[-99.236852,19.325083],[-99.236866,19.325057],[-99.236888,19.325044],[-99.236924,19.325027],[-99.236942,19.325006],[-99.236951,19.324998],[-99.236968,19.324977],[-99.236995,19.324951],[-99.237044,19.324938],[-99.237084,19.324938],[-99.237111,19.32493],[-99.237138,19.324917],[-99.23716,19.324892],[-99.237178,19.324879],[-99.237223,19.324853],[-99.237254,19.324845],[-99.237308,19.324828],[-99.237334,19.324815],[-99.237391,19.324793],[-99.237416,19.324778],[-99.237454,19.324768],[-99.237486,19.324767],[-99.237527,19.324767],[-99.237566,19.324762],[-99.237606,19.324762],[-99.237629,19.324735],[-99.237618,19.324697],[-99.237618,19.32467],[-99.237646,19.324637],[-99.237686,19.324632],[-99.237738,19.324648],[-99.237755,19.32467],[-99.237761,19.324691],[-99.237761,19.324729],[-99.237784,19.324757],[-99.23783,19.324757],[-99.237859,19.324751],[-99.237887,19.324735],[-99.237939,19.324735],[-99.237982,19.324746],[-99.238028,19.324743],[-99.238054,19.324729],[-99.238079,19.324722],[-99.238115,19.324715],[-99.238168,19.324708],[-99.238193,19.324719],[-99.238219,19.324722],[-99.238258,19.324715],[-99.238307,19.324732],[-99.238312,19.324779],[-99.238266,19.324813],[-99.238226,19.324813],[-99.23817,19.324804],[-99.238105,19.324808],[-99.238044,19.324828],[-99.237989,19.324823],[-99.237948,19.324799],[-99.237918,19.324794],[-99.237908,19.324828],[-99.237898,19.324857],[-99.237863,19.324876],[-99.237827,19.324881],[-99.237812,19.3249],[-99.237762,19.324909],[-99.237696,19.32491],[-99.237646,19.3249],[-99.23758,19.324886],[-99.23754,19.324891],[-99.237524,19.324915],[-99.237494,19.324929],[-99.237484,19.324939],[-99.237469,19.324962],[-99.237474,19.325001],[-99.237464,19.325034],[-99.237494,19.325068],[-99.23751,19.325082],[-99.237525,19.325087],[-99.23757,19.325116],[-99.237605,19.32512],[-99.237636,19.325106],[-99.237717,19.325115],[-99.237752,19.325125],[-99.237802,19.32512],[-99.237843,19.325134],[-99.237886,19.325142],[-99.237864,19.325159],[-99.237846,19.325163],[-99.237832,19.32518],[-99.237819,19.325197],[-99.237801,19.325219],[-99.237765,19.325197],[-99.237724,19.325202],[-99.237702,19.325223],[-99.237684,19.325266],[-99.237697,19.325291],[-99.237733,19.325304],[-99.237778,19.325334],[-99.237805,19.325372],[-99.237841,19.325372],[-99.23785,19.325381],[-99.237859,19.325402],[-99.23786,19.325436],[-99.237855,19.325462],[-99.237842,19.325487],[-99.237824,19.325505],[-99.237828,19.325526],[-99.237846,19.325539],[-99.237869,19.325556],[-99.237878,19.325569],[-99.237891,19.325615],[-99.237891,19.325641],[-99.237887,19.325662],[-99.237864,19.325671],[-99.237833,19.325688],[-99.237801,19.325688],[-99.237774,19.325675],[-99.237756,19.325684],[-99.237743,19.325697],[-99.237743,19.325722],[-99.237729,19.325727],[-99.237698,19.325718],[-99.23768,19.325705],[-99.237653,19.325705],[-99.237635,19.325731],[-99.237626,19.325761],[-99.23763,19.325778],[-99.237648,19.325795],[-99.237684,19.325804],[-99.237716,19.325804],[-99.237748,19.325799],[-99.237797,19.325808],[-99.237856,19.325812],[-99.237878,19.325799],[-99.237887,19.325786],[-99.237905,19.325765],[-99.237928,19.325752],[-99.237973,19.325739],[-99.238013,19.325743],[-99.238022,19.325752],[-99.23804,19.325778],[-99.238045,19.325803],[-99.238036,19.325816],[-99.238013,19.325833],[-99.237973,19.325837],[-99.237973,19.325872],[-99.237991,19.325893],[-99.238018,19.325911],[-99.238036,19.325937],[-99.238068,19.325962],[-99.238081,19.325975],[-99.238104,19.325996],[-99.238104,19.326039],[-99.238081,19.326047],[-99.238036,19.326052],[-99.238023,19.326073],[-99.238005,19.326103],[-99.237964,19.326112],[-99.237933,19.326137],[-99.237919,19.32615],[-99.237883,19.326163],[-99.237843,19.326167],[-99.237838,19.32618],[-99.237843,19.326193],[-99.237883,19.326206],[-99.237906,19.326219],[-99.237919,19.32624],[-99.237897,19.326253],[-99.237874,19.32627],[-99.237852,19.326283],[-99.237811,19.326295],[-99.237784,19.326296],[-99.237762,19.326287],[-99.237739,19.326274],[-99.237699,19.32627],[-99.237667,19.326262],[-99.237631,19.32624],[-99.237613,19.326236],[-99.237573,19.326219],[-99.237532,19.326219],[-99.237519,19.32624],[-99.237474,19.326245],[-99.237469,19.32627],[-99.237456,19.326296],[-99.237442,19.326313],[-99.237447,19.32633],[-99.237451,19.326339],[-99.237465,19.326351],[-99.237487,19.326377],[-99.237492,19.326411],[-99.237483,19.326437],[-99.237465,19.326462],[-99.237479,19.326471],[-99.237506,19.326475],[-99.237515,19.326497],[-99.237537,19.326505],[-99.237551,19.326531],[-99.237565,19.326562],[-99.237545,19.326591],[-99.237529,19.326614],[-99.23751,19.326635],[-99.237484,19.326656],[-99.237454,19.326682],[-99.237425,19.3267],[-99.237397,19.326733],[-99.23736,19.326764],[-99.237327,19.326792],[-99.237286,19.326824],[-99.237257,19.326852],[-99.237224,19.326879],[-99.23719,19.326921],[-99.237145,19.326961],[-99.237145,19.326922],[-99.237181,19.326882],[-99.23721,19.326849],[-99.237222,19.326832],[-99.237204,19.326764],[-99.237174,19.326742],[-99.237145,19.326719],[-99.237097,19.326708],[-99.23705,19.326703],[-99.237026,19.326691],[-99.237002,19.326675],[-99.236973,19.326647],[-99.236967,19.326663],[-99.236931,19.32668],[-99.236866,19.326714],[-99.236848,19.326748],[-99.236843,19.32681],[-99.236849,19.326877],[-99.236843,19.326917],[-99.236831,19.326933],[-99.236789,19.326928],[-99.236736,19.326917],[-99.236664,19.326929],[-99.236611,19.326946],[-99.236587,19.32698],[-99.236563,19.326962],[-99.236519,19.326962],[-99.2365,19.326969],[-99.236464,19.326958],[-99.236445,19.326944],[-99.236438,19.326924],[-99.236428,19.326896],[-99.236416,19.326857],[-99.236422,19.326835],[-99.236445,19.326813],[-99.236481,19.326796],[-99.23651,19.326796],[-99.236557,19.326801],[-99.236615,19.326812],[-99.236645,19.326823],[-99.236703,19.326829],[-99.236744,19.326829],[-99.236791,19.326807],[-99.236797,19.326773],[-99.236791,19.32674],[-99.236768,19.326707],[-99.23675,19.326684],[-99.236697,19.326668],[-99.236674,19.326657],[-99.236664,19.326649],[-99.236661,19.326633],[-99.236684,19.326616],[-99.23671,19.326616],[-99.23673,19.326605],[-99.236739,19.326591],[-99.23671,19.326521],[-99.236673,19.3265],[-99.236644,19.326493],[-99.236636,19.326444],[-99.236614,19.326423],[-99.236553,19.326435],[-99.236512,19.326444],[-99.236471,19.326449],[-99.23645,19.32644],[-99.236419,19.326425],[-99.236398,19.32642],[-99.236372,19.326425],[-99.236336,19.32644],[-99.236326,19.326464],[-99.23629,19.326489],[-99.236264,19.326538],[-99.236279,19.326567],[-99.23628,19.326607],[-99.236259,19.326646],[-99.23628,19.326685],[-99.236295,19.326724],[-99.236295,19.326764],[-99.236295,19.326793],[-99.23628,19.326827],[-99.236213,19.326832],[-99.236166,19.326813],[-99.236109,19.326813],[-99.236042,19.326813],[-99.236006,19.326833],[-99.235975,19.326857],[-99.235944,19.326882],[-99.235907,19.326902],[-99.235866,19.326902],[-99.235794,19.326887],[-99.235747,19.326892],[-99.235695,19.326907],[-99.235649,19.326902],[-99.235607,19.326912],[-99.235545,19.326931],[-99.235514,19.326951],[-99.235489,19.326976],[-99.235468,19.327],[-99.235463,19.327025],[-99.235463,19.327049],[-99.235473,19.327089],[-99.235509,19.327093],[-99.235546,19.327074],[-99.235561,19.327054],[-99.235587,19.327049],[-99.235639,19.327049],[-99.235665,19.327049],[-99.235675,19.327078],[-99.235716,19.327103],[-99.235753,19.327093],[-99.235789,19.327083],[-99.235815,19.327088],[-99.235835,19.327098],[-99.235835,19.327113],[-99.23583,19.327132],[-99.235866,19.327157],[-99.235918,19.327157],[-99.235949,19.327176],[-99.235975,19.327196],[-99.236037,19.327235],[-99.236063,19.32722],[-99.236099,19.32722],[-99.236115,19.32724],[-99.236105,19.327274],[-99.236084,19.327289],[-99.236084,19.327313],[-99.236094,19.327343],[-99.236108,19.327361],[-99.236084,19.327369],[-99.236036,19.327374],[-99.235965,19.327391],[-99.23593,19.327403],[-99.235853,19.327431],[-99.235823,19.327448],[-99.235776,19.327442],[-99.235728,19.327448],[-99.235734,19.327414],[-99.23572,19.327386],[-99.235669,19.327376],[-99.235606,19.327376],[-99.235552,19.327396],[-99.235531,19.327397],[-99.235505,19.327402],[-99.235473,19.327386],[-99.235462,19.327366],[-99.235483,19.327341],[-99.235494,19.327316],[-99.235504,19.327286],[-99.235499,19.327255],[-99.235472,19.32722],[-99.235446,19.3272],[-99.235425,19.32719],[-99.235361,19.32717],[-99.235323,19.327165],[-99.235292,19.32717],[-99.23527,19.327185],[-99.235254,19.327205],[-99.235217,19.32723],[-99.235196,19.327246],[-99.23518,19.327266],[-99.235185,19.327281],[-99.235212,19.327281],[-99.235249,19.327266],[-99.23527,19.327256],[-99.235313,19.32725],[-99.235334,19.327256],[-99.235361,19.327276],[-99.235382,19.327306],[-99.235403,19.327336],[-99.235393,19.327371],[-99.235372,19.327402],[-99.235313,19.327422],[-99.235287,19.327442],[-99.235276,19.327462],[-99.235297,19.327493],[-99.235324,19.327518],[-99.235335,19.327533],[-99.235355,19.327561],[-99.235349,19.327578],[-99.235349,19.327617],[-99.235291,19.327613],[-99.235243,19.327636],[-99.23522,19.327681],[-99.235202,19.327692],[-99.235154,19.327715],[-99.235083,19.327755],[-99.235023,19.327772],[-99.234975,19.327794],[-99.234928,19.327817],[-99.234892,19.327851],[-99.234886,19.327885],[-99.234868,19.327908],[-99.234826,19.327925],[-99.234779,19.327908],[-99.234749,19.327897],[-99.234653,19.327891],[-99.234624,19.327874],[-99.234647,19.327818],[-99.234671,19.327795],[-99.234701,19.327772],[-99.234719,19.327699],[-99.234725,19.327682],[-99.234743,19.327642],[-99.23476,19.327619],[-99.23476,19.327602],[-99.234748,19.32758],[-99.234748,19.327535],[-99.234766,19.327489],[-99.234778,19.32745],[-99.23479,19.327427],[-99.234808,19.327393],[-99.234832,19.327365],[-99.234837,19.327336],[-99.234825,19.327291]]]]}},{"type":"Feature","properties":{"area":"La Loma","zona":"Zona de Proteccion Estricta","zona_k":"proteccion estricta","ha":1.18},"geometry":{"type":"MultiPolygon","coordinates":[[[[-99.229965,19.330353],[-99.230004,19.330343],[-99.230052,19.330326],[-99.230149,19.330367],[-99.23015,19.330367],[-99.230304,19.33032],[-99.230463,19.330257],[-99.2304,19.330179],[-99.230428,19.330172],[-99.230446,19.330162],[-99.230544,19.330118],[-99.230575,19.330104],[-99.230679,19.330074],[-99.230773,19.330045],[-99.230927,19.33],[-99.230967,19.329989],[-99.231101,19.329925],[-99.231193,19.32986],[-99.231326,19.329779],[-99.231377,19.329646],[-99.231458,19.32955],[-99.231511,19.329472],[-99.231609,19.329327],[-99.231678,19.329221],[-99.231686,19.329215],[-99.231683,19.329212],[-99.231718,19.329085],[-99.231728,19.329078],[-99.231751,19.329066],[-99.231764,19.329092],[-99.231792,19.329102],[-99.231793,19.329102],[-99.231834,19.329099],[-99.231866,19.329088],[-99.231895,19.329072],[-99.231946,19.329018],[-99.232093,19.328944],[-99.232061,19.328894],[-99.232164,19.328808],[-99.232118,19.328764],[-99.232213,19.328628],[-99.232322,19.328469],[-99.232398,19.328382],[-99.23244,19.328354],[-99.232559,19.328293],[-99.232621,19.328224],[-99.23274,19.328159],[-99.232844,19.328139],[-99.232853,19.328118],[-99.23286,19.328057],[-99.232838,19.328027],[-99.232851,19.327945],[-99.232859,19.327935],[-99.232928,19.327968],[-99.232929,19.327968],[-99.233007,19.327919],[-99.233005,19.327854],[-99.233105,19.327811],[-99.233152,19.327735],[-99.2331,19.327681],[-99.233183,19.327622],[-99.233235,19.32758],[-99.233283,19.327543],[-99.233391,19.327463],[-99.233353,19.327425],[-99.233365,19.327402],[-99.233388,19.327387],[-99.233398,19.327381],[-99.233411,19.327374],[-99.233429,19.327364],[-99.233443,19.327355],[-99.233461,19.327343],[-99.233469,19.327337],[-99.233491,19.327322],[-99.233517,19.327307],[-99.233527,19.327302],[-99.233562,19.327277],[-99.23357,19.327269],[-99.23359,19.327257],[-99.2336,19.327253],[-99.233626,19.327241],[-99.233645,19.327229],[-99.233694,19.327198],[-99.23371,19.327191],[-99.233722,19.327184],[-99.233745,19.327169],[-99.233768,19.327154],[-99.233791,19.327141],[-99.233808,19.327134],[-99.233818,19.327128],[-99.233825,19.327124],[-99.233839,19.327116],[-99.23385,19.327109],[-99.23387,19.327097],[-99.233884,19.327089],[-99.233899,19.327078],[-99.233907,19.327072],[-99.233921,19.327064],[-99.23393,19.327058],[-99.233944,19.327047],[-99.233962,19.327035],[-99.233977,19.327024],[-99.233985,19.327018],[-99.233992,19.327012],[-99.234012,19.326997],[-99.234027,19.326987],[-99.23404,19.326978],[-99.23405,19.326971],[-99.234073,19.326956],[-99.23408,19.326951],[-99.234083,19.326949],[-99.234089,19.326946],[-99.234097,19.32694],[-99.234126,19.326921],[-99.234139,19.326911],[-99.234162,19.326894],[-99.234171,19.326887],[-99.23418,19.326881],[-99.234189,19.326874],[-99.234221,19.326855],[-99.234233,19.326848],[-99.234245,19.326841],[-99.234258,19.326832],[-99.234267,19.326825],[-99.234275,19.326819],[-99.234284,19.326813],[-99.234297,19.326803],[-99.234307,19.326795],[-99.234315,19.326789],[-99.234327,19.326781],[-99.234342,19.326773],[-99.23437,19.326754],[-99.234392,19.326741],[-99.234405,19.326735],[-99.234419,19.326728],[-99.234439,19.326717],[-99.234455,19.326708],[-99.234472,19.326697],[-99.23449,19.326686],[-99.234493,19.326685],[-99.234499,19.326682],[-99.234506,19.326678],[-99.234517,19.326672],[-99.234564,19.326684],[-99.234593,19.326684],[-99.234623,19.326701],[-99.234623,19.326729],[-99.234593,19.32674],[-99.234593,19.326768],[-99.234599,19.326785],[-99.234558,19.326802],[-99.234522,19.326815],[-99.234472,19.326833],[-99.234431,19.326854],[-99.234404,19.32685],[-99.234331,19.326859],[-99.234277,19.326893],[-99.234259,19.326915],[-99.234259,19.326949],[-99.23425,19.326988],[-99.234205,19.327014],[-99.234137,19.327034],[-99.234065,19.327048],[-99.234036,19.32711],[-99.234043,19.327152],[-99.234,19.327207],[-99.233964,19.327241],[-99.233906,19.327269],[-99.233833,19.327296],[-99.233768,19.327303],[-99.23371,19.327317],[-99.233673,19.327366],[-99.233688,19.327421],[-99.233681,19.327462],[-99.233659,19.327489],[-99.23363,19.327448],[-99.233601,19.327448],[-99.233536,19.327469],[-99.233492,19.327497],[-99.233463,19.327552],[-99.233441,19.327593],[-99.233398,19.327641],[-99.23334,19.327669],[-99.233303,19.327676],[-99.233238,19.327676],[-99.233209,19.327704],[-99.233216,19.327745],[-99.233188,19.327793],[-99.233188,19.327841],[-99.233188,19.327896],[-99.233137,19.327951],[-99.233137,19.327965],[-99.233108,19.32802],[-99.233101,19.328069],[-99.233057,19.328089],[-99.233021,19.328103],[-99.23297,19.328165],[-99.23297,19.32822],[-99.232934,19.328255],[-99.232898,19.328262],[-99.232818,19.328282],[-99.232774,19.328303],[-99.232738,19.328338],[-99.232695,19.3284],[-99.232651,19.328448],[-99.232615,19.328469],[-99.232534,19.328492],[-99.232454,19.328547],[-99.232418,19.328602],[-99.232403,19.32865],[-99.232396,19.328692],[-99.232396,19.328754],[-99.232396,19.328809],[-99.232389,19.328829],[-99.23236,19.328836],[-99.23236,19.328788],[-99.232353,19.328754],[-99.232338,19.328712],[-99.232294,19.328719],[-99.232265,19.328747],[-99.232236,19.328788],[-99.2322,19.32883],[-99.232179,19.328885],[-99.232186,19.328905],[-99.232186,19.328967],[-99.232142,19.329036],[-99.232113,19.329078],[-99.232085,19.329133],[-99.232026,19.329181],[-99.23199,19.329222],[-99.231947,19.32925],[-99.231889,19.329271],[-99.231831,19.329298],[-99.231787,19.32936],[-99.231722,19.329436],[-99.231707,19.329471],[-99.231693,19.329546],[-99.231671,19.329574],[-99.231613,19.329602],[-99.231548,19.32965],[-99.231497,19.329691],[-99.231439,19.329726],[-99.231417,19.329767],[-99.231387,19.329838],[-99.23138,19.3299],[-99.231329,19.329955],[-99.231271,19.330024],[-99.231249,19.330066],[-99.231184,19.330086],[-99.231148,19.330114],[-99.231104,19.330135],[-99.231039,19.330149],[-99.230988,19.330155],[-99.230915,19.330169],[-99.23085,19.330225],[-99.230814,19.330245],[-99.230749,19.330266],[-99.230683,19.33028],[-99.230633,19.330301],[-99.230545,19.330328],[-99.23048,19.33037],[-99.230458,19.330404],[-99.230415,19.330432],[-99.230386,19.330445],[-99.230284,19.330439],[-99.230204,19.330487],[-99.230168,19.330515],[-99.230117,19.330577],[-99.230052,19.330577],[-99.23003,19.330556],[-99.229972,19.330563],[-99.229943,19.330591],[-99.229885,19.330591],[-99.229842,19.330591],[-99.229805,19.330611],[-99.229769,19.330632],[-99.22974,19.330618],[-99.229696,19.330598],[-99.229653,19.330584],[-99.229616,19.330591],[-99.22958,19.330585],[-99.229559,19.330568],[-99.229558,19.330528],[-99.229573,19.330526],[-99.229673,19.330501],[-99.22961,19.330416],[-99.229632,19.330406],[-99.229646,19.3304],[-99.229665,19.33039],[-99.229694,19.330376],[-99.229712,19.330369],[-99.229745,19.330358],[-99.229798,19.330328],[-99.22982,19.330325],[-99.22985,19.330321],[-99.229901,19.330319],[-99.22994,19.330314],[-99.229965,19.330353]]]]}},{"type":"Feature","properties":{"area":"La Loma","zona":"Zona de Restauracion Ecologica","zona_k":"restauracion ecologica","ha":0.44},"geometry":{"type":"MultiPolygon","coordinates":[[[[-99.230929,19.331678],[-99.230929,19.331678],[-99.230864,19.331656],[-99.23091,19.331627],[-99.23094,19.331604],[-99.23097,19.331587],[-99.230988,19.331559],[-99.230982,19.331537],[-99.230958,19.331503],[-99.230922,19.331486],[-99.23091,19.331469],[-99.230874,19.331446],[-99.23085,19.331429],[-99.23085,19.33139],[-99.230862,19.33135],[-99.230904,19.331322],[-99.230987,19.331305],[-99.231029,19.331282],[-99.231071,19.331243],[-99.231082,19.33122],[-99.231094,19.331175],[-99.231076,19.331147],[-99.231053,19.331113],[-99.231058,19.331079],[-99.231082,19.331051],[-99.231112,19.331022],[-99.231112,19.330994],[-99.231094,19.33096],[-99.231137,19.330947],[-99.231167,19.330947],[-99.231228,19.330957],[-99.231303,19.330976],[-99.231339,19.330985],[-99.231389,19.33099],[-99.231419,19.330985],[-99.231465,19.330971],[-99.231515,19.330947],[-99.23156,19.330942],[-99.231606,19.330928],[-99.231641,19.330904],[-99.231661,19.330861],[-99.231691,19.330827],[-99.231731,19.330798],[-99.231782,19.330779],[-99.231822,19.330765],[-99.231872,19.330765],[-99.231903,19.330779],[-99.231923,19.330793],[-99.231948,19.330817],[-99.231973,19.330836],[-99.232014,19.330846],[-99.232058,19.33087],[-99.232042,19.330901],[-99.232058,19.330921],[-99.23209,19.330941],[-99.232106,19.330957],[-99.232112,19.330977],[-99.232095,19.330987],[-99.232063,19.330997],[-99.232031,19.331013],[-99.232031,19.331028],[-99.232032,19.331069],[-99.23198,19.331065],[-99.23193,19.331075],[-99.231876,19.331084],[-99.231826,19.331089],[-99.231776,19.331094],[-99.231732,19.331108],[-99.231702,19.331113],[-99.231667,19.331122],[-99.231652,19.331146],[-99.231647,19.331174],[-99.231647,19.331202],[-99.231643,19.331254],[-99.231591,19.331233],[-99.231556,19.331228],[-99.231511,19.331233],[-99.231451,19.331243],[-99.231431,19.331219],[-99.231436,19.331195],[-99.231436,19.331171],[-99.231405,19.331162],[-99.23136,19.331162],[-99.23132,19.331176],[-99.231311,19.3312],[-99.231306,19.331228],[-99.231281,19.331252],[-99.231266,19.331276],[-99.231276,19.3313],[-99.231247,19.331332],[-99.23126,19.331356],[-99.231266,19.331385],[-99.231272,19.331426],[-99.23126,19.331472],[-99.231205,19.331467],[-99.231155,19.331461],[-99.231112,19.331467],[-99.231088,19.331496],[-99.231106,19.331531],[-99.231125,19.33156],[-99.231137,19.331623],[-99.23108,19.331643],[-99.231063,19.331677],[-99.231033,19.331689],[-99.231002,19.331689],[-99.230965,19.331683],[-99.230929,19.331678]]]]}},{"type":"Feature","properties":{"area":"La Loma","zona":"Zona de Proteccion Estricta","zona_k":"proteccion estricta","ha":0.2},"geometry":{"type":"MultiPolygon","coordinates":[[[[-99.228581,19.331094],[-99.228628,19.331075],[-99.228597,19.331018],[-99.228778,19.330923],[-99.228882,19.33087],[-99.229002,19.330841],[-99.229079,19.330789],[-99.229156,19.330724],[-99.229217,19.330653],[-99.229284,19.330621],[-99.229361,19.330572],[-99.229422,19.330554],[-99.229425,19.330622],[-99.229439,19.330662],[-99.229432,19.330709],[-99.229425,19.330757],[-99.229376,19.330797],[-99.229333,19.330838],[-99.229269,19.330851],[-99.229227,19.330844],[-99.229163,19.330845],[-99.229106,19.330858],[-99.229077,19.330878],[-99.229049,19.330919],[-99.228985,19.330986],[-99.22895,19.331067],[-99.228921,19.331121],[-99.228893,19.331175],[-99.228851,19.331216],[-99.228808,19.331236],[-99.228751,19.331249],[-99.228716,19.331256],[-99.228701,19.331236],[-99.228708,19.331209],[-99.22873,19.331189],[-99.228751,19.331175],[-99.228758,19.331142],[-99.22873,19.331128],[-99.228715,19.331128],[-99.228673,19.331142],[-99.228609,19.331148],[-99.228581,19.331094]]]]}},{"type":"Feature","properties":{"area":"La Loma","zona":"Zona de Restauracion Ecologica","zona_k":"restauracion ecologica","ha":8.57},"geometry":{"type":"MultiPolygon","coordinates":[[[[-99.228105,19.331491],[-99.228121,19.331468],[-99.228132,19.331434],[-99.228152,19.331407],[-99.228164,19.331388],[-99.22818,19.331384],[-99.2282,19.331381],[-99.228224,19.331377],[-99.228244,19.331354],[-99.228268,19.331343],[-99.228316,19.331327],[-99.228332,19.331308],[-99.228344,19.331289],[-99.228376,19.331259],[-99.228395,19.331221],[-99.228428,19.331247],[-99.228429,19.331247],[-99.228429,19.331247],[-99.228541,19.331202],[-99.228519,19.331118],[-99.228581,19.331094],[-99.228609,19.331148],[-99.228673,19.331142],[-99.228715,19.331128],[-99.22873,19.331128],[-99.228758,19.331142],[-99.228751,19.331175],[-99.22873,19.331189],[-99.228708,19.331209],[-99.228701,19.331236],[-99.228716,19.331256],[-99.228751,19.331249],[-99.228808,19.331236],[-99.228851,19.331216],[-99.228893,19.331175],[-99.228921,19.331121],[-99.22895,19.331067],[-99.228985,19.330986],[-99.229049,19.330919],[-99.229077,19.330878],[-99.229106,19.330858],[-99.229163,19.330845],[-99.229227,19.330844],[-99.229269,19.330851],[-99.229333,19.330838],[-99.229376,19.330797],[-99.229425,19.330757],[-99.229432,19.330709],[-99.229439,19.330662],[-99.229425,19.330622],[-99.229422,19.330554],[-99.229468,19.330541],[-99.229558,19.330528],[-99.229559,19.330568],[-99.22958,19.330585],[-99.229616,19.330591],[-99.229653,19.330584],[-99.229696,19.330598],[-99.22974,19.330618],[-99.229769,19.330632],[-99.229805,19.330611],[-99.229842,19.330591],[-99.229885,19.330591],[-99.229943,19.330591],[-99.229972,19.330563],[-99.23003,19.330556],[-99.230052,19.330577],[-99.230117,19.330577],[-99.230168,19.330515],[-99.230204,19.330487],[-99.230284,19.330439],[-99.230386,19.330445],[-99.230415,19.330432],[-99.230458,19.330404],[-99.23048,19.33037],[-99.230545,19.330328],[-99.230633,19.330301],[-99.230683,19.33028],[-99.230749,19.330266],[-99.230814,19.330245],[-99.23085,19.330225],[-99.230915,19.330169],[-99.230988,19.330155],[-99.231039,19.330149],[-99.231104,19.330135],[-99.231148,19.330114],[-99.231184,19.330086],[-99.231249,19.330066],[-99.231271,19.330024],[-99.231329,19.329955],[-99.23138,19.3299],[-99.231387,19.329838],[-99.231417,19.329767],[-99.231439,19.329726],[-99.231497,19.329691],[-99.231548,19.32965],[-99.231613,19.329602],[-99.231671,19.329574],[-99.231693,19.329546],[-99.231707,19.329471],[-99.231722,19.329436],[-99.231787,19.32936],[-99.231831,19.329298],[-99.231889,19.329271],[-99.231947,19.32925],[-99.23199,19.329222],[-99.232026,19.329181],[-99.232085,19.329133],[-99.232113,19.329078],[-99.232142,19.329036],[-99.232186,19.328967],[-99.232186,19.328905],[-99.232179,19.328885],[-99.2322,19.32883],[-99.232236,19.328788],[-99.232265,19.328747],[-99.232294,19.328719],[-99.232338,19.328712],[-99.232353,19.328754],[-99.23236,19.328788],[-99.23236,19.328836],[-99.232389,19.328829],[-99.232396,19.328809],[-99.232396,19.328754],[-99.232396,19.328692],[-99.232403,19.32865],[-99.232418,19.328602],[-99.232454,19.328547],[-99.232534,19.328492],[-99.232615,19.328469],[-99.232651,19.328448],[-99.232695,19.3284],[-99.232738,19.328338],[-99.232774,19.328303],[-99.232818,19.328282],[-99.232898,19.328262],[-99.232934,19.328255],[-99.23297,19.32822],[-99.23297,19.328165],[-99.233021,19.328103],[-99.233057,19.328089],[-99.233101,19.328069],[-99.233108,19.32802],[-99.233137,19.327965],[-99.233137,19.327951],[-99.233188,19.327896],[-99.233188,19.327841],[-99.233188,19.327793],[-99.233216,19.327745],[-99.233209,19.327704],[-99.233238,19.327676],[-99.233303,19.327676],[-99.23334,19.327669],[-99.233398,19.327641],[-99.233441,19.327593],[-99.233463,19.327552],[-99.233492,19.327497],[-99.233536,19.327469],[-99.233601,19.327448],[-99.23363,19.327448],[-99.233659,19.327489],[-99.233681,19.327462],[-99.233688,19.327421],[-99.233673,19.327366],[-99.23371,19.327317],[-99.233768,19.327303],[-99.233833,19.327296],[-99.233906,19.327269],[-99.233964,19.327241],[-99.234,19.327207],[-99.234043,19.327152],[-99.234036,19.32711],[-99.234065,19.327048],[-99.234137,19.327034],[-99.234205,19.327014],[-99.23425,19.326988],[-99.234259,19.326949],[-99.234259,19.326915],[-99.234277,19.326893],[-99.234331,19.326859],[-99.234404,19.32685],[-99.234431,19.326854],[-99.234472,19.326833],[-99.234522,19.326815],[-99.234558,19.326802],[-99.234599,19.326785],[-99.234629,19.32679],[-99.23467,19.326784],[-99.234683,19.326806],[-99.234692,19.326832],[-99.234692,19.326863],[-99.234674,19.32688],[-99.234642,19.326893],[-99.234619,19.326928],[-99.234619,19.326963],[-99.234596,19.326976],[-99.234559,19.326998],[-99.234527,19.326985],[-99.2345,19.326985],[-99.234445,19.326985],[-99.234413,19.326998],[-99.23439,19.327015],[-99.234367,19.327033],[-99.234353,19.327059],[-99.234362,19.327094],[-99.234408,19.32712],[-99.234454,19.327124],[-99.234486,19.327146],[-99.234551,19.327159],[-99.234569,19.327176],[-99.234578,19.327207],[-99.234583,19.327228],[-99.234592,19.327259],[-99.234615,19.327268],[-99.234642,19.327276],[-99.234682,19.327286],[-99.234682,19.327308],[-99.234712,19.327331],[-99.234718,19.327359],[-99.234706,19.327427],[-99.234712,19.32745],[-99.234707,19.327518],[-99.234695,19.327557],[-99.234671,19.327603],[-99.234659,19.327636],[-99.234641,19.327676],[-99.234611,19.32771],[-99.234594,19.327744],[-99.234576,19.327755],[-99.234534,19.327767],[-99.23448,19.327755],[-99.234438,19.327733],[-99.234432,19.327716],[-99.234432,19.327676],[-99.23445,19.327665],[-99.234409,19.327637],[-99.234355,19.327648],[-99.234337,19.327671],[-99.234301,19.327665],[-99.234289,19.327648],[-99.234289,19.32762],[-99.234289,19.327592],[-99.234259,19.327569],[-99.234224,19.327563],[-99.234188,19.327552],[-99.234146,19.327552],[-99.234128,19.327558],[-99.234104,19.327586],[-99.23408,19.32762],[-99.234098,19.327649],[-99.234069,19.32766],[-99.234039,19.327677],[-99.233997,19.327688],[-99.233967,19.327711],[-99.233961,19.327734],[-99.233973,19.327773],[-99.234003,19.32779],[-99.234021,19.327807],[-99.234051,19.327841],[-99.234069,19.327847],[-99.234111,19.327858],[-99.234158,19.32788],[-99.234224,19.327869],[-99.23429,19.327863],[-99.234331,19.32788],[-99.234379,19.327891],[-99.234403,19.327863],[-99.234427,19.327846],[-99.234445,19.32784],[-99.234504,19.327863],[-99.234528,19.32788],[-99.234528,19.327903],[-99.23451,19.327936],[-99.234492,19.32797],[-99.234463,19.328004],[-99.234433,19.328033],[-99.234415,19.328067],[-99.234433,19.328112],[-99.234439,19.328146],[-99.234427,19.328169],[-99.234409,19.328202],[-99.234397,19.328231],[-99.234386,19.328276],[-99.234386,19.328327],[-99.23441,19.328355],[-99.234451,19.328366],[-99.234493,19.328338],[-99.234523,19.328304],[-99.234576,19.328287],[-99.2346,19.328281],[-99.234648,19.328281],[-99.234684,19.32827],[-99.234731,19.32827],[-99.234779,19.328292],[-99.234815,19.328309],[-99.234839,19.328315],[-99.234893,19.328321],[-99.23494,19.328338],[-99.23497,19.328354],[-99.235,19.328371],[-99.235024,19.328366],[-99.23506,19.328337],[-99.235048,19.328309],[-99.235018,19.328275],[-99.234988,19.328253],[-99.234976,19.32823],[-99.234952,19.328196],[-99.234958,19.328179],[-99.235,19.328179],[-99.235065,19.328168],[-99.235107,19.328122],[-99.235137,19.328117],[-99.235179,19.328139],[-99.235226,19.328156],[-99.235262,19.32815],[-99.235298,19.328128],[-99.23534,19.328122],[-99.235411,19.328111],[-99.235441,19.328116],[-99.235459,19.328133],[-99.235489,19.328133],[-99.235524,19.328116],[-99.235536,19.328082],[-99.235554,19.328048],[-99.23559,19.328003],[-99.23562,19.328003],[-99.23565,19.327986],[-99.235697,19.32798],[-99.235727,19.32798],[-99.235727,19.328008],[-99.235721,19.328059],[-99.235703,19.328093],[-99.235697,19.328127],[-99.23568,19.328167],[-99.235644,19.32819],[-99.235614,19.328201],[-99.235578,19.328201],[-99.235548,19.328224],[-99.235554,19.328246],[-99.23559,19.328241],[-99.235614,19.328229],[-99.23565,19.32824],[-99.235674,19.328257],[-99.235674,19.32828],[-99.23565,19.328297],[-99.235632,19.328303],[-99.235596,19.32832],[-99.235584,19.328348],[-99.235579,19.328376],[-99.235567,19.32843],[-99.235517,19.328421],[-99.235483,19.328439],[-99.235413,19.328458],[-99.235378,19.328477],[-99.235329,19.328491],[-99.235304,19.32851],[-99.235279,19.32852],[-99.235259,19.32852],[-99.235249,19.328506],[-99.235234,19.328492],[-99.235234,19.328473],[-99.235254,19.328454],[-99.235269,19.328435],[-99.235274,19.328421],[-99.235274,19.328402],[-99.235254,19.328397],[-99.235214,19.328412],[-99.23518,19.32843],[-99.235125,19.328449],[-99.23509,19.328449],[-99.235056,19.328454],[-99.234981,19.328478],[-99.234937,19.328492],[-99.234892,19.328511],[-99.234862,19.328539],[-99.234832,19.328558],[-99.234798,19.328624],[-99.234743,19.328699],[-99.234684,19.328784],[-99.234634,19.328845],[-99.234595,19.328921],[-99.234555,19.328982],[-99.234535,19.32902],[-99.234535,19.329053],[-99.234525,19.329076],[-99.234496,19.329105],[-99.234461,19.329133],[-99.234431,19.329171],[-99.234387,19.329218],[-99.234372,19.329255],[-99.234342,19.329279],[-99.234317,19.329321],[-99.234293,19.329359],[-99.234268,19.329392],[-99.234223,19.329439],[-99.234198,19.329463],[-99.234174,19.3295],[-99.234118,19.329535],[-99.234074,19.329582],[-99.234029,19.329653],[-99.233999,19.329686],[-99.233955,19.329723],[-99.233935,19.329756],[-99.23392,19.3298],[-99.23389,19.329833],[-99.23385,19.32987],[-99.233825,19.329894],[-99.233786,19.329932],[-99.233756,19.329965],[-99.233731,19.329988],[-99.233706,19.330012],[-99.233677,19.330045],[-99.233632,19.330101],[-99.233597,19.330144],[-99.233578,19.330181],[-99.233563,19.330214],[-99.233528,19.330252],[-99.233518,19.330285],[-99.233498,19.330323],[-99.233484,19.330356],[-99.233464,19.330412],[-99.233439,19.33045],[-99.233409,19.330488],[-99.233385,19.330506],[-99.233329,19.330583],[-99.23329,19.330635],[-99.233255,19.330659],[-99.233191,19.330762],[-99.233151,19.330814],[-99.233115,19.330777],[-99.233099,19.330741],[-99.233072,19.330701],[-99.233056,19.33067],[-99.233029,19.33066],[-99.232992,19.33063],[-99.232959,19.330625],[-99.2329,19.330599],[-99.232857,19.330574],[-99.23282,19.330579],[-99.232793,19.330589],[-99.232793,19.330615],[-99.232814,19.330625],[-99.232831,19.33063],[-99.232847,19.330655],[-99.232847,19.330691],[-99.23282,19.330721],[-99.232815,19.330747],[-99.232804,19.330783],[-99.232799,19.330803],[-99.232782,19.330808],[-99.232756,19.330823],[-99.23275,19.330844],[-99.232766,19.330864],[-99.232783,19.330869],[-99.232815,19.330869],[-99.232836,19.330874],[-99.232852,19.330884],[-99.232842,19.3309],[-99.232826,19.330905],[-99.232788,19.330905],[-99.232788,19.33093],[-99.23281,19.330946],[-99.232826,19.330971],[-99.232804,19.330986],[-99.232777,19.331007],[-99.23274,19.331027],[-99.232724,19.331027],[-99.232713,19.331048],[-99.232692,19.331042],[-99.232675,19.331037],[-99.232681,19.331017],[-99.232691,19.331002],[-99.232691,19.330981],[-99.232665,19.330976],[-99.232648,19.330981],[-99.232616,19.330981],[-99.232579,19.330966],[-99.232563,19.330992],[-99.232546,19.331007],[-99.232547,19.331022],[-99.232568,19.331022],[-99.2326,19.331022],[-99.232627,19.331043],[-99.232643,19.331058],[-99.232654,19.331083],[-99.232654,19.331104],[-99.232643,19.331114],[-99.232611,19.331114],[-99.232552,19.331094],[-99.232514,19.331073],[-99.232498,19.331043],[-99.232466,19.331002],[-99.232461,19.330956],[-99.23245,19.330915],[-99.232423,19.33089],[-99.232407,19.33087],[-99.232423,19.330859],[-99.232428,19.330829],[-99.23246,19.330819],[-99.232487,19.330803],[-99.232503,19.330788],[-99.232525,19.330763],[-99.232573,19.330727],[-99.232578,19.330717],[-99.232605,19.330712],[-99.232584,19.330686],[-99.232605,19.330681],[-99.232621,19.33064],[-99.232643,19.33062],[-99.232648,19.330599],[-99.232626,19.330584],[-99.2326,19.330584],[-99.232557,19.330605],[-99.232541,19.33063],[-99.232519,19.330681],[-99.232498,19.330696],[-99.232466,19.330696],[-99.232439,19.330681],[-99.232412,19.330681],[-99.232374,19.330702],[-99.232342,19.330727],[-99.232337,19.330768],[-99.232337,19.330788],[-99.232348,19.330819],[-99.232353,19.330844],[-99.232348,19.33086],[-99.232299,19.33086],[-99.232262,19.33088],[-99.232246,19.330895],[-99.232208,19.330911],[-99.232181,19.330901],[-99.232138,19.33088],[-99.232095,19.330865],[-99.232058,19.33087],[-99.232014,19.330846],[-99.231973,19.330836],[-99.231948,19.330817],[-99.231923,19.330793],[-99.231903,19.330779],[-99.231872,19.330765],[-99.231822,19.330765],[-99.231782,19.330779],[-99.231731,19.330798],[-99.231691,19.330827],[-99.231661,19.330861],[-99.231641,19.330904],[-99.231606,19.330928],[-99.23156,19.330942],[-99.231515,19.330947],[-99.231465,19.330971],[-99.231419,19.330985],[-99.231389,19.33099],[-99.231339,19.330985],[-99.231303,19.330976],[-99.231228,19.330957],[-99.231167,19.330947],[-99.231137,19.330947],[-99.231094,19.33096],[-99.231058,19.330949],[-99.231023,19.330943],[-99.230981,19.330938],[-99.230945,19.330932],[-99.230915,19.330943],[-99.230874,19.330977],[-99.230838,19.330989],[-99.230778,19.330983],[-99.230713,19.330989],[-99.230689,19.331017],[-99.230653,19.331045],[-99.23063,19.331091],[-99.2306,19.331108],[-99.230576,19.331125],[-99.230516,19.331125],[-99.230487,19.331125],[-99.230433,19.331119],[-99.23035,19.331114],[-99.23029,19.331119],[-99.230242,19.331136],[-99.230195,19.331136],[-99.230171,19.331148],[-99.230111,19.331148],[-99.230052,19.331125],[-99.230004,19.331125],[-99.229974,19.331103],[-99.229957,19.331086],[-99.229921,19.331063],[-99.229885,19.331046],[-99.229855,19.331058],[-99.229831,19.331103],[-99.229814,19.331126],[-99.22979,19.331143],[-99.229754,19.331148],[-99.229724,19.331148],[-99.229695,19.331148],[-99.229665,19.331126],[-99.229647,19.331098],[-99.229641,19.331064],[-99.229647,19.331041],[-99.229665,19.331035],[-99.229706,19.33103],[-99.229724,19.331024],[-99.229724,19.33099],[-99.229724,19.330968],[-99.2297,19.330945],[-99.22967,19.330951],[-99.229623,19.330956],[-99.229605,19.330956],[-99.229581,19.330934],[-99.229569,19.330917],[-99.229539,19.330906],[-99.229492,19.330923],[-99.229474,19.330957],[-99.229462,19.330985],[-99.229408,19.33103],[-99.229385,19.331053],[-99.229331,19.331075],[-99.229319,19.331104],[-99.229307,19.331138],[-99.229301,19.331166],[-99.229278,19.331188],[-99.229242,19.3312],[-99.229182,19.3312],[-99.229135,19.331217],[-99.229099,19.331239],[-99.229063,19.331262],[-99.229039,19.331296],[-99.228998,19.331319],[-99.22895,19.33133],[-99.228897,19.33133],[-99.228849,19.331336],[-99.228807,19.331336],[-99.228766,19.331359],[-99.228694,19.331381],[-99.228617,19.331404],[-99.228593,19.331432],[-99.228569,19.331455],[-99.228527,19.331466],[-99.22848,19.331466],[-99.228414,19.331472],[-99.228331,19.331472],[-99.228259,19.331467],[-99.2282,19.331472],[-99.228182,19.331512],[-99.22817,19.33154],[-99.22814,19.331557],[-99.228123,19.33158],[-99.228123,19.331636],[-99.228147,19.331659],[-99.228108,19.331676],[-99.228083,19.331645],[-99.228083,19.331623],[-99.228087,19.331601],[-99.228087,19.331565],[-99.228078,19.331543],[-99.228059,19.33153],[-99.228105,19.331491]],[[-99.234227,19.328665],[-99.234281,19.328665],[-99.234317,19.328656],[-99.234371,19.328639],[-99.234402,19.328639],[-99.234438,19.328614],[-99.234514,19.328584],[-99.234527,19.328546],[-99.234527,19.328495],[-99.234478,19.328486],[-99.234433,19.328474],[-99.234379,19.32847],[-99.234326,19.328453],[-99.234294,19.328402],[-99.234267,19.328355],[-99.234254,19.328321],[-99.234231,19.328283],[-99.234231,19.328236],[-99.234258,19.328198],[-99.234285,19.32816],[-99.234298,19.328117],[-99.234267,19.3281],[-99.234236,19.32813],[-99.234227,19.328168],[-99.234186,19.328185],[-99.234182,19.328219],[-99.234173,19.328253],[-99.234128,19.328262],[-99.234088,19.328262],[-99.234066,19.328279],[-99.234044,19.328313],[-99.23403,19.328347],[-99.233977,19.328355],[-99.233927,19.328368],[-99.233905,19.328402],[-99.23391,19.328432],[-99.233914,19.328474],[-99.233932,19.328491],[-99.23395,19.328546],[-99.233954,19.32858],[-99.233968,19.328614],[-99.234008,19.328648],[-99.234035,19.328657],[-99.234084,19.328657],[-99.234156,19.328657],[-99.234227,19.328665]],[[-99.232487,19.329954],[-99.232254,19.330041],[-99.232085,19.330156],[-99.23198,19.330294],[-99.232055,19.330436],[-99.232213,19.330539],[-99.232438,19.330523],[-99.232596,19.330428],[-99.232804,19.330396],[-99.233029,19.330317],[-99.233228,19.330214],[-99.233419,19.330063],[-99.233652,19.329858],[-99.233798,19.32969],[-99.233917,19.329567],[-99.234071,19.329413],[-99.234152,19.3293],[-99.234254,19.329166],[-99.234334,19.329073],[-99.234394,19.328976],[-99.2344,19.328869],[-99.234348,19.328826],[-99.234274,19.328853],[-99.234173,19.3289],[-99.234043,19.328901],[-99.233955,19.328909],[-99.233867,19.328917],[-99.233821,19.328867],[-99.233839,19.328774],[-99.233846,19.328664],[-99.233846,19.328567],[-99.233831,19.32849],[-99.233761,19.328477],[-99.233687,19.328444],[-99.233691,19.328371],[-99.233722,19.328274],[-99.233691,19.328201],[-99.233561,19.328364],[-99.233473,19.328444],[-99.233449,19.328504],[-99.233505,19.328544],[-99.233551,19.328584],[-99.233547,19.328634],[-99.233491,19.328659],[-99.233428,19.328661],[-99.233389,19.328624],[-99.233375,19.328578],[-99.233329,19.328581],[-99.233277,19.328614],[-99.233207,19.328628],[-99.233221,19.328658],[-99.233309,19.328688],[-99.233393,19.328701],[-99.23353,19.328691],[-99.233554,19.328745],[-99.23353,19.328791],[-99.233551,19.328841],[-99.233597,19.328881],[-99.233656,19.328917],[-99.233713,19.32895],[-99.233706,19.32901],[-99.233646,19.329074],[-99.233569,19.329111],[-99.233509,19.329154],[-99.233436,19.329207],[-99.233344,19.329198],[-99.233271,19.329171],[-99.23319,19.329158],[-99.233123,19.329168],[-99.233095,19.329238],[-99.233127,19.329305],[-99.233285,19.32936],[-99.233436,19.329415],[-99.233484,19.329507],[-99.233543,19.329621],[-99.23346,19.329724],[-99.233319,19.329771],[-99.233153,19.329787],[-99.233011,19.329819],[-99.232853,19.329867],[-99.232662,19.329859],[-99.232487,19.329954]]]]}},{"type":"Feature","properties":{"area":"La Loma","zona":"Zona de Restauracion Ecologica","zona_k":"restauracion ecologica","ha":0.58},"geometry":{"type":"MultiPolygon","coordinates":[[[[-99.24139,19.32782],[-99.241318,19.327813],[-99.241255,19.327813],[-99.241175,19.327791],[-99.241135,19.32776],[-99.241183,19.327715],[-99.241262,19.327707],[-99.241342,19.327685],[-99.24135,19.327632],[-99.241334,19.327586],[-99.241262,19.327534],[-99.241175,19.327519],[-99.241095,19.327526],[-99.241055,19.327542],[-99.24096,19.327512],[-99.240888,19.327481],[-99.240856,19.327444],[-99.240888,19.327376],[-99.240904,19.3273],[-99.240872,19.327195],[-99.240832,19.327059],[-99.240808,19.327006],[-99.240736,19.326953],[-99.240681,19.326923],[-99.240593,19.326893],[-99.240538,19.326848],[-99.240522,19.326795],[-99.240482,19.326735],[-99.240482,19.326667],[-99.240497,19.326614],[-99.240458,19.326538],[-99.240402,19.326463],[-99.240362,19.326403],[-99.240338,19.326335],[-99.240346,19.326305],[-99.240417,19.32632],[-99.240457,19.326372],[-99.240489,19.326387],[-99.240569,19.326433],[-99.240624,19.326493],[-99.240648,19.326553],[-99.240649,19.326614],[-99.240601,19.326659],[-99.240649,19.326734],[-99.240688,19.326742],[-99.240776,19.326742],[-99.240824,19.326719],[-99.240863,19.326772],[-99.240927,19.326787],[-99.240991,19.326757],[-99.24103,19.326757],[-99.24111,19.326817],[-99.241182,19.326862],[-99.241182,19.326938],[-99.241182,19.32699],[-99.24119,19.327081],[-99.241198,19.327164],[-99.241198,19.327239],[-99.241214,19.327307],[-99.241262,19.32736],[-99.241302,19.327398],[-99.241365,19.32742],[-99.241421,19.327458],[-99.241461,19.327518],[-99.241525,19.327571],[-99.241517,19.327647],[-99.241525,19.327707],[-99.241596,19.327752],[-99.241641,19.327844],[-99.241541,19.327896],[-99.241485,19.327926],[-99.24143,19.327919],[-99.241422,19.327835],[-99.24139,19.32782]]]]}},{"type":"Feature","properties":{"area":"La Loma","zona":"Zona de Restauracion Ecologica","zona_k":"restauracion ecologica","ha":0.15},"geometry":{"type":"MultiPolygon","coordinates":[[[[-99.241132,19.326701],[-99.241086,19.32669],[-99.241048,19.326697],[-99.240988,19.326692],[-99.240933,19.326683],[-99.24088,19.326687],[-99.24083,19.326678],[-99.240794,19.326659],[-99.240777,19.326606],[-99.240779,19.326575],[-99.240782,19.326535],[-99.240797,19.326511],[-99.240844,19.326492],[-99.240902,19.326482],[-99.240953,19.326458],[-99.240998,19.326432],[-99.241053,19.326425],[-99.241101,19.326429],[-99.241134,19.326451],[-99.241166,19.326482],[-99.241212,19.326489],[-99.241232,19.326448],[-99.241254,19.32641],[-99.241297,19.326419],[-99.241307,19.326453],[-99.241282,19.326491],[-99.241285,19.326527],[-99.241317,19.326539],[-99.241363,19.326534],[-99.241416,19.326529],[-99.241461,19.326539],[-99.241476,19.326567],[-99.241469,19.326598],[-99.241411,19.32661],[-99.241373,19.326646],[-99.241335,19.326651],[-99.241298,19.326673],[-99.24126,19.32668],[-99.241204,19.326682],[-99.241179,19.326701],[-99.241132,19.326701]]]]}},{"type":"Feature","properties":{"area":"La Loma","zona":"Zona de Restauracion Ecologica","zona_k":"restauracion ecologica","ha":0.2},"geometry":{"type":"MultiPolygon","coordinates":[[[[-99.234227,19.328665],[-99.234156,19.328657],[-99.234084,19.328657],[-99.234035,19.328657],[-99.234008,19.328648],[-99.233968,19.328614],[-99.233954,19.32858],[-99.23395,19.328546],[-99.233932,19.328491],[-99.233914,19.328474],[-99.23391,19.328432],[-99.233905,19.328402],[-99.233927,19.328368],[-99.233977,19.328355],[-99.23403,19.328347],[-99.234044,19.328313],[-99.234066,19.328279],[-99.234088,19.328262],[-99.234128,19.328262],[-99.234173,19.328253],[-99.234182,19.328219],[-99.234186,19.328185],[-99.234227,19.328168],[-99.234236,19.32813],[-99.234267,19.3281],[-99.234298,19.328117],[-99.234285,19.32816],[-99.234258,19.328198],[-99.234231,19.328236],[-99.234231,19.328283],[-99.234254,19.328321],[-99.234267,19.328355],[-99.234294,19.328402],[-99.234326,19.328453],[-99.234379,19.32847],[-99.234433,19.328474],[-99.234478,19.328486],[-99.234527,19.328495],[-99.234527,19.328546],[-99.234514,19.328584],[-99.234438,19.328614],[-99.234402,19.328639],[-99.234371,19.328639],[-99.234317,19.328656],[-99.234281,19.328665],[-99.234227,19.328665]]]]}},{"type":"Feature","properties":{"area":"La Loma","zona":"Zona de Restauracion Ecologica","zona_k":"restauracion ecologica","ha":1.7},"geometry":{"type":"MultiPolygon","coordinates":[[[[-99.232487,19.329954],[-99.232662,19.329859],[-99.232853,19.329867],[-99.233011,19.329819],[-99.233153,19.329787],[-99.233319,19.329771],[-99.23346,19.329724],[-99.233543,19.329621],[-99.233484,19.329507],[-99.233436,19.329415],[-99.233285,19.32936],[-99.233127,19.329305],[-99.233095,19.329238],[-99.233123,19.329168],[-99.23319,19.329158],[-99.233271,19.329171],[-99.233344,19.329198],[-99.233436,19.329207],[-99.233509,19.329154],[-99.233569,19.329111],[-99.233646,19.329074],[-99.233706,19.32901],[-99.233713,19.32895],[-99.233656,19.328917],[-99.233597,19.328881],[-99.233551,19.328841],[-99.23353,19.328791],[-99.233554,19.328745],[-99.23353,19.328691],[-99.233393,19.328701],[-99.233309,19.328688],[-99.233221,19.328658],[-99.233207,19.328628],[-99.233277,19.328614],[-99.233329,19.328581],[-99.233375,19.328578],[-99.233389,19.328624],[-99.233428,19.328661],[-99.233491,19.328659],[-99.233547,19.328634],[-99.233551,19.328584],[-99.233505,19.328544],[-99.233449,19.328504],[-99.233473,19.328444],[-99.233561,19.328364],[-99.233691,19.328201],[-99.233722,19.328274],[-99.233691,19.328371],[-99.233687,19.328444],[-99.233761,19.328477],[-99.233831,19.32849],[-99.233846,19.328567],[-99.233846,19.328664],[-99.233839,19.328774],[-99.233821,19.328867],[-99.233867,19.328917],[-99.233955,19.328909],[-99.234043,19.328901],[-99.234173,19.3289],[-99.234274,19.328853],[-99.234348,19.328826],[-99.2344,19.328869],[-99.234394,19.328976],[-99.234334,19.329073],[-99.234254,19.329166],[-99.234152,19.3293],[-99.234071,19.329413],[-99.233917,19.329567],[-99.233798,19.32969],[-99.233652,19.329858],[-99.233419,19.330063],[-99.233228,19.330214],[-99.233029,19.330317],[-99.232804,19.330396],[-99.232596,19.330428],[-99.232438,19.330523],[-99.232213,19.330539],[-99.232055,19.330436],[-99.23198,19.330294],[-99.232085,19.330156],[-99.232254,19.330041],[-99.232487,19.329954]]]]}},{"type":"Feature","properties":{"area":"La Loma","zona":"Zona de Restauracion Ecologica","zona_k":"restauracion ecologica","ha":0.08},"geometry":{"type":"MultiPolygon","coordinates":[[[[-99.237164,19.329922],[-99.237193,19.329922],[-99.237247,19.329899],[-99.237265,19.329865],[-99.237313,19.329842],[-99.237337,19.329807],[-99.237337,19.329762],[-99.237349,19.329745],[-99.237355,19.329693],[-99.237343,19.329676],[-99.237312,19.329642],[-99.237306,19.329602],[-99.237312,19.329562],[-99.237318,19.329534],[-99.237336,19.329522],[-99.237372,19.329517],[-99.237402,19.329522],[-99.237426,19.329534],[-99.237439,19.329562],[-99.237439,19.329585],[-99.237427,19.329596],[-99.237415,19.329642],[-99.237421,19.329688],[-99.237415,19.329733],[-99.237415,19.329773],[-99.237427,19.329796],[-99.237505,19.329824],[-99.237493,19.329841],[-99.237463,19.329859],[-99.237427,19.32987],[-99.237403,19.329882],[-99.237403,19.32991],[-99.237403,19.329921],[-99.237403,19.32995],[-99.237409,19.329978],[-99.237397,19.330013],[-99.237373,19.330041],[-99.237374,19.330053],[-99.237361,19.33004],[-99.237251,19.329997],[-99.237178,19.329941],[-99.237164,19.329922]]]]}},{"type":"Feature","properties":{"area":"La Loma","zona":"Zona de Restauracion Ecologica","zona_k":"restauracion ecologica","ha":0.22},"geometry":{"type":"MultiPolygon","coordinates":[[[[-99.237963,19.325265],[-99.237999,19.325287],[-99.238035,19.325292],[-99.23806,19.325297],[-99.238085,19.325278],[-99.238161,19.325244],[-99.238196,19.32522],[-99.238222,19.325201],[-99.238247,19.325167],[-99.238257,19.325143],[-99.238282,19.3251],[-99.238287,19.325081],[-99.238347,19.325028],[-99.238378,19.325019],[-99.238403,19.325019],[-99.238433,19.324995],[-99.238448,19.324956],[-99.238507,19.324977],[-99.238573,19.325001],[-99.238664,19.325026],[-99.238724,19.325023],[-99.23882,19.325021],[-99.238895,19.325028],[-99.239007,19.325043],[-99.239064,19.325057],[-99.239046,19.325109],[-99.238997,19.325144],[-99.238875,19.325184],[-99.238661,19.325202],[-99.238496,19.325237],[-99.238331,19.325237],[-99.238216,19.325255],[-99.238179,19.325319],[-99.238167,19.325388],[-99.238162,19.325413],[-99.238094,19.325402],[-99.238049,19.325398],[-99.238031,19.325419],[-99.238022,19.325445],[-99.23799,19.325449],[-99.237932,19.32544],[-99.237905,19.325419],[-99.237886,19.325398],[-99.237882,19.325368],[-99.237904,19.325346],[-99.237927,19.325321],[-99.23794,19.325304],[-99.237954,19.325278],[-99.237963,19.325265]]]]}},{"type":"Feature","properties":{"area":"La Loma","zona":"Zona de Uso Público Extensivo","zona_k":"uso publico extensivo","ha":0.08},"geometry":{"type":"MultiPolygon","coordinates":[[[[-99.240063,19.327929],[-99.240036,19.327896],[-99.239967,19.327882],[-99.239897,19.327878],[-99.239808,19.327878],[-99.239748,19.327873],[-99.239704,19.327873],[-99.239654,19.327892],[-99.239585,19.327906],[-99.23951,19.327916],[-99.239461,19.32793],[-99.239401,19.327935],[-99.239337,19.327954],[-99.239287,19.327968],[-99.239227,19.327996],[-99.239178,19.328016],[-99.239141,19.327971],[-99.239137,19.32797],[-99.239162,19.327952],[-99.239221,19.32792],[-99.239255,19.327908],[-99.239295,19.327884],[-99.239373,19.327875],[-99.23945,19.327866],[-99.239553,19.327866],[-99.239591,19.327863],[-99.239628,19.327845],[-99.239643,19.32783],[-99.239681,19.32783],[-99.239721,19.327839],[-99.239749,19.327842],[-99.239824,19.327845],[-99.239867,19.327845],[-99.239892,19.327842],[-99.239941,19.327848],[-99.239969,19.327859],[-99.24005,19.327874],[-99.240103,19.327889],[-99.240153,19.327895],[-99.240187,19.327903],[-99.240246,19.327915],[-99.24028,19.327927],[-99.24033,19.32793],[-99.240361,19.32793],[-99.240379,19.327947],[-99.240398,19.327959],[-99.240417,19.327968],[-99.240448,19.327971],[-99.240463,19.327982],[-99.240438,19.328],[-99.240407,19.327997],[-99.240376,19.328009],[-99.240328,19.328044],[-99.240343,19.328006],[-99.240063,19.327929]]]]}},{"type":"Feature","properties":{"area":"La Loma","zona":"Zona de Uso Público Extensivo","zona_k":"uso publico extensivo","ha":0.06},"geometry":{"type":"MultiPolygon","coordinates":[[[[-99.236621,19.329682],[-99.236646,19.329644],[-99.236686,19.329616],[-99.236716,19.329593],[-99.23676,19.329555],[-99.2368,19.329541],[-99.236795,19.329512],[-99.236775,19.329489],[-99.236765,19.329465],[-99.236775,19.329437],[-99.236795,19.329461],[-99.236815,19.329484],[-99.236849,19.329494],[-99.236874,19.329475],[-99.236889,19.329442],[-99.236939,19.329399],[-99.236978,19.329376],[-99.237023,19.329352],[-99.237053,19.329305],[-99.237097,19.329286],[-99.237137,19.329267],[-99.237192,19.329248],[-99.237226,19.32922],[-99.237256,19.329187],[-99.237286,19.329168],[-99.237295,19.329157],[-99.237295,19.329172],[-99.237299,19.329195],[-99.237301,19.329197],[-99.237297,19.3292],[-99.237261,19.329243],[-99.237221,19.329272],[-99.237172,19.329286],[-99.237122,19.329319],[-99.237082,19.329347],[-99.237073,19.329366],[-99.237028,19.329404],[-99.236983,19.329437],[-99.236944,19.329465],[-99.236904,19.329489],[-99.236874,19.329531],[-99.236845,19.32955],[-99.2368,19.329578],[-99.23676,19.329616],[-99.236745,19.329654],[-99.236745,19.329687],[-99.236755,19.329724],[-99.236765,19.329762],[-99.236751,19.3298],[-99.236716,19.329814],[-99.236686,19.32979],[-99.236671,19.329767],[-99.236666,19.329743],[-99.236666,19.329724],[-99.236636,19.32971],[-99.236621,19.329682]]]]}},{"type":"Feature","properties":{"area":"La Loma","zona":"Zona de Uso Público Extensivo","zona_k":"uso publico extensivo","ha":0.08},"geometry":{"type":"MultiPolygon","coordinates":[[[[-99.237527,19.32902],[-99.237536,19.329015],[-99.237566,19.329011],[-99.237596,19.328992],[-99.23764,19.328982],[-99.23767,19.328954],[-99.237695,19.328926],[-99.23774,19.328912],[-99.237779,19.328893],[-99.237799,19.328879],[-99.237829,19.32885],[-99.237878,19.328817],[-99.237913,19.328789],[-99.237929,19.328779],[-99.237958,19.328761],[-99.238002,19.328732],[-99.238017,19.328723],[-99.238047,19.328704],[-99.238092,19.328676],[-99.238131,19.328647],[-99.238171,19.328633],[-99.238206,19.328633],[-99.23824,19.328605],[-99.238265,19.328586],[-99.23828,19.328567],[-99.23831,19.328548],[-99.238364,19.328529],[-99.238384,19.328511],[-99.238409,19.328501],[-99.238439,19.328496],[-99.238488,19.328473],[-99.238523,19.328448],[-99.238528,19.328445],[-99.238583,19.328402],[-99.238637,19.328355],[-99.238697,19.328303],[-99.238741,19.328265],[-99.238781,19.328232],[-99.238802,19.328197],[-99.238816,19.328187],[-99.238821,19.328187],[-99.238882,19.328201],[-99.23886,19.328218],[-99.238821,19.328246],[-99.238791,19.328284],[-99.238746,19.328326],[-99.238702,19.328364],[-99.238632,19.328416],[-99.238595,19.328436],[-99.238588,19.32844],[-99.238527,19.328506],[-99.238488,19.32853],[-99.238433,19.328539],[-99.238393,19.328558],[-99.238334,19.328596],[-99.238304,19.328615],[-99.238274,19.328653],[-99.23825,19.328672],[-99.23819,19.328672],[-99.23814,19.3287],[-99.238091,19.328738],[-99.238021,19.328771],[-99.237952,19.328813],[-99.237892,19.32886],[-99.237833,19.328903],[-99.237749,19.328945],[-99.237694,19.328978],[-99.237639,19.329011],[-99.23758,19.329044],[-99.237526,19.329068],[-99.237532,19.329049],[-99.237527,19.32902]]]]}},{"type":"Feature","properties":{"area":"La Loma","zona":"Zona de Restauracion Ecologica","zona_k":"restauracion ecologica","ha":0.85},"geometry":{"type":"MultiPolygon","coordinates":[[[[-99.236583,19.330476],[-99.236528,19.330476],[-99.236525,19.330465],[-99.23651,19.330407],[-99.236524,19.330354],[-99.236549,19.330327],[-99.236592,19.330281],[-99.236647,19.330194],[-99.236676,19.33016],[-99.236701,19.330132],[-99.23678,19.330046],[-99.236853,19.32998],[-99.236894,19.329954],[-99.236963,19.329915],[-99.237004,19.329876],[-99.237028,19.329875],[-99.237095,19.329871],[-99.237141,19.329893],[-99.237164,19.329922],[-99.237178,19.329941],[-99.237251,19.329997],[-99.237361,19.33004],[-99.237374,19.330053],[-99.237412,19.330092],[-99.237421,19.330101],[-99.237448,19.330171],[-99.237447,19.330214],[-99.237445,19.330264],[-99.237531,19.330306],[-99.237582,19.330359],[-99.2376,19.330404],[-99.237607,19.33042],[-99.237682,19.330479],[-99.237765,19.330502],[-99.237813,19.330521],[-99.237851,19.330586],[-99.237841,19.330681],[-99.237817,19.330776],[-99.237776,19.330886],[-99.237752,19.330994],[-99.237724,19.331092],[-99.237711,19.331157],[-99.237714,19.331212],[-99.237709,19.331266],[-99.237683,19.331259],[-99.237688,19.331041],[-99.237704,19.331043],[-99.237704,19.331043],[-99.237705,19.331043],[-99.23779,19.330641],[-99.237127,19.330472],[-99.237127,19.330472],[-99.237127,19.330472],[-99.237023,19.330954],[-99.237004,19.330951],[-99.237004,19.330952],[-99.237003,19.330951],[-99.236923,19.331205],[-99.236889,19.331381],[-99.236809,19.331349],[-99.236772,19.331293],[-99.236726,19.331245],[-99.236671,19.331211],[-99.236626,19.331154],[-99.236639,19.331093],[-99.236648,19.331011],[-99.236648,19.330949],[-99.236648,19.330937],[-99.236676,19.330902],[-99.236685,19.33085],[-99.236712,19.330806],[-99.23679,19.330776],[-99.236845,19.330758],[-99.236886,19.330715],[-99.2369,19.330684],[-99.236936,19.330636],[-99.236959,19.330567],[-99.236936,19.330497],[-99.236905,19.330472],[-99.236872,19.330445],[-99.236785,19.330428],[-99.236689,19.330446],[-99.236597,19.330476],[-99.236583,19.330476]]]]}},{"type":"Feature","properties":{"area":"La Loma","zona":"Zona de Uso Público Extensivo","zona_k":"uso publico extensivo","ha":0.05},"geometry":{"type":"MultiPolygon","coordinates":[[[[-99.237301,19.329197],[-99.237299,19.329195],[-99.237295,19.329172],[-99.237295,19.329157],[-99.237295,19.329147],[-99.237279,19.329125],[-99.237215,19.329128],[-99.237175,19.329116],[-99.237164,19.329102],[-99.237162,19.3291],[-99.237175,19.329068],[-99.237208,19.329055],[-99.237218,19.329051],[-99.237228,19.329046],[-99.237262,19.32903],[-99.237295,19.32902],[-99.237335,19.329027],[-99.237372,19.329039],[-99.237425,19.329033],[-99.237449,19.329011],[-99.237472,19.328998],[-99.237525,19.329011],[-99.237527,19.32902],[-99.237532,19.329049],[-99.237526,19.329068],[-99.237522,19.329084],[-99.237499,19.329103],[-99.237472,19.329141],[-99.237429,19.329175],[-99.237385,19.329204],[-99.237315,19.329214],[-99.237301,19.329197]]]]}},{"type":"Feature","properties":{"area":"La Loma","zona":"Zona de Uso Público Extensivo","zona_k":"uso publico extensivo","ha":0.09},"geometry":{"type":"MultiPolygon","coordinates":[[[[-99.238882,19.328201],[-99.238821,19.328187],[-99.238816,19.328187],[-99.238785,19.328187],[-99.238741,19.328166],[-99.238732,19.328106],[-99.238767,19.328068],[-99.23883,19.328047],[-99.23883,19.328047],[-99.238888,19.328039],[-99.238914,19.327988],[-99.238945,19.327941],[-99.239012,19.32792],[-99.239043,19.327929],[-99.239105,19.327962],[-99.239137,19.32797],[-99.239141,19.327971],[-99.239178,19.328016],[-99.239186,19.328026],[-99.23915,19.328076],[-99.239123,19.328106],[-99.239083,19.328136],[-99.239043,19.328191],[-99.238986,19.328224],[-99.238932,19.328229],[-99.238892,19.328203],[-99.238882,19.328201]]]]}},{"type":"Feature","properties":{"area":"La Loma","zona":"Zona de Restauracion Ecologica","zona_k":"restauracion ecologica","ha":1.11},"geometry":{"type":"MultiPolygon","coordinates":[[[[-99.238333,19.326014],[-99.23832,19.325956],[-99.238265,19.325904],[-99.238216,19.325869],[-99.238161,19.325817],[-99.238161,19.325759],[-99.238155,19.325684],[-99.238161,19.325585],[-99.238149,19.325487],[-99.238162,19.325413],[-99.238167,19.325388],[-99.238179,19.325319],[-99.238216,19.325255],[-99.238331,19.325237],[-99.238496,19.325237],[-99.238661,19.325202],[-99.238875,19.325184],[-99.238997,19.325144],[-99.239046,19.325109],[-99.239064,19.325057],[-99.23914,19.325075],[-99.239174,19.325088],[-99.239173,19.325094],[-99.239167,19.325116],[-99.239152,19.325184],[-99.239066,19.325345],[-99.239036,19.325337],[-99.239036,19.325337],[-99.239035,19.325337],[-99.238942,19.325593],[-99.239481,19.325769],[-99.239481,19.325769],[-99.239481,19.325769],[-99.239574,19.325513],[-99.239579,19.325515],[-99.239579,19.325514],[-99.23958,19.325515],[-99.23962,19.325332],[-99.239679,19.32514],[-99.239722,19.325023],[-99.239788,19.325033],[-99.239764,19.325097],[-99.239723,19.325172],[-99.239716,19.325243],[-99.239713,19.325292],[-99.239733,19.325361],[-99.239716,19.325429],[-99.239658,19.325482],[-99.23962,19.325547],[-99.239597,19.325632],[-99.239624,19.325684],[-99.239624,19.325752],[-99.239558,19.32582],[-99.239494,19.325894],[-99.239407,19.325924],[-99.239306,19.325929],[-99.239247,19.325937],[-99.23916,19.325977],[-99.239105,19.326016],[-99.23908,19.326034],[-99.23905,19.326055],[-99.238986,19.326094],[-99.238959,19.326155],[-99.238899,19.326177],[-99.238789,19.326194],[-99.238716,19.326195],[-99.238638,19.32616],[-99.238524,19.326099],[-99.238492,19.32609],[-99.238412,19.326066],[-99.238341,19.326019],[-99.238333,19.326014]]]]}},{"type":"Feature","properties":{"area":"La Loma","zona":"Zona de Uso Especial","zona_k":"uso especial","ha":0.09},"geometry":{"type":"MultiPolygon","coordinates":[[[[-99.240396,19.329133],[-99.240425,19.329088],[-99.240479,19.329077],[-99.240556,19.329037],[-99.240597,19.32902],[-99.24068,19.328998],[-99.240722,19.328964],[-99.240787,19.328958],[-99.240834,19.328969],[-99.240858,19.329009],[-99.240852,19.329065],[-99.240829,19.329127],[-99.240826,19.329129],[-99.240825,19.329129],[-99.24077,19.329155],[-99.24075,19.329161],[-99.24075,19.329161],[-99.240692,19.329178],[-99.240651,19.329217],[-99.240586,19.329246],[-99.240521,19.32924],[-99.240461,19.329212],[-99.240414,19.329173],[-99.240396,19.329133]]]]}},{"type":"Feature","properties":{"area":"La Loma","zona":"Zona de Uso Publico Intensivo","zona_k":"uso publico intensivo","ha":0.11},"geometry":{"type":"MultiPolygon","coordinates":[[[[-99.240999,19.328095],[-99.241003,19.328082],[-99.241021,19.328052],[-99.241052,19.328027],[-99.24107,19.328027],[-99.241119,19.328014],[-99.24115,19.328001],[-99.241194,19.32801],[-99.241221,19.328027],[-99.241222,19.328028],[-99.241239,19.328052],[-99.241248,19.328111],[-99.241248,19.328153],[-99.241249,19.328155],[-99.241263,19.328186],[-99.241266,19.328191],[-99.241324,19.328221],[-99.241333,19.328221],[-99.241364,19.328246],[-99.241351,19.328305],[-99.241345,19.328309],[-99.241293,19.328343],[-99.241231,19.328394],[-99.241206,19.328441],[-99.241204,19.328445],[-99.241177,19.328512],[-99.241173,19.328512],[-99.241124,19.328513],[-99.24113,19.328479],[-99.241125,19.328429],[-99.241103,19.328388],[-99.24109,19.328348],[-99.24109,19.328307],[-99.24109,19.328278],[-99.241085,19.328253],[-99.241068,19.328223],[-99.241059,19.328199],[-99.241039,19.328157],[-99.241026,19.328122],[-99.240999,19.328095]]]]}},{"type":"Feature","properties":{"area":"La Loma","zona":"Zona de Uso Público Extensivo","zona_k":"uso publico extensivo","ha":0.09},"geometry":{"type":"MultiPolygon","coordinates":[[[[-99.237067,19.329088],[-99.237018,19.329065],[-99.237003,19.329037],[-99.236968,19.328999],[-99.236943,19.328952],[-99.236936,19.328942],[-99.236913,19.32891],[-99.236893,19.328877],[-99.236858,19.328834],[-99.236798,19.328802],[-99.236789,19.328797],[-99.236749,19.328769],[-99.236685,19.328731],[-99.236645,19.328708],[-99.236615,19.328675],[-99.236595,19.328628],[-99.23658,19.328585],[-99.23658,19.328552],[-99.236555,19.328524],[-99.23654,19.328486],[-99.236535,19.328449],[-99.23653,19.328425],[-99.236505,19.328383],[-99.236475,19.328326],[-99.236465,19.328274],[-99.23645,19.328251],[-99.236435,19.328194],[-99.23641,19.328152],[-99.236391,19.328109],[-99.236381,19.328081],[-99.236383,19.328064],[-99.236392,19.328042],[-99.236437,19.328056],[-99.236466,19.328056],[-99.236471,19.328075],[-99.236486,19.328103],[-99.236496,19.328127],[-99.236511,19.328183],[-99.236526,19.328245],[-99.236526,19.328287],[-99.236551,19.328334],[-99.236566,19.32839],[-99.236581,19.328447],[-99.236606,19.328513],[-99.236632,19.328579],[-99.236652,19.328621],[-99.236672,19.328649],[-99.236717,19.328692],[-99.236746,19.328715],[-99.236781,19.328743],[-99.236841,19.328781],[-99.236881,19.328795],[-99.236915,19.328828],[-99.23693,19.328861],[-99.23696,19.328899],[-99.236995,19.328936],[-99.237035,19.328978],[-99.237065,19.329011],[-99.237109,19.32904],[-99.237179,19.329044],[-99.237218,19.329051],[-99.237208,19.329055],[-99.237175,19.329068],[-99.237162,19.3291],[-99.237164,19.329102],[-99.237162,19.329102],[-99.237102,19.329098],[-99.237067,19.329088]]]]}},{"type":"Feature","properties":{"area":"La Loma","zona":"Zona de Uso Público Extensivo","zona_k":"uso publico extensivo","ha":0.02},"geometry":{"type":"MultiPolygon","coordinates":[[[[-99.236673,19.329898],[-99.236698,19.329866],[-99.236713,19.329834],[-99.236716,19.329814],[-99.236751,19.3298],[-99.236751,19.32985],[-99.23673,19.329905],[-99.236696,19.329933],[-99.236664,19.329959],[-99.236654,19.329972],[-99.236631,19.32999],[-99.236622,19.330012],[-99.236622,19.330038],[-99.236645,19.330056],[-99.236655,19.33006],[-99.236668,19.330078],[-99.236678,19.3301],[-99.236691,19.330113],[-99.236701,19.330132],[-99.236693,19.330141],[-99.236676,19.33016],[-99.236669,19.330157],[-99.236658,19.330128],[-99.236641,19.330107],[-99.236622,19.330088],[-99.23661,19.33007],[-99.236598,19.330051],[-99.236589,19.330031],[-99.236582,19.330009],[-99.236581,19.329984],[-99.236588,19.329965],[-99.236609,19.329951],[-99.236638,19.329933],[-99.236657,19.329912],[-99.236673,19.329898]]]]}},{"type":"Feature","properties":{"area":"La Loma","zona":"Zona de Restauracion Ecologica","zona_k":"restauracion ecologica","ha":0.59},"geometry":{"type":"MultiPolygon","coordinates":[[[[-99.236751,19.3298],[-99.236765,19.329762],[-99.236755,19.329724],[-99.236745,19.329687],[-99.236745,19.329654],[-99.23676,19.329616],[-99.2368,19.329578],[-99.236845,19.32955],[-99.236874,19.329531],[-99.236904,19.329489],[-99.236944,19.329465],[-99.236983,19.329437],[-99.237028,19.329404],[-99.237073,19.329366],[-99.237082,19.329347],[-99.237122,19.329319],[-99.237172,19.329286],[-99.237221,19.329272],[-99.237258,19.329311],[-99.237268,19.32933],[-99.237253,19.329368],[-99.237228,19.329378],[-99.237173,19.329387],[-99.237143,19.329392],[-99.237123,19.329406],[-99.237103,19.32943],[-99.237093,19.329454],[-99.237078,19.329483],[-99.237053,19.329526],[-99.237053,19.329535],[-99.237053,19.329583],[-99.237063,19.329607],[-99.237088,19.329635],[-99.237128,19.32964],[-99.237173,19.32963],[-99.237188,19.329607],[-99.237208,19.329573],[-99.237223,19.329559],[-99.237243,19.32953],[-99.237258,19.329497],[-99.237304,19.329473],[-99.237349,19.329444],[-99.237389,19.32942],[-99.237429,19.329411],[-99.237454,19.329425],[-99.237479,19.329444],[-99.237505,19.329435],[-99.23752,19.329415],[-99.23752,19.329382],[-99.23752,19.329363],[-99.23754,19.32933],[-99.237565,19.329311],[-99.237605,19.329296],[-99.23765,19.329291],[-99.237685,19.329291],[-99.237705,19.329301],[-99.23772,19.329325],[-99.237731,19.329349],[-99.237741,19.329363],[-99.237751,19.329382],[-99.237781,19.329387],[-99.237801,19.329387],[-99.237836,19.329396],[-99.237851,19.32941],[-99.237883,19.329442],[-99.237841,19.32947],[-99.237799,19.329499],[-99.237787,19.329516],[-99.237763,19.329545],[-99.237733,19.329539],[-99.237715,19.329522],[-99.237685,19.329516],[-99.237649,19.329516],[-99.237613,19.329533],[-99.237601,19.329556],[-99.237601,19.329579],[-99.237607,19.329607],[-99.237643,19.329607],[-99.237685,19.329607],[-99.237721,19.329619],[-99.237757,19.329607],[-99.237775,19.329596],[-99.237793,19.329584],[-99.237835,19.329573],[-99.237896,19.329596],[-99.237938,19.329601],[-99.237974,19.329636],[-99.237992,19.32967],[-99.23798,19.329687],[-99.237956,19.32971],[-99.237944,19.329727],[-99.237896,19.329738],[-99.237848,19.329738],[-99.237806,19.329756],[-99.237752,19.32979],[-99.237746,19.329813],[-99.23771,19.329853],[-99.237686,19.329887],[-99.237674,19.32991],[-99.237638,19.329944],[-99.237589,19.329967],[-99.237529,19.32999],[-99.237499,19.330007],[-99.237499,19.330047],[-99.237493,19.330081],[-99.237481,19.330092],[-99.237439,19.330093],[-99.237412,19.330092],[-99.237374,19.330053],[-99.237373,19.330041],[-99.237397,19.330013],[-99.237409,19.329978],[-99.237403,19.32995],[-99.237403,19.329921],[-99.237403,19.32991],[-99.237403,19.329882],[-99.237427,19.32987],[-99.237463,19.329859],[-99.237493,19.329841],[-99.237505,19.329824],[-99.237427,19.329796],[-99.237415,19.329773],[-99.237415,19.329733],[-99.237421,19.329688],[-99.237415,19.329642],[-99.237427,19.329596],[-99.237439,19.329585],[-99.237439,19.329562],[-99.237426,19.329534],[-99.237402,19.329522],[-99.237372,19.329517],[-99.237336,19.329522],[-99.237318,19.329534],[-99.237312,19.329562],[-99.237306,19.329602],[-99.237312,19.329642],[-99.237343,19.329676],[-99.237355,19.329693],[-99.237349,19.329745],[-99.237337,19.329762],[-99.237337,19.329807],[-99.237313,19.329842],[-99.237265,19.329865],[-99.237247,19.329899],[-99.237193,19.329922],[-99.237164,19.329922],[-99.237141,19.329893],[-99.237095,19.329871],[-99.237028,19.329875],[-99.237004,19.329876],[-99.236963,19.329915],[-99.236894,19.329954],[-99.236853,19.32998],[-99.23678,19.330046],[-99.236701,19.330132],[-99.236691,19.330113],[-99.236678,19.3301],[-99.236668,19.330078],[-99.236655,19.33006],[-99.236645,19.330056],[-99.236622,19.330038],[-99.236622,19.330012],[-99.236631,19.32999],[-99.236654,19.329972],[-99.236664,19.329959],[-99.236696,19.329933],[-99.23673,19.329905],[-99.236751,19.32985],[-99.236751,19.3298]]]]}},{"type":"Feature","properties":{"area":"La Loma","zona":"Zona de Uso Público Extensivo","zona_k":"uso publico extensivo","ha":0.1},"geometry":{"type":"MultiPolygon","coordinates":[[[[-99.236392,19.328042],[-99.236405,19.328024],[-99.236422,19.327979],[-99.236444,19.327939],[-99.236484,19.327898],[-99.236498,19.327841],[-99.236522,19.327797],[-99.236547,19.327747],[-99.236591,19.327666],[-99.236621,19.327611],[-99.236649,19.327553],[-99.236694,19.327493],[-99.236723,19.327448],[-99.236765,19.327386],[-99.236801,19.327347],[-99.236837,19.327313],[-99.236863,19.327281],[-99.236912,19.327214],[-99.236973,19.327148],[-99.237009,19.32711],[-99.237057,19.327064],[-99.237071,19.327044],[-99.237116,19.326997],[-99.237145,19.326961],[-99.23719,19.326921],[-99.237224,19.326879],[-99.237257,19.326852],[-99.237286,19.326824],[-99.237327,19.326792],[-99.23736,19.326764],[-99.237397,19.326733],[-99.237425,19.3267],[-99.237454,19.326682],[-99.237484,19.326656],[-99.23751,19.326635],[-99.237529,19.326614],[-99.237545,19.326591],[-99.237565,19.326562],[-99.237598,19.32653],[-99.237618,19.326517],[-99.237652,19.3265],[-99.237688,19.326479],[-99.237704,19.32647],[-99.237733,19.326456],[-99.237766,19.326432],[-99.237773,19.326423],[-99.237791,19.326409],[-99.237812,19.326392],[-99.23783,19.32638],[-99.237844,19.326364],[-99.237865,19.326354],[-99.237876,19.326343],[-99.2379,19.32633],[-99.237928,19.326311],[-99.237947,19.326298],[-99.237971,19.326285],[-99.237998,19.32627],[-99.238029,19.326252],[-99.238059,19.326239],[-99.238095,19.326222],[-99.238124,19.326208],[-99.238138,19.326203],[-99.238154,19.326194],[-99.238172,19.326179],[-99.238189,19.32616],[-99.238209,19.326138],[-99.238227,19.326117],[-99.238244,19.326092],[-99.238266,19.326062],[-99.238284,19.326025],[-99.238305,19.325988],[-99.23832,19.325956],[-99.238333,19.326014],[-99.238314,19.326028],[-99.2383,19.326047],[-99.238292,19.326058],[-99.238276,19.32608],[-99.238258,19.326103],[-99.238237,19.326129],[-99.238217,19.326154],[-99.238202,19.326173],[-99.23818,19.326194],[-99.238162,19.326205],[-99.238144,19.326218],[-99.23813,19.326223],[-99.2381,19.326237],[-99.238065,19.326252],[-99.238034,19.326268],[-99.238003,19.326284],[-99.237977,19.326301],[-99.237956,19.326317],[-99.237943,19.326325],[-99.237921,19.326341],[-99.237902,19.32636],[-99.237879,19.326373],[-99.237852,19.326377],[-99.237848,19.326394],[-99.237834,19.326407],[-99.237816,19.326428],[-99.237789,19.326441],[-99.237776,19.326445],[-99.23774,19.326471],[-99.237718,19.326492],[-99.237704,19.326509],[-99.237653,19.326537],[-99.237628,19.326559],[-99.237614,19.326582],[-99.237601,19.326607],[-99.237552,19.326635],[-99.237542,19.32666],[-99.237526,19.326685],[-99.237499,19.326704],[-99.237469,19.326728],[-99.237435,19.326768],[-99.237393,19.3268],[-99.237344,19.326815],[-99.237276,19.32687],[-99.237204,19.326944],[-99.237164,19.326986],[-99.237127,19.327023],[-99.23708,19.327085],[-99.237027,19.327142],[-99.236996,19.327172],[-99.236938,19.327234],[-99.236888,19.327294],[-99.236854,19.327333],[-99.236813,19.327371],[-99.236783,19.327409],[-99.23675,19.327461],[-99.236712,19.327508],[-99.236674,19.327563],[-99.236644,19.327619],[-99.236615,19.327678],[-99.236573,19.327759],[-99.236555,19.327808],[-99.236532,19.327864],[-99.236522,19.327907],[-99.236501,19.327938],[-99.236469,19.327976],[-99.236465,19.328022],[-99.236466,19.328056],[-99.236437,19.328056],[-99.236392,19.328042]]]]}},{"type":"Feature","properties":{"area":"La Loma","zona":"Zona de Restauracion Ecologica","zona_k":"restauracion ecologica","ha":0.92},"geometry":{"type":"MultiPolygon","coordinates":[[[[-99.236233,19.327991],[-99.236229,19.327991],[-99.236227,19.327964],[-99.236227,19.327942],[-99.236215,19.327891],[-99.236209,19.327852],[-99.236185,19.327818],[-99.236156,19.327796],[-99.236114,19.327751],[-99.236078,19.327717],[-99.236049,19.327684],[-99.236007,19.327655],[-99.235977,19.327622],[-99.235936,19.327611],[-99.235877,19.327599],[-99.235823,19.327599],[-99.235794,19.327611],[-99.235782,19.327656],[-99.235782,19.327695],[-99.23577,19.327723],[-99.23574,19.327746],[-99.235675,19.327774],[-99.235652,19.327802],[-99.235628,19.327819],[-99.235598,19.327836],[-99.235557,19.327847],[-99.235515,19.327836],[-99.235498,19.327836],[-99.235462,19.327808],[-99.235444,19.327791],[-99.235444,19.327769],[-99.235432,19.327729],[-99.235408,19.327707],[-99.235379,19.327696],[-99.235361,19.327645],[-99.235349,19.327617],[-99.235349,19.327578],[-99.235355,19.327561],[-99.235384,19.327544],[-99.235426,19.327533],[-99.235485,19.327532],[-99.235521,19.327538],[-99.235556,19.32756],[-99.235586,19.327566],[-99.235628,19.327555],[-99.235669,19.327543],[-99.235693,19.327521],[-99.235699,19.327482],[-99.235728,19.327448],[-99.235776,19.327442],[-99.235823,19.327448],[-99.235853,19.327431],[-99.23593,19.327403],[-99.235965,19.327391],[-99.236036,19.327374],[-99.236084,19.327369],[-99.236108,19.327361],[-99.236137,19.327352],[-99.23619,19.327357],[-99.236226,19.327385],[-99.236256,19.327402],[-99.236285,19.32743],[-99.236327,19.327441],[-99.236351,19.327436],[-99.236362,19.327413],[-99.236356,19.327385],[-99.236356,19.327368],[-99.23635,19.327329],[-99.236368,19.327278],[-99.236386,19.327256],[-99.236398,19.327222],[-99.236374,19.327216],[-99.236344,19.327188],[-99.236327,19.3272],[-99.236303,19.3272],[-99.236273,19.327188],[-99.236261,19.327177],[-99.236238,19.327177],[-99.23619,19.327194],[-99.236149,19.327183],[-99.236149,19.327166],[-99.236184,19.327149],[-99.236214,19.327127],[-99.236249,19.327099],[-99.236297,19.327087],[-99.236362,19.327065],[-99.236421,19.327048],[-99.236475,19.327048],[-99.236516,19.32707],[-99.236546,19.327087],[-99.236587,19.327104],[-99.236623,19.327087],[-99.236623,19.327059],[-99.236605,19.327036],[-99.236587,19.327008],[-99.236587,19.32698],[-99.236611,19.326946],[-99.236664,19.326929],[-99.236736,19.326917],[-99.236789,19.326928],[-99.236831,19.326933],[-99.236843,19.326917],[-99.236849,19.326877],[-99.236843,19.32681],[-99.236848,19.326748],[-99.236866,19.326714],[-99.236931,19.32668],[-99.236967,19.326663],[-99.236973,19.326647],[-99.237002,19.326675],[-99.237026,19.326691],[-99.23705,19.326703],[-99.237097,19.326708],[-99.237145,19.326719],[-99.237174,19.326742],[-99.237204,19.326764],[-99.237222,19.326832],[-99.23721,19.326849],[-99.237181,19.326882],[-99.237145,19.326922],[-99.237145,19.326961],[-99.237116,19.326997],[-99.237071,19.327044],[-99.237057,19.327064],[-99.237009,19.32711],[-99.236973,19.327148],[-99.236912,19.327214],[-99.236863,19.327281],[-99.236837,19.327313],[-99.236801,19.327347],[-99.236765,19.327386],[-99.236723,19.327448],[-99.236694,19.327493],[-99.236649,19.327553],[-99.236621,19.327611],[-99.236591,19.327666],[-99.236547,19.327747],[-99.236522,19.327797],[-99.236498,19.327841],[-99.236484,19.327898],[-99.236444,19.327939],[-99.236422,19.327979],[-99.236405,19.328024],[-99.236392,19.328042],[-99.236362,19.328023],[-99.236337,19.327995],[-99.236303,19.327986],[-99.236233,19.327991]]]]}},{"type":"Feature","properties":{"area":"La Loma","zona":"Zona de Restauracion Ecologica","zona_k":"restauracion ecologica","ha":0.43},"geometry":{"type":"MultiPolygon","coordinates":[[[[-99.237127,19.327023],[-99.237164,19.326986],[-99.237204,19.326944],[-99.237276,19.32687],[-99.237344,19.326815],[-99.237393,19.3268],[-99.237385,19.326832],[-99.237394,19.326872],[-99.237406,19.3269],[-99.2374,19.32694],[-99.237388,19.326973],[-99.237376,19.326996],[-99.237358,19.327058],[-99.237353,19.327108],[-99.237353,19.327159],[-99.237359,19.327215],[-99.237353,19.327272],[-99.237335,19.327317],[-99.237323,19.32735],[-99.2373,19.327401],[-99.237312,19.327429],[-99.237347,19.32744],[-99.237371,19.327463],[-99.237395,19.327502],[-99.237401,19.32753],[-99.237401,19.327575],[-99.237395,19.32762],[-99.237389,19.327659],[-99.237389,19.327693],[-99.237377,19.327721],[-99.237336,19.327738],[-99.237312,19.327744],[-99.237294,19.327778],[-99.237288,19.327811],[-99.237288,19.327862],[-99.237271,19.327907],[-99.237265,19.327929],[-99.237253,19.327952],[-99.237223,19.327991],[-99.2372,19.328014],[-99.2372,19.328053],[-99.237182,19.328093],[-99.237158,19.328098],[-99.237129,19.328076],[-99.237093,19.328059],[-99.237046,19.328048],[-99.236992,19.328059],[-99.236951,19.328076],[-99.236898,19.328065],[-99.236856,19.328054],[-99.236838,19.328014],[-99.236838,19.327981],[-99.236844,19.327936],[-99.23685,19.327891],[-99.236879,19.327829],[-99.236903,19.327767],[-99.236915,19.327739],[-99.236927,19.327722],[-99.23695,19.327694],[-99.236968,19.327671],[-99.23698,19.327637],[-99.237021,19.327598],[-99.237057,19.327559],[-99.237081,19.327525],[-99.237098,19.32748],[-99.237116,19.327441],[-99.237116,19.327407],[-99.237128,19.327373],[-99.237122,19.327334],[-99.237104,19.327294],[-99.237056,19.327266],[-99.237057,19.327226],[-99.237086,19.327164],[-99.23711,19.327091],[-99.237127,19.327023]]]]}},{"type":"Feature","properties":{"area":"La Loma","zona":"Zona de Restauracion Ecologica","zona_k":"restauracion ecologica","ha":0.27},"geometry":{"type":"MultiPolygon","coordinates":[[[[-99.238104,19.326039],[-99.238104,19.325996],[-99.238081,19.325975],[-99.238068,19.325962],[-99.238036,19.325937],[-99.238018,19.325911],[-99.237991,19.325893],[-99.237973,19.325872],[-99.237973,19.325837],[-99.238013,19.325833],[-99.238036,19.325816],[-99.238045,19.325803],[-99.23804,19.325778],[-99.238022,19.325752],[-99.238013,19.325743],[-99.237973,19.325739],[-99.237928,19.325752],[-99.237905,19.325765],[-99.237887,19.325786],[-99.237878,19.325799],[-99.237856,19.325812],[-99.237797,19.325808],[-99.237748,19.325799],[-99.237716,19.325804],[-99.237684,19.325804],[-99.237648,19.325795],[-99.23763,19.325778],[-99.237626,19.325761],[-99.237635,19.325731],[-99.237653,19.325705],[-99.23768,19.325705],[-99.237698,19.325718],[-99.237729,19.325727],[-99.237743,19.325722],[-99.237743,19.325697],[-99.237756,19.325684],[-99.237774,19.325675],[-99.237801,19.325688],[-99.237833,19.325688],[-99.237864,19.325671],[-99.237887,19.325662],[-99.237891,19.325641],[-99.237891,19.325615],[-99.237878,19.325569],[-99.237869,19.325556],[-99.237846,19.325539],[-99.237828,19.325526],[-99.237824,19.325505],[-99.237842,19.325487],[-99.237855,19.325462],[-99.23786,19.325436],[-99.237859,19.325402],[-99.23785,19.325381],[-99.237841,19.325372],[-99.237805,19.325372],[-99.237778,19.325334],[-99.237733,19.325304],[-99.237697,19.325291],[-99.237684,19.325266],[-99.237702,19.325223],[-99.237724,19.325202],[-99.237765,19.325197],[-99.237801,19.325219],[-99.237819,19.325197],[-99.237832,19.32518],[-99.237846,19.325163],[-99.237864,19.325159],[-99.237886,19.325142],[-99.237904,19.325142],[-99.237931,19.325154],[-99.237981,19.325154],[-99.237999,19.325167],[-99.237976,19.32518],[-99.237945,19.32518],[-99.237931,19.325206],[-99.237949,19.325235],[-99.237963,19.325265],[-99.237954,19.325278],[-99.23794,19.325304],[-99.237927,19.325321],[-99.237904,19.325346],[-99.237882,19.325368],[-99.237886,19.325398],[-99.237905,19.325419],[-99.237932,19.32544],[-99.23799,19.325449],[-99.238022,19.325445],[-99.238031,19.325419],[-99.238049,19.325398],[-99.238094,19.325402],[-99.238162,19.325413],[-99.238149,19.325487],[-99.238161,19.325585],[-99.238155,19.325684],[-99.238161,19.325759],[-99.238161,19.325817],[-99.238216,19.325869],[-99.238265,19.325904],[-99.23832,19.325956],[-99.238305,19.325988],[-99.238284,19.326025],[-99.238266,19.326062],[-99.238244,19.326092],[-99.238227,19.326117],[-99.238209,19.326138],[-99.238189,19.32616],[-99.238176,19.326146],[-99.238171,19.326131],[-99.238165,19.326113],[-99.238156,19.3261],[-99.238144,19.32609],[-99.238138,19.326079],[-99.238131,19.326066],[-99.238124,19.326053],[-99.238115,19.326045],[-99.238104,19.326039]]]]}},{"type":"Feature","properties":{"area":"La Loma","zona":"Zona de Uso Público Extensivo","zona_k":"uso publico extensivo","ha":0.01},"geometry":{"type":"MultiPolygon","coordinates":[[[[-99.240787,19.328958],[-99.240813,19.328951],[-99.240836,19.328938],[-99.240854,19.328904],[-99.240871,19.328877],[-99.240887,19.328851],[-99.240912,19.328801],[-99.24093,19.328763],[-99.240949,19.328732],[-99.240974,19.32867],[-99.240981,19.328638],[-99.241015,19.328661],[-99.240997,19.328684],[-99.240966,19.328739],[-99.240948,19.328772],[-99.24093,19.32881],[-99.240907,19.328857],[-99.240892,19.328887],[-99.240877,19.328912],[-99.240855,19.328952],[-99.240857,19.328982],[-99.240858,19.329009],[-99.240834,19.328969],[-99.240787,19.328958]]]]}},{"type":"Feature","properties":{"area":"La Loma","zona":"Zona de Uso Publico Intensivo","zona_k":"uso publico intensivo","ha":0.05},"geometry":{"type":"MultiPolygon","coordinates":[[[[-99.240858,19.329009],[-99.240857,19.328982],[-99.240855,19.328952],[-99.240877,19.328912],[-99.240892,19.328887],[-99.240907,19.328857],[-99.24093,19.32881],[-99.240948,19.328772],[-99.240966,19.328739],[-99.240997,19.328684],[-99.241015,19.328661],[-99.24103,19.328675],[-99.241074,19.328684],[-99.241093,19.328686],[-99.240886,19.329129],[-99.240826,19.329129],[-99.240829,19.329127],[-99.240852,19.329065],[-99.240858,19.329009]]]]}},{"type":"Feature","properties":{"area":"La Loma","zona":"Zona de Uso Público Extensivo","zona_k":"uso publico extensivo","ha":0.01},"geometry":{"type":"MultiPolygon","coordinates":[[[[-99.240981,19.328638],[-99.241007,19.328615],[-99.241028,19.328589],[-99.241046,19.328562],[-99.241061,19.328534],[-99.24108,19.328506],[-99.241088,19.328491],[-99.241124,19.328513],[-99.241104,19.328529],[-99.241081,19.328555],[-99.241058,19.328594],[-99.241036,19.328631],[-99.241015,19.328661],[-99.240981,19.328638]]]]}},{"type":"Feature","properties":{"area":"La Loma","zona":"Zona de Uso Publico Intensivo","zona_k":"uso publico intensivo","ha":0.01},"geometry":{"type":"MultiPolygon","coordinates":[[[[-99.241015,19.328661],[-99.241036,19.328631],[-99.241058,19.328594],[-99.241081,19.328555],[-99.241104,19.328529],[-99.241124,19.328513],[-99.241173,19.328512],[-99.241093,19.328686],[-99.241074,19.328684],[-99.24103,19.328675],[-99.241015,19.328661]]]]}},{"type":"Feature","properties":{"area":"La Loma","zona":"Zona de Uso Público Extensivo","zona_k":"uso publico extensivo","ha":0.03},"geometry":{"type":"MultiPolygon","coordinates":[[[[-99.240555,19.328045],[-99.24054,19.328027],[-99.240524,19.328009],[-99.240547,19.327998],[-99.240567,19.327998],[-99.24061,19.328005],[-99.240681,19.328016],[-99.240752,19.328033],[-99.240814,19.328052],[-99.240873,19.328074],[-99.240933,19.32809],[-99.240999,19.328095],[-99.240977,19.328116],[-99.240962,19.328127],[-99.240945,19.328141],[-99.240936,19.328147],[-99.240917,19.32815],[-99.240878,19.32815],[-99.240859,19.328139],[-99.240867,19.328114],[-99.240855,19.328107],[-99.240817,19.32811],[-99.240794,19.328121],[-99.240767,19.328118],[-99.240763,19.328103],[-99.240751,19.328077],[-99.240732,19.328074],[-99.240715,19.328069],[-99.240696,19.328064],[-99.240668,19.328059],[-99.240651,19.328059],[-99.240624,19.328052],[-99.240597,19.328038],[-99.240578,19.328034],[-99.240555,19.328045]]]]}},{"type":"Feature","properties":{"area":"La Loma","zona":"Zona de Uso Público Extensivo","zona_k":"uso publico extensivo","ha":0.0},"geometry":{"type":"MultiPolygon","coordinates":[[[[-99.240438,19.328],[-99.240463,19.327982],[-99.240547,19.327998],[-99.240524,19.328009],[-99.24054,19.328027],[-99.240555,19.328045],[-99.240438,19.328]]]]}},{"type":"Feature","properties":{"area":"La Loma","zona":"Zona de Uso Publico Intensivo","zona_k":"uso publico intensivo","ha":0.36},"geometry":{"type":"MultiPolygon","coordinates":[[[[-99.240687,19.32861],[-99.240643,19.328601],[-99.240619,19.328592],[-99.240599,19.328583],[-99.240575,19.328601],[-99.240545,19.328597],[-99.240506,19.328576],[-99.240531,19.328489],[-99.240394,19.328472],[-99.240412,19.328407],[-99.24045,19.328342],[-99.240475,19.328307],[-99.240499,19.32823],[-99.240481,19.3282],[-99.24053,19.3281],[-99.240381,19.328112],[-99.240306,19.328094],[-99.240328,19.328044],[-99.240376,19.328009],[-99.240407,19.327997],[-99.240438,19.328],[-99.240555,19.328045],[-99.240578,19.328034],[-99.240597,19.328038],[-99.240624,19.328052],[-99.240651,19.328059],[-99.240668,19.328059],[-99.240696,19.328064],[-99.240715,19.328069],[-99.240732,19.328074],[-99.240751,19.328077],[-99.240763,19.328103],[-99.240767,19.328118],[-99.240794,19.328121],[-99.240817,19.32811],[-99.240855,19.328107],[-99.240867,19.328114],[-99.240859,19.328139],[-99.240878,19.32815],[-99.240917,19.32815],[-99.240936,19.328147],[-99.240945,19.328141],[-99.240946,19.328162],[-99.240972,19.328183],[-99.241003,19.328209],[-99.241005,19.32821],[-99.241026,19.32823],[-99.241039,19.328268],[-99.241048,19.32831],[-99.241044,19.328339],[-99.241044,19.328365],[-99.241048,19.328407],[-99.241079,19.32847],[-99.241088,19.328491],[-99.24108,19.328506],[-99.241061,19.328534],[-99.241046,19.328562],[-99.241028,19.328589],[-99.241007,19.328615],[-99.240981,19.328638],[-99.240952,19.328633],[-99.240937,19.328638],[-99.240878,19.328638],[-99.240854,19.32862],[-99.240824,19.328615],[-99.240805,19.32862],[-99.24078,19.328634],[-99.240766,19.328634],[-99.240717,19.328615],[-99.240687,19.32861]]]]}},{"type":"Feature","properties":{"area":"La Loma","zona":"Zona de Uso Especial","zona_k":"uso especial","ha":0.1},"geometry":{"type":"MultiPolygon","coordinates":[[[[-99.234962,19.328855],[-99.23503,19.328825],[-99.235063,19.328797],[-99.235086,19.328763],[-99.235142,19.328728],[-99.235181,19.328708],[-99.235215,19.328699],[-99.23526,19.328729],[-99.235309,19.328781],[-99.235364,19.328856],[-99.235384,19.328901],[-99.235342,19.328956],[-99.235286,19.328993],[-99.235221,19.329026],[-99.235171,19.329062],[-99.235136,19.32902],[-99.235066,19.328977],[-99.235032,19.328954],[-99.234992,19.328912],[-99.234962,19.328855]]]]}},{"type":"Feature","properties":{"area":"La Loma","zona":"Zona de Proteccion Estricta","zona_k":"proteccion estricta","ha":0.05},"geometry":{"type":"MultiPolygon","coordinates":[[[[-99.234599,19.326785],[-99.234593,19.326768],[-99.234593,19.32674],[-99.234623,19.326729],[-99.234623,19.326701],[-99.234593,19.326684],[-99.234564,19.326684],[-99.234517,19.326672],[-99.234518,19.326672],[-99.234527,19.326667],[-99.234538,19.326661],[-99.234547,19.326656],[-99.234558,19.32665],[-99.234595,19.326628],[-99.234611,19.32662],[-99.23463,19.32664],[-99.23463,19.32664],[-99.23463,19.32664],[-99.234657,19.326638],[-99.234692,19.326646],[-99.234693,19.326645],[-99.234693,19.326646],[-99.234754,19.326641],[-99.234801,19.326618],[-99.234857,19.326582],[-99.234924,19.326544],[-99.234943,19.326564],[-99.234963,19.326571],[-99.234997,19.326563],[-99.235016,19.326545],[-99.23501,19.326578],[-99.234995,19.326604],[-99.234966,19.326628],[-99.234947,19.326646],[-99.234931,19.326663],[-99.234899,19.326678],[-99.234872,19.326686],[-99.23483,19.326699],[-99.234795,19.326705],[-99.234762,19.32671],[-99.234733,19.326724],[-99.234723,19.326751],[-99.234694,19.326773],[-99.23467,19.326784],[-99.234629,19.32679],[-99.234599,19.326785]]]]}},{"type":"Feature","properties":{"area":"La Loma","zona":"Zona de Proteccion Estricta","zona_k":"proteccion estricta","ha":0.02},"geometry":{"type":"MultiPolygon","coordinates":[[[[-99.236123,19.325703],[-99.236198,19.325664],[-99.236215,19.325666],[-99.236237,19.325692],[-99.236265,19.325729],[-99.236266,19.325729],[-99.236266,19.325729],[-99.236286,19.32571],[-99.236322,19.325735],[-99.23635,19.325746],[-99.236332,19.325771],[-99.23631,19.32579],[-99.236282,19.325806],[-99.236282,19.325789],[-99.236277,19.325764],[-99.236256,19.325752],[-99.236229,19.325756],[-99.236208,19.325765],[-99.236173,19.325769],[-99.236151,19.325756],[-99.236138,19.325723],[-99.236123,19.325703]]]]}},{"type":"Feature","properties":{"area":"La Loma","zona":"Zona de Proteccion Estricta","zona_k":"proteccion estricta","ha":0.04},"geometry":{"type":"MultiPolygon","coordinates":[[[[-99.236526,19.325203],[-99.236546,19.325188],[-99.236561,19.325177],[-99.236577,19.325166],[-99.236578,19.325159],[-99.236595,19.325159],[-99.236605,19.325157],[-99.236612,19.325155],[-99.236617,19.325155],[-99.236626,19.325157],[-99.236628,19.325155],[-99.236629,19.325154],[-99.236641,19.325141],[-99.236649,19.325134],[-99.236669,19.32512],[-99.236679,19.325112],[-99.236689,19.325104],[-99.236707,19.325092],[-99.236718,19.325083],[-99.236728,19.325076],[-99.236743,19.325063],[-99.23675,19.325058],[-99.236752,19.325057],[-99.23679,19.32507],[-99.236799,19.3251],[-99.23679,19.325121],[-99.236786,19.325138],[-99.23679,19.325167],[-99.236803,19.325176],[-99.236826,19.325176],[-99.2368,19.325196],[-99.236771,19.325216],[-99.236736,19.325241],[-99.236695,19.325255],[-99.236656,19.325276],[-99.236623,19.325294],[-99.236591,19.325309],[-99.236597,19.325266],[-99.236585,19.325245],[-99.236569,19.325234],[-99.236546,19.325229],[-99.236526,19.325203]]]]}},{"type":"Feature","properties":{"area":"La Loma","zona":"Zona de Proteccion Estricta","zona_k":"proteccion estricta","ha":0.04},"geometry":{"type":"MultiPolygon","coordinates":[[[[-99.237199,19.324719],[-99.237201,19.324718],[-99.23725,19.324698],[-99.237296,19.32467],[-99.237334,19.324644],[-99.23737,19.32463],[-99.237424,19.324608],[-99.237433,19.324602],[-99.237457,19.324654],[-99.237463,19.324675],[-99.237492,19.324713],[-99.237532,19.324746],[-99.237566,19.324762],[-99.237527,19.324767],[-99.237486,19.324767],[-99.237454,19.324768],[-99.237416,19.324778],[-99.237391,19.324793],[-99.237334,19.324815],[-99.237357,19.324781],[-99.237348,19.32476],[-99.237307,19.32476],[-99.237281,19.324764],[-99.237236,19.324756],[-99.237199,19.324719]]]]}},{"type":"Feature","properties":{"area":"La Loma","zona":"Zona de Restauracion Ecologica","zona_k":"restauracion ecologica","ha":0.02},"geometry":{"type":"MultiPolygon","coordinates":[[[[-99.239064,19.325057],[-99.239076,19.32497],[-99.239074,19.324924],[-99.239208,19.324941],[-99.2392,19.324976],[-99.239192,19.325006],[-99.239174,19.325088],[-99.23914,19.325075],[-99.239064,19.325057]]]]}},{"type":"Feature","properties":{"area":"La Loma","zona":"Zona de Proteccion Estricta","zona_k":"proteccion estricta","ha":0.05},"geometry":{"type":"MultiPolygon","coordinates":[[[[-99.238258,19.324715],[-99.238272,19.324698],[-99.23828,19.324685],[-99.238269,19.324664],[-99.238247,19.324657],[-99.238222,19.324647],[-99.238179,19.32464],[-99.23815,19.32463],[-99.238147,19.324612],[-99.238243,19.324599],[-99.238271,19.324585],[-99.238306,19.324585],[-99.238307,19.324585],[-99.238359,19.324579],[-99.238399,19.324575],[-99.238433,19.324574],[-99.238434,19.324574],[-99.238489,19.324573],[-99.238492,19.324719],[-99.238413,19.324741],[-99.238342,19.324765],[-99.238312,19.324779],[-99.238307,19.324732],[-99.238258,19.324715]]]]}},{"type":"Feature","properties":{"area":"La Loma","zona":"Zona de Proteccion Estricta","zona_k":"proteccion estricta","ha":0.03},"geometry":{"type":"MultiPolygon","coordinates":[[[[-99.238312,19.324779],[-99.238342,19.324765],[-99.238413,19.324741],[-99.238492,19.324719],[-99.238491,19.324758],[-99.23854,19.324858],[-99.238524,19.324899],[-99.238509,19.324908],[-99.238479,19.324928],[-99.238448,19.324956],[-99.238406,19.324893],[-99.238356,19.324861],[-99.238333,19.324819],[-99.238312,19.324779]]]]}},{"type":"Feature","properties":{"area":"La Loma","zona":"Zona de Proteccion Estricta","zona_k":"proteccion estricta","ha":0.09},"geometry":{"type":"MultiPolygon","coordinates":[[[[-99.238448,19.324956],[-99.238479,19.324928],[-99.238509,19.324908],[-99.238524,19.324899],[-99.23854,19.324858],[-99.238816,19.324892],[-99.239074,19.324924],[-99.239076,19.32497],[-99.239064,19.325057],[-99.239007,19.325043],[-99.238895,19.325028],[-99.23882,19.325021],[-99.238724,19.325023],[-99.238664,19.325026],[-99.238573,19.325001],[-99.238507,19.324977],[-99.238448,19.324956]]]]}},{"type":"Feature","properties":{"area":"La Loma","zona":"Zona de Restauracion Ecologica","zona_k":"restauracion ecologica","ha":0.06},"geometry":{"type":"MultiPolygon","coordinates":[[[[-99.237902,19.32636],[-99.237921,19.326341],[-99.237943,19.326325],[-99.237956,19.326317],[-99.237977,19.326301],[-99.238003,19.326284],[-99.238034,19.326268],[-99.238065,19.326252],[-99.2381,19.326237],[-99.23813,19.326223],[-99.238144,19.326218],[-99.238162,19.326205],[-99.23818,19.326194],[-99.238202,19.326173],[-99.238224,19.326187],[-99.238244,19.326201],[-99.238226,19.32621],[-99.238203,19.32624],[-99.23819,19.326257],[-99.238185,19.32627],[-99.238167,19.326291],[-99.238154,19.326312],[-99.238149,19.326351],[-99.238145,19.326385],[-99.238163,19.326411],[-99.238154,19.326445],[-99.238154,19.32647],[-99.238154,19.326492],[-99.238132,19.326517],[-99.238132,19.326543],[-99.238127,19.326564],[-99.238091,19.326569],[-99.238073,19.326565],[-99.238069,19.326547],[-99.238068,19.326518],[-99.238041,19.326483],[-99.238005,19.326462],[-99.23801,19.326432],[-99.23801,19.326402],[-99.238005,19.326368],[-99.237987,19.326355],[-99.237974,19.326338],[-99.237929,19.326347],[-99.237902,19.32636]]]]}},{"type":"Feature","properties":{"area":"La Loma","zona":"Zona de Restauracion Ecologica","zona_k":"restauracion ecologica","ha":0.15},"geometry":{"type":"MultiPolygon","coordinates":[[[[-99.238104,19.326039],[-99.238115,19.326045],[-99.238124,19.326053],[-99.238131,19.326066],[-99.238138,19.326079],[-99.238144,19.32609],[-99.238156,19.3261],[-99.238165,19.326113],[-99.238171,19.326131],[-99.238176,19.326146],[-99.238189,19.32616],[-99.238172,19.326179],[-99.238154,19.326194],[-99.238138,19.326203],[-99.238124,19.326208],[-99.238095,19.326222],[-99.238059,19.326239],[-99.238029,19.326252],[-99.237998,19.32627],[-99.237971,19.326285],[-99.237947,19.326298],[-99.237928,19.326311],[-99.2379,19.32633],[-99.237876,19.326343],[-99.237865,19.326354],[-99.237844,19.326364],[-99.23783,19.32638],[-99.237812,19.326392],[-99.237791,19.326409],[-99.237773,19.326423],[-99.237766,19.326432],[-99.237733,19.326456],[-99.237704,19.32647],[-99.237688,19.326479],[-99.237652,19.3265],[-99.237618,19.326517],[-99.237598,19.32653],[-99.237565,19.326562],[-99.237551,19.326531],[-99.237537,19.326505],[-99.237515,19.326497],[-99.237506,19.326475],[-99.237479,19.326471],[-99.237465,19.326462],[-99.237483,19.326437],[-99.237492,19.326411],[-99.237487,19.326377],[-99.237465,19.326351],[-99.237451,19.326339],[-99.237447,19.32633],[-99.237442,19.326313],[-99.237456,19.326296],[-99.237469,19.32627],[-99.237474,19.326245],[-99.237519,19.32624],[-99.237532,19.326219],[-99.237573,19.326219],[-99.237613,19.326236],[-99.237631,19.32624],[-99.237667,19.326262],[-99.237699,19.32627],[-99.237739,19.326274],[-99.237762,19.326287],[-99.237784,19.326296],[-99.237811,19.326295],[-99.237852,19.326283],[-99.237874,19.32627],[-99.237897,19.326253],[-99.237919,19.32624],[-99.237906,19.326219],[-99.237883,19.326206],[-99.237843,19.326193],[-99.237838,19.32618],[-99.237843,19.326167],[-99.237883,19.326163],[-99.237919,19.32615],[-99.237933,19.326137],[-99.237964,19.326112],[-99.238005,19.326103],[-99.238023,19.326073],[-99.238036,19.326052],[-99.238081,19.326047],[-99.238104,19.326039]]]]}},{"type":"Feature","properties":{"area":"La Loma","zona":"Zona de Restauracion Ecologica","zona_k":"restauracion ecologica","ha":1.3},"geometry":{"type":"MultiPolygon","coordinates":[[[[-99.232248,19.331536],[-99.232224,19.33154],[-99.23219,19.331546],[-99.232145,19.331535],[-99.232116,19.331513],[-99.232088,19.331487],[-99.232037,19.331454],[-99.231997,19.331444],[-99.231957,19.331428],[-99.231935,19.331417],[-99.231912,19.331401],[-99.231855,19.331385],[-99.231804,19.331385],[-99.231765,19.331385],[-99.231742,19.331358],[-99.231753,19.331336],[-99.231793,19.33132],[-99.231793,19.331283],[-99.231787,19.331266],[-99.231764,19.331261],[-99.231753,19.331245],[-99.231747,19.331224],[-99.231753,19.331207],[-99.231798,19.331207],[-99.231832,19.331218],[-99.231855,19.331202],[-99.231855,19.33118],[-99.231838,19.331175],[-99.231826,19.331152],[-99.231876,19.331136],[-99.231896,19.331131],[-99.231945,19.331117],[-99.23203,19.331107],[-99.232089,19.331107],[-99.232164,19.331103],[-99.232208,19.331107],[-99.232273,19.331121],[-99.232332,19.331145],[-99.232372,19.331154],[-99.232407,19.331163],[-99.232462,19.331163],[-99.232526,19.331177],[-99.232581,19.331191],[-99.232635,19.33121],[-99.232685,19.33122],[-99.232715,19.331234],[-99.232754,19.331238],[-99.232809,19.331243],[-99.232824,19.331243],[-99.232859,19.331248],[-99.232903,19.331238],[-99.232938,19.331224],[-99.232978,19.331224],[-99.233008,19.331214],[-99.233018,19.331205],[-99.233008,19.331191],[-99.232968,19.331191],[-99.232948,19.331177],[-99.232978,19.331144],[-99.233007,19.331101],[-99.233042,19.331035],[-99.233082,19.330984],[-99.233111,19.330932],[-99.233136,19.330904],[-99.233161,19.330852],[-99.233196,19.330809],[-99.233215,19.330776],[-99.23324,19.330753],[-99.23327,19.330724],[-99.233305,19.330696],[-99.23332,19.330663],[-99.233344,19.330644],[-99.233354,19.330658],[-99.233339,19.330687],[-99.233354,19.330734],[-99.233389,19.330762],[-99.233425,19.330781],[-99.23348,19.330804],[-99.233529,19.330823],[-99.233609,19.330827],[-99.233673,19.330832],[-99.233738,19.330841],[-99.233822,19.330846],[-99.233887,19.330841],[-99.233981,19.330832],[-99.234085,19.330831],[-99.234224,19.330831],[-99.234319,19.330826],[-99.234423,19.330836],[-99.234487,19.330836],[-99.234517,19.330836],[-99.234547,19.330826],[-99.234597,19.330812],[-99.234631,19.330793],[-99.234631,19.330779],[-99.234616,19.33077],[-99.234689,19.330765],[-99.234763,19.33076],[-99.234821,19.330756],[-99.234879,19.330751],[-99.234952,19.33074],[-99.235005,19.330736],[-99.23497,19.330761],[-99.235001,19.330773],[-99.234995,19.330802],[-99.234999,19.330822],[-99.235003,19.330845],[-99.235049,19.330845],[-99.235095,19.330841],[-99.23512,19.330837],[-99.23514,19.330829],[-99.23519,19.330829],[-99.235211,19.330845],[-99.235244,19.330857],[-99.235261,19.330853],[-99.235277,19.330833],[-99.235286,19.330817],[-99.235306,19.330794],[-99.235336,19.330782],[-99.235371,19.330772],[-99.235388,19.330796],[-99.235387,19.330831],[-99.235376,19.330836],[-99.235348,19.330852],[-99.235331,19.330868],[-99.235302,19.330884],[-99.235274,19.33089],[-99.235217,19.330917],[-99.235166,19.330928],[-99.235144,19.33096],[-99.235132,19.331008],[-99.235138,19.331051],[-99.235155,19.331084],[-99.235189,19.331127],[-99.235218,19.331143],[-99.23524,19.331153],[-99.235274,19.331186],[-99.235309,19.331207],[-99.235331,19.331218],[-99.235337,19.331245],[-99.235337,19.331272],[-99.23532,19.331293],[-99.235303,19.331298],[-99.23528,19.331293],[-99.235263,19.331256],[-99.235235,19.331261],[-99.235218,19.331266],[-99.235212,19.331288],[-99.235224,19.331315],[-99.235229,19.331336],[-99.235246,19.331347],[-99.235258,19.331368],[-99.235241,19.331379],[-99.235207,19.331363],[-99.235178,19.331352],[-99.235139,19.331347],[-99.235065,19.33132],[-99.235037,19.331315],[-99.234991,19.331294],[-99.234963,19.331288],[-99.23494,19.331272],[-99.234934,19.331256],[-99.234946,19.331218],[-99.234968,19.331208],[-99.234991,19.331175],[-99.235002,19.331159],[-99.234997,19.331121],[-99.23498,19.331084],[-99.23494,19.331068],[-99.234894,19.331068],[-99.234832,19.331068],[-99.234804,19.331052],[-99.234804,19.331036],[-99.234826,19.330998],[-99.234832,19.330971],[-99.234809,19.33096],[-99.234775,19.330966],[-99.23473,19.330982],[-99.234707,19.330998],[-99.234656,19.331014],[-99.2346,19.331031],[-99.234537,19.33102],[-99.234492,19.331015],[-99.23443,19.331009],[-99.23435,19.331015],[-99.234265,19.331009],[-99.234242,19.330993],[-99.23418,19.330993],[-99.234118,19.330988],[-99.234067,19.331004],[-99.234045,19.33102],[-99.234044,19.331021],[-99.234004,19.331047],[-99.233987,19.331069],[-99.233959,19.331091],[-99.233954,19.331117],[-99.233959,19.331139],[-99.233993,19.331155],[-99.234016,19.331166],[-99.234027,19.331198],[-99.233999,19.331236],[-99.233959,19.331241],[-99.23392,19.33123],[-99.23388,19.33123],[-99.23388,19.33122],[-99.233874,19.331198],[-99.23388,19.331177],[-99.233857,19.331161],[-99.23384,19.331139],[-99.23384,19.331118],[-99.233823,19.331101],[-99.233783,19.33108],[-99.233727,19.33108],[-99.233693,19.331091],[-99.23367,19.331107],[-99.233659,19.331118],[-99.233647,19.331134],[-99.233619,19.331145],[-99.233596,19.331156],[-99.233568,19.331166],[-99.233523,19.331156],[-99.233506,19.331145],[-99.233466,19.33115],[-99.233432,19.331177],[-99.233421,19.331193],[-99.233404,19.33122],[-99.233381,19.331258],[-99.233381,19.331274],[-99.233364,19.331306],[-99.233353,19.331333],[-99.233342,19.331355],[-99.233313,19.331371],[-99.233274,19.33136],[-99.233257,19.331344],[-99.23324,19.331323],[-99.233211,19.331317],[-99.233154,19.331334],[-99.233126,19.33136],[-99.233092,19.331387],[-99.233081,19.331398],[-99.233053,19.331398],[-99.233019,19.331387],[-99.23299,19.331366],[-99.232944,19.331367],[-99.232887,19.331389],[-99.232859,19.33141],[-99.232836,19.331459],[-99.232814,19.331502],[-99.232774,19.331518],[-99.232734,19.33154],[-99.232695,19.33154],[-99.232643,19.331534],[-99.232609,19.331513],[-99.23257,19.331524],[-99.232547,19.33155],[-99.232502,19.331556],[-99.232434,19.331556],[-99.232388,19.331556],[-99.232366,19.331551],[-99.23232,19.331535],[-99.232286,19.331529],[-99.232248,19.331536]]]]}},{"type":"Feature","properties":{"area":"La Loma","zona":"Zona de Uso Publico Intensivo","zona_k":"uso publico intensivo","ha":0.13},"geometry":{"type":"MultiPolygon","coordinates":[[[[-99.240505,19.328928],[-99.240497,19.328892],[-99.24048,19.328856],[-99.240483,19.328824],[-99.240522,19.328811],[-99.24056,19.328811],[-99.240593,19.328806],[-99.240626,19.328788],[-99.240631,19.32877],[-99.240636,19.328736],[-99.240654,19.328705],[-99.240669,19.328665],[-99.240669,19.328637],[-99.240687,19.32861],[-99.240717,19.328615],[-99.240766,19.328634],[-99.24078,19.328634],[-99.240805,19.32862],[-99.240824,19.328615],[-99.240854,19.32862],[-99.240878,19.328638],[-99.240937,19.328638],[-99.240952,19.328633],[-99.240981,19.328638],[-99.240974,19.32867],[-99.240949,19.328732],[-99.24093,19.328763],[-99.240912,19.328801],[-99.240887,19.328851],[-99.240871,19.328877],[-99.240854,19.328904],[-99.240836,19.328938],[-99.240813,19.328951],[-99.240787,19.328958],[-99.240722,19.328964],[-99.240644,19.328955],[-99.240586,19.328945],[-99.240505,19.328928]]]]}},{"type":"Feature","properties":{"area":"La Loma","zona":"Zona de Uso Especial","zona_k":"uso especial","ha":0.09},"geometry":{"type":"MultiPolygon","coordinates":[[[[-99.240076,19.328992],[-99.240101,19.328955],[-99.240149,19.328941],[-99.240218,19.328923],[-99.240282,19.328918],[-99.240326,19.328913],[-99.240341,19.328887],[-99.240413,19.328903],[-99.240455,19.328916],[-99.240505,19.328928],[-99.240586,19.328945],[-99.240644,19.328955],[-99.240722,19.328964],[-99.24068,19.328998],[-99.240597,19.32902],[-99.240556,19.329037],[-99.240479,19.329077],[-99.240425,19.329088],[-99.240396,19.329133],[-99.240352,19.329111],[-99.240295,19.329092],[-99.240246,19.329067],[-99.240184,19.329048],[-99.240129,19.329032],[-99.240078,19.329019],[-99.240076,19.328992]]]]}},{"type":"Feature","properties":{"area":"La Loma","zona":"Zona de Uso Público Extensivo","zona_k":"uso publico extensivo","ha":0.03},"geometry":{"type":"MultiPolygon","coordinates":[[[[-99.241088,19.328491],[-99.241079,19.32847],[-99.241048,19.328407],[-99.241044,19.328365],[-99.241044,19.328339],[-99.241048,19.32831],[-99.241039,19.328268],[-99.241026,19.32823],[-99.241005,19.32821],[-99.241003,19.328209],[-99.240972,19.328183],[-99.240946,19.328162],[-99.240945,19.328141],[-99.240962,19.328127],[-99.240977,19.328116],[-99.240999,19.328095],[-99.241026,19.328122],[-99.241039,19.328157],[-99.241059,19.328199],[-99.241068,19.328223],[-99.241085,19.328253],[-99.24109,19.328278],[-99.24109,19.328307],[-99.24109,19.328348],[-99.241103,19.328388],[-99.241125,19.328429],[-99.24113,19.328479],[-99.241124,19.328513],[-99.241088,19.328491]]]]}},{"type":"Feature","properties":{"area":"La Loma","zona":"Zona de Restauracion Ecologica","zona_k":"restauracion ecologica","ha":0.35},"geometry":{"type":"MultiPolygon","coordinates":[[[[-99.240341,19.328887],[-99.239758,19.328759],[-99.239635,19.328733],[-99.239678,19.328455],[-99.239709,19.328431],[-99.239759,19.32842],[-99.239803,19.32842],[-99.239846,19.328431],[-99.23989,19.328443],[-99.239946,19.328455],[-99.239983,19.328455],[-99.240021,19.328466],[-99.240052,19.328443],[-99.240052,19.328431],[-99.240083,19.328419],[-99.240089,19.328443],[-99.240077,19.328466],[-99.240083,19.328484],[-99.24012,19.328484],[-99.240182,19.328478],[-99.240232,19.328472],[-99.240245,19.32846],[-99.240232,19.328431],[-99.240273,19.328439],[-99.240294,19.328446],[-99.240333,19.328456],[-99.240359,19.328465],[-99.240394,19.328472],[-99.240531,19.328489],[-99.240506,19.328576],[-99.240413,19.328903],[-99.240341,19.328887]]]]}},{"type":"Feature","properties":{"area":"La Loma","zona":"Zona de Restauracion Ecologica","zona_k":"restauracion ecologica","ha":0.05},"geometry":{"type":"MultiPolygon","coordinates":[[[[-99.240413,19.328903],[-99.240506,19.328576],[-99.240545,19.328597],[-99.240575,19.328601],[-99.240599,19.328583],[-99.240619,19.328592],[-99.240643,19.328601],[-99.240687,19.32861],[-99.240669,19.328637],[-99.240669,19.328665],[-99.240654,19.328705],[-99.240636,19.328736],[-99.240631,19.32877],[-99.240626,19.328788],[-99.240593,19.328806],[-99.24056,19.328811],[-99.240522,19.328811],[-99.240483,19.328824],[-99.24048,19.328856],[-99.240497,19.328892],[-99.240505,19.328928],[-99.240455,19.328916],[-99.240413,19.328903]]]]}},{"type":"Feature","properties":{"area":"La Loma","zona":"Zona de Uso Público Extensivo","zona_k":"uso publico extensivo","ha":0.08},"geometry":{"type":"MultiPolygon","coordinates":[[[[-99.242966,19.328268],[-99.24282,19.328202],[-99.242622,19.328197],[-99.24262,19.328197],[-99.242616,19.328196],[-99.242501,19.328155],[-99.242497,19.328154],[-99.242442,19.328147],[-99.242242,19.328121],[-99.242241,19.328121],[-99.242239,19.328121],[-99.242017,19.32806],[-99.241731,19.328118],[-99.241602,19.328157],[-99.241599,19.328157],[-99.241597,19.328157],[-99.241594,19.328157],[-99.241509,19.32815],[-99.241508,19.32815],[-99.241404,19.328135],[-99.241263,19.328186],[-99.241249,19.328155],[-99.241248,19.328153],[-99.241248,19.328153],[-99.241395,19.3281],[-99.241398,19.328099],[-99.241401,19.328098],[-99.241404,19.328099],[-99.241513,19.328114],[-99.241594,19.328121],[-99.24172,19.328083],[-99.241722,19.328083],[-99.242013,19.328024],[-99.242016,19.328023],[-99.242019,19.328023],[-99.242023,19.328024],[-99.242248,19.328085],[-99.242504,19.328118],[-99.242505,19.328119],[-99.242508,19.328119],[-99.242626,19.328161],[-99.242825,19.328166],[-99.242828,19.328166],[-99.24283,19.328167],[-99.242833,19.328167],[-99.242998,19.328243],[-99.243059,19.328271],[-99.243185,19.328247],[-99.243195,19.328266],[-99.243185,19.328284],[-99.24306,19.328307],[-99.243057,19.328308],[-99.243054,19.328308],[-99.243051,19.328307],[-99.243049,19.328306],[-99.242966,19.328268]]]]}},{"type":"Feature","properties":{"area":"La Loma","zona":"Zona de Uso Publico Intensivo","zona_k":"uso publico intensivo","ha":0.0},"geometry":{"type":"MultiPolygon","coordinates":[[[[-99.242383,19.329152],[-99.242267,19.329396],[-99.242266,19.329396],[-99.242383,19.329152]]]]}},{"type":"Feature","properties":{"area":"La Loma","zona":"Zona de Restauracion Ecologica","zona_k":"restauracion ecologica","ha":0.0},"geometry":{"type":"MultiPolygon","coordinates":[[[[-99.242383,19.329152],[-99.242267,19.329396],[-99.242266,19.329396],[-99.242383,19.329152]]]]}}]}