{"type":"FeatureCollection","features":[{"type":"Feature","properties":{"area":"Sierra de Guadalupe (local)","zona":"Restauración Ecológica","zona_k":"restauracion ecologica","ha":50.42},"geometry":{"type":"MultiPolygon","coordinates":[[[[-99.124509,19.580056],[-99.114899,19.580074],[-99.114899,19.580074],[-99.114787,19.580074],[-99.11311,19.574052],[-99.112258,19.570989],[-99.115055,19.573077],[-99.116945,19.574488],[-99.11808,19.575334],[-99.120507,19.577172],[-99.122645,19.578768],[-99.124509,19.580056]]]]}},{"type":"Feature","properties":{"area":"Sierra de Guadalupe (local)","zona":"Protección con Uso Restringido","zona_k":"proteccion con uso restringido","ha":131.45},"geometry":{"type":"MultiPolygon","coordinates":[[[[-99.108442,19.565086],[-99.112325,19.56162],[-99.11615,19.556913],[-99.11601,19.554205],[-99.118699,19.552517],[-99.119618,19.551069],[-99.119847,19.551028],[-99.119921,19.55111],[-99.119927,19.551191],[-99.119927,19.551261],[-99.120023,19.551238],[-99.120023,19.55118],[-99.120063,19.551125],[-99.120182,19.551125],[-99.120239,19.551094],[-99.120296,19.550935],[-99.120387,19.550764],[-99.120472,19.550861],[-99.120512,19.550935],[-99.120592,19.550883],[-99.12058,19.550802],[-99.12066,19.550763],[-99.120705,19.550845],[-99.120813,19.550849],[-99.120853,19.550915],[-99.120864,19.550989],[-99.120876,19.551066],[-99.12091,19.551141],[-99.120847,19.551233],[-99.12087,19.551308],[-99.120933,19.551281],[-99.121018,19.551222],[-99.121052,19.551172],[-99.121006,19.55112],[-99.120961,19.551066],[-99.120995,19.550985],[-99.120995,19.550903],[-99.120989,19.550833],[-99.121091,19.55084],[-99.121342,19.55084],[-99.12141,19.550758],[-99.121501,19.550743],[-99.121614,19.550724],[-99.121739,19.55065],[-99.121779,19.550559],[-99.121813,19.550412],[-99.121915,19.550408],[-99.122086,19.550455],[-99.122171,19.550498],[-99.122234,19.550554],[-99.122287,19.550488],[-99.12229,19.550444],[-99.122432,19.550462],[-99.122523,19.550462],[-99.122597,19.550471],[-99.122717,19.550471],[-99.122859,19.550443],[-99.12302,19.550424],[-99.123041,19.550407],[-99.123026,19.550454],[-99.123143,19.550481],[-99.12323,19.550504],[-99.123226,19.550519],[-99.123215,19.550535],[-99.123143,19.550639],[-99.123154,19.550707],[-99.123158,19.550714],[-99.123177,19.550725],[-99.123156,19.550793],[-99.123472,19.550901],[-99.123473,19.551023],[-99.12344,19.551175],[-99.123263,19.551132],[-99.123094,19.551624],[-99.123073,19.551731],[-99.123069,19.551771],[-99.123059,19.551832],[-99.123053,19.551853],[-99.123028,19.551891],[-99.123064,19.551909],[-99.123034,19.551952],[-99.123396,19.552096],[-99.123464,19.552017],[-99.12353,19.551879],[-99.123641,19.551924],[-99.123639,19.551936],[-99.123812,19.552015],[-99.124349,19.552233],[-99.124115,19.552615],[-99.12405,19.552658],[-99.123942,19.552726],[-99.123859,19.55279],[-99.123808,19.552826],[-99.123743,19.55286],[-99.123629,19.552928],[-99.123479,19.553038],[-99.123409,19.553097],[-99.123332,19.553179],[-99.123128,19.553382],[-99.123114,19.55342],[-99.122948,19.553809],[-99.122929,19.553861],[-99.122843,19.554182],[-99.122871,19.554338],[-99.122962,19.554539],[-99.123061,19.55488],[-99.123154,19.554954],[-99.12321,19.555099],[-99.123151,19.55523],[-99.123113,19.555289],[-99.123071,19.555607],[-99.123022,19.555815],[-99.122981,19.555847],[-99.122896,19.556179],[-99.122893,19.556197],[-99.1229,19.556396],[-99.122938,19.556599],[-99.122989,19.556773],[-99.122942,19.556778],[-99.122934,19.55688],[-99.122921,19.556977],[-99.122777,19.557388],[-99.122837,19.557496],[-99.122689,19.5577],[-99.122674,19.557693],[-99.122613,19.557768],[-99.122588,19.557815],[-99.122568,19.557842],[-99.122506,19.55791],[-99.122432,19.557989],[-99.122419,19.55801],[-99.122406,19.558043],[-99.122398,19.558073],[-99.122401,19.5581],[-99.122414,19.558152],[-99.122448,19.558235],[-99.122465,19.558296],[-99.122519,19.558339],[-99.122564,19.55838],[-99.122629,19.558434],[-99.122666,19.558461],[-99.122753,19.558515],[-99.122911,19.558619],[-99.122976,19.558542],[-99.122991,19.558517],[-99.123005,19.558495],[-99.123219,19.558239],[-99.123442,19.558422],[-99.123487,19.558454],[-99.123595,19.558488],[-99.123709,19.558537],[-99.12383,19.558393],[-99.123958,19.55846],[-99.123763,19.55872],[-99.123716,19.558944],[-99.123688,19.559059],[-99.123373,19.559471],[-99.123334,19.559568],[-99.123158,19.5596],[-99.122948,19.559891],[-99.122904,19.560038],[-99.122806,19.56016],[-99.122417,19.560355],[-99.122093,19.560712],[-99.122562,19.561193],[-99.12239,19.561414],[-99.122368,19.561595],[-99.122238,19.561792],[-99.121848,19.5616],[-99.121753,19.561754],[-99.121333,19.561503],[-99.121086,19.562039],[-99.121241,19.562154],[-99.121266,19.562158],[-99.121529,19.562321],[-99.121573,19.56238],[-99.121756,19.562305],[-99.12155,19.562596],[-99.121519,19.562585],[-99.121413,19.562728],[-99.121407,19.562784],[-99.121176,19.563098],[-99.121377,19.563344],[-99.121573,19.56345],[-99.121746,19.563534],[-99.121762,19.563543],[-99.121843,19.563559],[-99.122198,19.563619],[-99.122317,19.563744],[-99.122319,19.563805],[-99.122384,19.563834],[-99.122573,19.563945],[-99.122564,19.56396],[-99.122747,19.563983],[-99.122758,19.56399],[-99.123271,19.563763],[-99.123388,19.563725],[-99.123795,19.56358],[-99.123795,19.563535],[-99.1239,19.563532],[-99.124333,19.563672],[-99.124505,19.563679],[-99.124635,19.563663],[-99.125024,19.563769],[-99.125029,19.563796],[-99.125053,19.564017],[-99.125534,19.564103],[-99.125693,19.564076],[-99.125832,19.564012],[-99.125903,19.564015],[-99.125733,19.56434],[-99.12567,19.564449],[-99.125649,19.564486],[-99.125591,19.56449],[-99.125515,19.56439],[-99.125391,19.56439],[-99.125293,19.564474],[-99.12516,19.564415],[-99.125115,19.564332],[-99.125017,19.564298],[-99.124902,19.564298],[-99.124751,19.564305],[-99.124751,19.564382],[-99.124662,19.56445],[-99.124574,19.564416],[-99.12444,19.564441],[-99.124396,19.564533],[-99.124333,19.564534],[-99.124316,19.564534],[-99.124281,19.564484],[-99.124289,19.564416],[-99.124325,19.564323],[-99.124325,19.564256],[-99.124307,19.564179],[-99.124245,19.564113],[-99.1242,19.564055],[-99.124103,19.564055],[-99.124023,19.564062],[-99.123908,19.56412],[-99.123783,19.56412],[-99.12365,19.564087],[-99.123526,19.564071],[-99.123313,19.564087],[-99.123126,19.56418],[-99.122975,19.564189],[-99.122877,19.564189],[-99.12278,19.564214],[-99.122646,19.564223],[-99.12246,19.564248],[-99.122371,19.564214],[-99.122185,19.564189],[-99.122078,19.56418],[-99.121927,19.564165],[-99.121785,19.564165],[-99.121678,19.564156],[-99.121545,19.564156],[-99.121483,19.564199],[-99.121341,19.564199],[-99.121243,19.564122],[-99.121164,19.563989],[-99.121048,19.563912],[-99.120906,19.563912],[-99.120728,19.563838],[-99.120568,19.563804],[-99.120408,19.563795],[-99.120222,19.563795],[-99.120044,19.563813],[-99.119849,19.563814],[-99.119689,19.563839],[-99.119592,19.563913],[-99.119441,19.563947],[-99.119334,19.563965],[-99.119112,19.564117],[-99.118961,19.56425],[-99.118748,19.564402],[-99.118677,19.564454],[-99.118544,19.564562],[-99.118438,19.564689],[-99.118243,19.564849],[-99.118145,19.564917],[-99.118038,19.564933],[-99.117967,19.565042],[-99.117843,19.565109],[-99.117657,19.565143],[-99.117595,19.565227],[-99.117595,19.565304],[-99.117595,19.565406],[-99.117515,19.56544],[-99.117399,19.565422],[-99.117275,19.565347],[-99.11722,19.565327],[-99.117115,19.565288],[-99.116929,19.565221],[-99.116778,19.565221],[-99.116636,19.565228],[-99.116494,19.565339],[-99.116334,19.565364],[-99.116316,19.565499],[-99.11629,19.565583],[-99.11621,19.565651],[-99.116121,19.565651],[-99.116023,19.565626],[-99.11589,19.565626],[-99.115739,19.565626],[-99.115668,19.56571],[-99.115579,19.56575],[-99.115481,19.56571],[-99.115357,19.565599],[-99.115277,19.565491],[-99.115153,19.565482],[-99.114993,19.565491],[-99.114851,19.5655],[-99.114676,19.565567],[-99.114564,19.565448],[-99.11444,19.56524],[-99.114237,19.565089],[-99.11407,19.564924],[-99.113955,19.564841],[-99.113806,19.564816],[-99.113621,19.564857],[-99.1134,19.564898],[-99.113145,19.564932],[-99.112947,19.564956],[-99.112872,19.564966],[-99.112833,19.565025],[-99.112779,19.565059],[-99.1127,19.565151],[-99.112646,19.565192],[-99.112424,19.565226],[-99.11222,19.56526],[-99.112078,19.565337],[-99.111874,19.565337],[-99.111696,19.565244],[-99.111572,19.565177],[-99.111483,19.565211],[-99.11135,19.565254],[-99.111253,19.565184],[-99.111199,19.565143],[-99.111083,19.56506],[-99.110941,19.564992],[-99.110719,19.564933],[-99.110577,19.564924],[-99.110462,19.564918],[-99.110355,19.564825],[-99.110248,19.564674],[-99.110123,19.564602],[-99.110044,19.564554],[-99.10992,19.564606],[-99.109893,19.564748],[-99.110009,19.564875],[-99.110124,19.564909],[-99.110186,19.565026],[-99.110186,19.565144],[-99.110089,19.56527],[-99.110009,19.565347],[-99.109894,19.565557],[-99.109876,19.565743],[-99.109876,19.56586],[-99.109858,19.565987],[-99.10977,19.566106],[-99.109627,19.565903],[-99.109489,19.56575],[-99.109422,19.565652],[-99.109382,19.565488],[-99.109331,19.56563],[-99.109418,19.56577],[-99.109467,19.565824],[-99.109502,19.56598],[-99.109559,19.566102],[-99.109602,19.566235],[-99.109602,19.566383],[-99.108442,19.565086]],[[-99.118588,19.56016],[-99.118714,19.560184],[-99.11884,19.560242],[-99.118921,19.560285],[-99.119022,19.560366],[-99.119058,19.560404],[-99.119139,19.560373],[-99.119167,19.560306],[-99.11916,19.560213],[-99.119167,19.560157],[-99.119107,19.56013],[-99.119059,19.560085],[-99.118984,19.56004],[-99.118946,19.560073],[-99.118902,19.560079],[-99.11888,19.560007],[-99.118892,19.559939],[-99.118927,19.559885],[-99.119006,19.559801],[-99.119056,19.559738],[-99.119128,19.559681],[-99.119166,19.559652],[-99.119128,19.559574],[-99.119112,19.559505],[-99.119065,19.559422],[-99.119109,19.559353],[-99.119106,19.559272],[-99.119065,19.559227],[-99.118986,19.559215],[-99.11892,19.559168],[-99.118841,19.559117],[-99.118769,19.559102],[-99.118696,19.559057],[-99.118601,19.559075],[-99.1185,19.559051],[-99.118308,19.558974],[-99.118245,19.558938],[-99.118194,19.558857],[-99.118116,19.558741],[-99.118049,19.558654],[-99.117952,19.558606],[-99.117854,19.558594],[-99.117687,19.558565],[-99.117551,19.558633],[-99.117476,19.55872],[-99.117413,19.55884],[-99.117346,19.558944],[-99.117249,19.559025],[-99.117153,19.559082],[-99.117009,19.55914],[-99.116941,19.55919],[-99.116863,19.559223],[-99.116772,19.559281],[-99.116692,19.559367],[-99.116699,19.559419],[-99.116775,19.55946],[-99.11683,19.559505],[-99.116871,19.559563],[-99.116924,19.559577],[-99.116984,19.559517],[-99.117025,19.55945],[-99.11706,19.559398],[-99.117186,19.559343],[-99.117289,19.55934],[-99.117352,19.559366],[-99.117398,19.559397],[-99.117441,19.559419],[-99.117534,19.55945],[-99.117615,19.559502],[-99.117675,19.55955],[-99.117686,19.559634],[-99.117698,19.559674],[-99.117726,19.559717],[-99.117776,19.559741],[-99.117842,19.559746],[-99.118008,19.559826],[-99.118119,19.55995],[-99.11822,19.559998],[-99.118295,19.560046],[-99.118416,19.560074],[-99.118507,19.560127],[-99.118588,19.56016]]]]}},{"type":"Feature","properties":{"area":"Sierra de Guadalupe (local)","zona":"Protección con Uso Restringido","zona_k":"proteccion con uso restringido","ha":4.98},"geometry":{"type":"MultiPolygon","coordinates":[[[[-99.131655,19.578436],[-99.131654,19.578404],[-99.13176,19.578397],[-99.131939,19.578406],[-99.131949,19.578354],[-99.13196,19.578309],[-99.132057,19.578036],[-99.132438,19.578252],[-99.132496,19.578282],[-99.132585,19.578137],[-99.132519,19.578072],[-99.132439,19.577993],[-99.132551,19.57792],[-99.132902,19.577857],[-99.132997,19.577852],[-99.133027,19.577843],[-99.133136,19.577816],[-99.133146,19.577906],[-99.1332,19.577985],[-99.13313,19.578042],[-99.133155,19.578103],[-99.133204,19.578211],[-99.133241,19.578211],[-99.133296,19.578204],[-99.133353,19.578193],[-99.133463,19.578166],[-99.133473,19.578159],[-99.13352,19.578136],[-99.133663,19.578172],[-99.133637,19.578242],[-99.134039,19.578274],[-99.134142,19.57836],[-99.134178,19.578364],[-99.134157,19.578428],[-99.134145,19.578508],[-99.134167,19.57861],[-99.134214,19.578703],[-99.134274,19.578774],[-99.134375,19.578876],[-99.134432,19.578939],[-99.134448,19.578961],[-99.134483,19.579157],[-99.134475,19.579306],[-99.13457,19.579539],[-99.134611,19.579629],[-99.132312,19.579558],[-99.132159,19.579553],[-99.132143,19.579553],[-99.131186,19.579523],[-99.131005,19.579516],[-99.131021,19.579496],[-99.131072,19.579446],[-99.131096,19.57941],[-99.131126,19.579358],[-99.131152,19.579308],[-99.131179,19.579265],[-99.131233,19.579175],[-99.131322,19.579168],[-99.131302,19.579078],[-99.131291,19.579028],[-99.131285,19.578988],[-99.131253,19.578786],[-99.131257,19.578759],[-99.131318,19.578558],[-99.131347,19.57849],[-99.131375,19.578463],[-99.131444,19.57845],[-99.131655,19.578436]]]]}},{"type":"Feature","properties":{"area":"Sierra de Guadalupe (local)","zona":"Restauración Ecológica","zona_k":"restauracion ecologica","ha":2.69},"geometry":{"type":"MultiPolygon","coordinates":[[[[-99.137913,19.570585],[-99.138018,19.570472],[-99.138969,19.56957],[-99.139388,19.569585],[-99.139595,19.569583],[-99.140109,19.569173],[-99.140223,19.569015],[-99.140237,19.568997],[-99.140252,19.568979],[-99.140276,19.568954],[-99.140307,19.56892],[-99.140351,19.568884],[-99.140369,19.568868],[-99.140412,19.568841],[-99.140645,19.568717],[-99.14118,19.568434],[-99.141562,19.568619],[-99.141607,19.568607],[-99.141731,19.568578],[-99.141925,19.568329],[-99.142157,19.567983],[-99.142184,19.567972],[-99.142235,19.567952],[-99.14255,19.56804],[-99.142597,19.568049],[-99.142609,19.568044],[-99.142663,19.568089],[-99.141674,19.568808],[-99.141628,19.568829],[-99.139898,19.569768],[-99.138831,19.570647],[-99.138715,19.57061],[-99.138568,19.570526],[-99.138509,19.570472],[-99.138333,19.570492],[-99.138223,19.570576],[-99.138135,19.570576],[-99.13801,19.570617],[-99.137913,19.570585]]]]}},{"type":"Feature","properties":{"area":"Sierra de Guadalupe (local)","zona":"Protección con Uso Restringido","zona_k":"proteccion con uso restringido","ha":18.49},"geometry":{"type":"MultiPolygon","coordinates":[[[[-99.148656,19.56055],[-99.148614,19.56048],[-99.148529,19.560342],[-99.149436,19.559939],[-99.149281,19.559767],[-99.14943,19.559634],[-99.150011,19.559114],[-99.150204,19.55889],[-99.150272,19.5588],[-99.150365,19.558729],[-99.150527,19.558567],[-99.150584,19.558512],[-99.150658,19.558456],[-99.151002,19.55823],[-99.151067,19.558273],[-99.151217,19.558094],[-99.152475,19.558789],[-99.152777,19.558287],[-99.152848,19.558172],[-99.152916,19.558054],[-99.153024,19.557871],[-99.153217,19.557545],[-99.153221,19.557541],[-99.153569,19.557037],[-99.15361,19.556974],[-99.153644,19.55691],[-99.153655,19.556881],[-99.154139,19.556194],[-99.154542,19.55639],[-99.154617,19.556351],[-99.15473,19.556157],[-99.155015,19.556372],[-99.155131,19.556449],[-99.155212,19.556487],[-99.155322,19.556577],[-99.155526,19.556647],[-99.155669,19.556647],[-99.155825,19.556706],[-99.155961,19.556816],[-99.156111,19.556879],[-99.156254,19.556868],[-99.15639,19.556879],[-99.156411,19.556958],[-99.156445,19.557118],[-99.156534,19.557234],[-99.156534,19.557331],[-99.156534,19.557428],[-99.156507,19.557539],[-99.156371,19.557724],[-99.156303,19.557848],[-99.156228,19.557894],[-99.156146,19.557873],[-99.15601,19.55777],[-99.155928,19.557584],[-99.155874,19.557519],[-99.155765,19.557505],[-99.155663,19.557481],[-99.15554,19.557415],[-99.15556,19.557248],[-99.155526,19.557144],[-99.155431,19.557137],[-99.155268,19.557119],[-99.155193,19.557074],[-99.15507,19.557054],[-99.15494,19.556874],[-99.154839,19.556835],[-99.154777,19.556835],[-99.154743,19.556946],[-99.154818,19.557029],[-99.154886,19.557093],[-99.15492,19.557165],[-99.154941,19.557228],[-99.15505,19.557359],[-99.155091,19.557449],[-99.155091,19.557526],[-99.155105,19.557603],[-99.155234,19.557669],[-99.155411,19.557842],[-99.155432,19.557958],[-99.155479,19.558093],[-99.155486,19.558211],[-99.1555,19.558312],[-99.1555,19.558455],[-99.155473,19.558552],[-99.155385,19.558791],[-99.155317,19.558927],[-99.155249,19.559035],[-99.155133,19.559139],[-99.155072,19.559164],[-99.154997,19.559164],[-99.154916,19.559119],[-99.154806,19.559119],[-99.154752,19.559095],[-99.154629,19.559063],[-99.154493,19.559063],[-99.154391,19.559081],[-99.154269,19.55905],[-99.154119,19.558946],[-99.15403,19.558876],[-99.15399,19.558792],[-99.153935,19.558702],[-99.153867,19.55865],[-99.153806,19.558605],[-99.153635,19.558533],[-99.153574,19.558463],[-99.153567,19.558386],[-99.153526,19.558327],[-99.153374,19.558332],[-99.153374,19.558436],[-99.153418,19.558522],[-99.153489,19.558626],[-99.153582,19.558714],[-99.153658,19.558786],[-99.153734,19.558869],[-99.153778,19.558991],[-99.153805,19.559122],[-99.153805,19.559251],[-99.153795,19.559369],[-99.153664,19.559509],[-99.153566,19.55957],[-99.153506,19.559606],[-99.153381,19.559606],[-99.15331,19.559606],[-99.153196,19.559597],[-99.153114,19.559597],[-99.152994,19.559586],[-99.152869,19.559534],[-99.152787,19.559474],[-99.152727,19.559397],[-99.152678,19.559324],[-99.152667,19.559257],[-99.15258,19.559173],[-99.152499,19.559196],[-99.152499,19.559252],[-99.152515,19.559338],[-99.152586,19.559474],[-99.152629,19.559535],[-99.152657,19.559607],[-99.152679,19.559679],[-99.152728,19.559815],[-99.152728,19.559907],[-99.152712,19.560005],[-99.152668,19.560108],[-99.152592,19.56017],[-99.152521,19.560285],[-99.152396,19.560305],[-99.152282,19.560305],[-99.152146,19.560305],[-99.152014,19.56031],[-99.15195,19.560387],[-99.151922,19.560439],[-99.151922,19.560511],[-99.152048,19.560604],[-99.15214,19.560615],[-99.152266,19.560567],[-99.152407,19.560527],[-99.15257,19.560454],[-99.152668,19.560443],[-99.152783,19.560443],[-99.152919,19.560501],[-99.152935,19.560583],[-99.152924,19.560675],[-99.152897,19.560763],[-99.15287,19.560847],[-99.152783,19.560996],[-99.15274,19.5611],[-99.15268,19.561202],[-99.152637,19.561258],[-99.152576,19.561357],[-99.152381,19.561371],[-99.152067,19.561197],[-99.151206,19.560717],[-99.149005,19.562427],[-99.149004,19.562393],[-99.148985,19.562393],[-99.148985,19.562375],[-99.148985,19.562357],[-99.149004,19.562357],[-99.149004,19.562339],[-99.149004,19.562321],[-99.149004,19.562303],[-99.149004,19.562284],[-99.149004,19.562266],[-99.149004,19.562248],[-99.149023,19.562248],[-99.149023,19.56223],[-99.149023,19.562212],[-99.149023,19.562194],[-99.149023,19.562176],[-99.149023,19.562158],[-99.149023,19.56214],[-99.149023,19.562122],[-99.149023,19.562104],[-99.149023,19.562086],[-99.149023,19.562068],[-99.149023,19.562049],[-99.149023,19.562031],[-99.149023,19.562013],[-99.149023,19.561995],[-99.149023,19.561977],[-99.149023,19.561959],[-99.149023,19.561941],[-99.149023,19.561923],[-99.149023,19.561905],[-99.149023,19.561887],[-99.149023,19.561869],[-99.149023,19.561851],[-99.149023,19.561833],[-99.149042,19.561833],[-99.149042,19.561814],[-99.149042,19.561796],[-99.149042,19.561778],[-99.149061,19.561778],[-99.149061,19.56176],[-99.149061,19.561742],[-99.149061,19.561724],[-99.14908,19.561724],[-99.14908,19.561706],[-99.14908,19.561688],[-99.14908,19.56167],[-99.149099,19.56167],[-99.149099,19.561652],[-99.149099,19.561634],[-99.149099,19.561616],[-99.149118,19.561616],[-99.149118,19.561598],[-99.149118,19.561579],[-99.149137,19.561579],[-99.149137,19.561561],[-99.149137,19.561543],[-99.149156,19.561543],[-99.149156,19.561525],[-99.149156,19.561507],[-99.149156,19.561489],[-99.149175,19.561489],[-99.149175,19.561471],[-99.149175,19.561453],[-99.149156,19.561453],[-99.149156,19.561435],[-99.149156,19.561417],[-99.149156,19.561399],[-99.149137,19.561399],[-99.149137,19.561381],[-99.149137,19.561363],[-99.149118,19.561363],[-99.149118,19.561345],[-99.149118,19.561326],[-99.149099,19.561326],[-99.149099,19.561308],[-99.149099,19.56129],[-99.149099,19.561272],[-99.14908,19.561272],[-99.14908,19.561254],[-99.14908,19.561236],[-99.14908,19.561218],[-99.14906,19.561218],[-99.14906,19.5612],[-99.14906,19.561182],[-99.14906,19.561164],[-99.14906,19.561146],[-99.14906,19.561128],[-99.149079,19.561128],[-99.149079,19.56111],[-99.149099,19.56111],[-99.149099,19.561091],[-99.149118,19.561091],[-99.149118,19.561073],[-99.149137,19.561073],[-99.149137,19.561055],[-99.149156,19.561055],[-99.149156,19.561037],[-99.149175,19.561037],[-99.149175,19.561019],[-99.149175,19.561001],[-99.149194,19.561001],[-99.149194,19.560983],[-99.149213,19.560983],[-99.149213,19.560965],[-99.149232,19.560965],[-99.149232,19.560947],[-99.149232,19.560929],[-99.149251,19.560929],[-99.149251,19.560911],[-99.14927,19.560911],[-99.14927,19.560893],[-99.149289,19.560893],[-99.149289,19.560874],[-99.149308,19.560874],[-99.149308,19.560856],[-99.149308,19.560838],[-99.149327,19.560838],[-99.149327,19.56082],[-99.149346,19.56082],[-99.149346,19.560802],[-99.149365,19.560802],[-99.149365,19.560784],[-99.149384,19.560784],[-99.149384,19.560766],[-99.149384,19.560748],[-99.149403,19.560748],[-99.149403,19.56073],[-99.149422,19.56073],[-99.149422,19.560712],[-99.149441,19.560712],[-99.149441,19.560694],[-99.14946,19.560694],[-99.14946,19.560675],[-99.14946,19.560657],[-99.149479,19.560657],[-99.149479,19.560639],[-99.149499,19.560639],[-99.149498,19.560621],[-99.149518,19.560621],[-99.149518,19.560603],[-99.149537,19.560603],[-99.149537,19.560585],[-99.149537,19.560567],[-99.149556,19.560567],[-99.149556,19.560549],[-99.149575,19.560549],[-99.149575,19.560531],[-99.149594,19.560531],[-99.149594,19.560513],[-99.149594,19.560495],[-99.149613,19.560495],[-99.149613,19.560477],[-99.149632,19.560477],[-99.149632,19.560458],[-99.149632,19.56044],[-99.149651,19.56044],[-99.149651,19.560422],[-99.149651,19.560404],[-99.149651,19.560386],[-99.14967,19.560386],[-99.14967,19.560368],[-99.14967,19.56035],[-99.14967,19.560332],[-99.14967,19.560314],[-99.149689,19.560314],[-99.149689,19.560296],[-99.149689,19.560278],[-99.149689,19.56026],[-99.149689,19.560241],[-99.149689,19.560223],[-99.149708,19.560223],[-99.149708,19.560205],[-99.149708,19.560187],[-99.149708,19.560169],[-99.149708,19.560151],[-99.149708,19.560133],[-99.149727,19.560133],[-99.149727,19.560115],[-99.149727,19.560097],[-99.149727,19.560079],[-99.149727,19.560061],[-99.149708,19.560061],[-99.149708,19.560043],[-99.149708,19.560025],[-99.149689,19.560025],[-99.149689,19.560007],[-99.149689,19.559988],[-99.14967,19.559988],[-99.149669,19.55997],[-99.14965,19.55997],[-99.14965,19.559952],[-99.149631,19.559952],[-99.149612,19.559952],[-99.149612,19.559934],[-99.149593,19.559934],[-99.149574,19.559934],[-99.149574,19.559952],[-99.149555,19.559952],[-99.149555,19.55997],[-99.149536,19.559971],[-99.149536,19.559989],[-99.149517,19.559989],[-99.149517,19.560007],[-99.149498,19.560007],[-99.149498,19.560025],[-99.149498,19.560043],[-99.149479,19.560043],[-99.149479,19.560061],[-99.14946,19.560061],[-99.14946,19.560079],[-99.14946,19.560097],[-99.149441,19.560097],[-99.149441,19.560115],[-99.149422,19.560115],[-99.149422,19.560133],[-99.149422,19.560151],[-99.149403,19.560151],[-99.149403,19.560169],[-99.149384,19.560169],[-99.149384,19.560188],[-99.149384,19.560206],[-99.149365,19.560206],[-99.149365,19.560224],[-99.149346,19.560224],[-99.149346,19.560242],[-99.149346,19.56026],[-99.149327,19.56026],[-99.149327,19.560278],[-99.149308,19.560278],[-99.149308,19.560296],[-99.149308,19.560314],[-99.149288,19.560314],[-99.149288,19.560332],[-99.149269,19.560332],[-99.149269,19.56035],[-99.14925,19.56035],[-99.14925,19.560368],[-99.149231,19.560368],[-99.149231,19.560386],[-99.149212,19.560386],[-99.149212,19.560405],[-99.149193,19.560405],[-99.149174,19.560405],[-99.149155,19.560405],[-99.149155,19.560423],[-99.149136,19.560423],[-99.149117,19.560423],[-99.149098,19.560423],[-99.149098,19.560441],[-99.149079,19.560441],[-99.14906,19.560441],[-99.149041,19.560441],[-99.149041,19.560459],[-99.149022,19.560459],[-99.149003,19.560459],[-99.148984,19.560459],[-99.148964,19.560459],[-99.148964,19.560477],[-99.148945,19.560477],[-99.148926,19.560477],[-99.148907,19.560477],[-99.148907,19.560495],[-99.148888,19.560495],[-99.148869,19.560495],[-99.14885,19.560495],[-99.14885,19.560513],[-99.148831,19.560513],[-99.148812,19.560513],[-99.148793,19.560513],[-99.148774,19.560513],[-99.148774,19.560531],[-99.148755,19.560531],[-99.148736,19.560531],[-99.148717,19.560531],[-99.148717,19.56055],[-99.148698,19.56055],[-99.148679,19.56055],[-99.148659,19.56055],[-99.148656,19.56055]]]]}},{"type":"Feature","properties":{"area":"Sierra de Guadalupe (local)","zona":"Restauración Ecológica","zona_k":"restauracion ecologica","ha":19.36},"geometry":{"type":"MultiPolygon","coordinates":[[[[-99.127214,19.540258],[-99.1273,19.540237],[-99.127522,19.540122],[-99.127693,19.540131],[-99.127905,19.540179],[-99.128117,19.540341],[-99.128339,19.540485],[-99.128531,19.540513],[-99.128864,19.540427],[-99.128995,19.540274],[-99.129146,19.539987],[-99.129166,19.5397],[-99.129156,19.53947],[-99.128974,19.539317],[-99.128832,19.538944],[-99.128893,19.538629],[-99.128993,19.538476],[-99.129064,19.538275],[-99.129235,19.537997],[-99.129406,19.537873],[-99.129669,19.537873],[-99.129921,19.537949],[-99.130244,19.537882],[-99.130466,19.537757],[-99.130657,19.537575],[-99.130849,19.537288],[-99.131,19.53702],[-99.13121,19.536872],[-99.134463,19.538564],[-99.134411,19.538594],[-99.134203,19.538707],[-99.134097,19.538771],[-99.13401,19.538805],[-99.133935,19.538854],[-99.133863,19.538943],[-99.13378,19.539047],[-99.133723,19.539105],[-99.133647,19.53916],[-99.133538,19.539191],[-99.133474,19.539185],[-99.133413,19.539144],[-99.133371,19.539094],[-99.133326,19.539047],[-99.133258,19.539031],[-99.133163,19.539027],[-99.133016,19.539117],[-99.132717,19.539319],[-99.13252,19.539495],[-99.132433,19.539563],[-99.132362,19.539603],[-99.132278,19.539604],[-99.132154,19.539561],[-99.132055,19.539482],[-99.131983,19.539439],[-99.131915,19.539423],[-99.131858,19.539362],[-99.131786,19.53931],[-99.131718,19.53931],[-99.131643,19.539353],[-99.13159,19.53943],[-99.131537,19.539518],[-99.131458,19.53962],[-99.131382,19.539713],[-99.131284,19.539817],[-99.131219,19.539914],[-99.131166,19.539982],[-99.131045,19.540088],[-99.131053,19.540162],[-99.13111,19.540223],[-99.131106,19.540321],[-99.131091,19.540375],[-99.131163,19.540461],[-99.131186,19.540515],[-99.131125,19.540607],[-99.131065,19.540662],[-99.130974,19.540712],[-99.13088,19.540736],[-99.1308,19.540746],[-99.130728,19.540734],[-99.130664,19.540709],[-99.130611,19.540669],[-99.130558,19.540599],[-99.130509,19.540533],[-99.130456,19.540468],[-99.13041,19.540425],[-99.130334,19.540375],[-99.130248,19.540369],[-99.130172,19.540375],[-99.130123,19.540436],[-99.130055,19.540516],[-99.129998,19.540583],[-99.129968,19.540667],[-99.12996,19.540748],[-99.129979,19.540809],[-99.130006,19.540895],[-99.130002,19.540963],[-99.129991,19.541029],[-99.129957,19.541108],[-99.1299,19.541169],[-99.129764,19.54127],[-99.129692,19.541311],[-99.129643,19.541356],[-99.129609,19.541433],[-99.129583,19.541537],[-99.129545,19.541619],[-99.129469,19.54168],[-99.129378,19.541723],[-99.129254,19.541729],[-99.129151,19.541709],[-99.129076,19.541673],[-99.129004,19.54166],[-99.12891,19.541655],[-99.128778,19.541678],[-99.128663,19.541721],[-99.128565,19.541798],[-99.128524,19.541865],[-99.128467,19.541938],[-99.128395,19.541994],[-99.128342,19.542044],[-99.128263,19.542037],[-99.128209,19.542008],[-99.128134,19.541981],[-99.128066,19.541981],[-99.127975,19.542067],[-99.12793,19.542166],[-99.127869,19.542214],[-99.127797,19.542257],[-99.127703,19.542313],[-99.127567,19.54237],[-99.127344,19.542499],[-99.127241,19.542506],[-99.127158,19.542479],[-99.127105,19.542438],[-99.127052,19.5424],[-99.12701,19.542359],[-99.126954,19.542316],[-99.126882,19.542303],[-99.12678,19.542346],[-99.1267,19.542391],[-99.126594,19.542452],[-99.126341,19.542606],[-99.12628,19.542583],[-99.126271,19.542506],[-99.12671,19.542187],[-99.127145,19.541814],[-99.12705,19.541701],[-99.126012,19.542355],[-99.125359,19.542938],[-99.124771,19.543684],[-99.126728,19.540917],[-99.127214,19.540258]]]]}},{"type":"Feature","properties":{"area":"Sierra de Guadalupe (local)","zona":"Restauración Ecológica","zona_k":"restauracion ecologica","ha":10.43},"geometry":{"type":"MultiPolygon","coordinates":[[[[-99.134749,19.532397],[-99.134693,19.53199],[-99.134511,19.531627],[-99.134269,19.53113],[-99.134268,19.530671],[-99.13449,19.530288],[-99.134712,19.529905],[-99.134832,19.529465],[-99.134893,19.529083],[-99.134872,19.528796],[-99.134811,19.528509],[-99.134428,19.528318],[-99.133903,19.528337],[-99.133702,19.528471],[-99.13352,19.528778],[-99.133722,19.529084],[-99.133622,19.529313],[-99.133359,19.529333],[-99.132949,19.529653],[-99.133636,19.528091],[-99.134684,19.527837],[-99.134912,19.526897],[-99.134301,19.525668],[-99.135215,19.524439],[-99.13533,19.524764],[-99.135387,19.525234],[-99.135635,19.525667],[-99.135769,19.525993],[-99.135903,19.5263],[-99.135998,19.526481],[-99.136247,19.527258],[-99.136114,19.527565],[-99.136037,19.527601],[-99.135943,19.528324],[-99.135714,19.528469],[-99.135619,19.528993],[-99.135477,19.529499],[-99.135468,19.530114],[-99.135353,19.530114],[-99.135468,19.531108],[-99.135679,19.531939],[-99.135889,19.53268],[-99.134749,19.532397]]]]}},{"type":"Feature","properties":{"area":"Sierra de Guadalupe (local)","zona":"Restauración Ecológica","zona_k":"restauracion ecologica","ha":7.74},"geometry":{"type":"MultiPolygon","coordinates":[[[[-99.117727,19.513896],[-99.117059,19.513299],[-99.122289,19.51054],[-99.122843,19.511235],[-99.118994,19.513904],[-99.117727,19.513896]]]]}},{"type":"Feature","properties":{"area":"Sierra de Guadalupe (local)","zona":"Restauración Ecológica","zona_k":"restauracion ecologica","ha":3.98},"geometry":{"type":"MultiPolygon","coordinates":[[[[-99.115819,19.512234],[-99.115409,19.511782],[-99.121212,19.509293],[-99.121536,19.509718],[-99.115819,19.512234]]]]}},{"type":"Feature","properties":{"area":"Sierra de Guadalupe (local)","zona":"Restauración Ecológica","zona_k":"restauracion ecologica","ha":1.67},"geometry":{"type":"MultiPolygon","coordinates":[[[[-99.115066,19.511493],[-99.114751,19.511322],[-99.120906,19.50895],[-99.121002,19.509095],[-99.115066,19.511493]]]]}},{"type":"Feature","properties":{"area":"Sierra de Guadalupe (local)","zona":"Restauración Ecológica","zona_k":"restauracion ecologica","ha":4.29},"geometry":{"type":"MultiPolygon","coordinates":[[[[-99.114485,19.511069],[-99.114484,19.511069],[-99.114093,19.510699],[-99.114141,19.510572],[-99.120325,19.5083],[-99.120658,19.508742],[-99.114485,19.511069]]]]}},{"type":"Feature","properties":{"area":"Sierra de Guadalupe (local)","zona":"Restauración Ecológica","zona_k":"restauracion ecologica","ha":52.01},"geometry":{"type":"MultiPolygon","coordinates":[[[[-99.114141,19.510572],[-99.112235,19.510899],[-99.111853,19.510474],[-99.107506,19.508968],[-99.108515,19.50715],[-99.108565,19.507105],[-99.109439,19.506319],[-99.110773,19.505757],[-99.112107,19.504844],[-99.116099,19.502835],[-99.116194,19.502989],[-99.116556,19.502699],[-99.116547,19.503052],[-99.116937,19.50297],[-99.117766,19.50278],[-99.117976,19.502743],[-99.11891,19.502833],[-99.118787,19.503484],[-99.118415,19.503448],[-99.117719,19.503747],[-99.116091,19.505094],[-99.115549,19.50664],[-99.115482,19.506848],[-99.119351,19.50596],[-99.119398,19.506141],[-99.115415,19.50702],[-99.115035,19.508113],[-99.119704,19.506746],[-99.119733,19.507387],[-99.114673,19.50909],[-99.114141,19.510572]]]]}},{"type":"Feature","properties":{"area":"Sierra de Guadalupe (local)","zona":"Restauración Ecológica","zona_k":"restauracion ecologica","ha":32.45},"geometry":{"type":"MultiPolygon","coordinates":[[[[-99.10587,19.504671],[-99.105131,19.504857],[-99.104988,19.504848],[-99.10453,19.504903],[-99.105605,19.500889],[-99.106214,19.499696],[-99.106661,19.498837],[-99.106663,19.498835],[-99.107147,19.498322],[-99.107908,19.497056],[-99.110263,19.497805],[-99.109188,19.500372],[-99.108532,19.502885],[-99.10878,19.503093],[-99.109409,19.50349],[-99.109609,19.503652],[-99.110181,19.503815],[-99.109505,19.504638],[-99.10941,19.504755],[-99.109677,19.505017],[-99.109991,19.505324],[-99.108943,19.505894],[-99.108591,19.505668],[-99.108562,19.505641],[-99.108152,19.505632],[-99.107809,19.505235],[-99.10778,19.505145],[-99.107714,19.50509],[-99.107618,19.505082],[-99.107428,19.505009],[-99.107151,19.504738],[-99.107027,19.504621],[-99.106865,19.504531],[-99.10655,19.50444],[-99.106331,19.504305],[-99.106188,19.50445],[-99.105883,19.504667],[-99.10587,19.504671]]]]}},{"type":"Feature","properties":{"area":"Sierra de Guadalupe (local)","zona":"Restauración Ecológica","zona_k":"restauracion ecologica","ha":2.7},"geometry":{"type":"MultiPolygon","coordinates":[[[[-99.110775,19.494036],[-99.110661,19.494353],[-99.110547,19.494723],[-99.110452,19.495735],[-99.108574,19.494797],[-99.10986,19.493738],[-99.110775,19.494036]]]]}},{"type":"Feature","properties":{"area":"Sierra de Guadalupe (local)","zona":"Restauración Ecológica","zona_k":"restauracion ecologica","ha":4.65},"geometry":{"type":"MultiPolygon","coordinates":[[[[-99.157913,19.549584],[-99.158371,19.549539],[-99.158639,19.549507],[-99.159525,19.54921],[-99.160068,19.548911],[-99.160376,19.548798],[-99.16047,19.548854],[-99.160433,19.548897],[-99.160814,19.549096],[-99.160214,19.550547],[-99.160147,19.55071],[-99.159908,19.551287],[-99.15985,19.551236],[-99.15982,19.551203],[-99.159754,19.551102],[-99.159653,19.551093],[-99.159583,19.551146],[-99.159532,19.55116],[-99.159492,19.551122],[-99.159467,19.551079],[-99.159386,19.551064],[-99.1593,19.550998],[-99.159295,19.55094],[-99.159295,19.550864],[-99.15927,19.550821],[-99.159204,19.550802],[-99.159118,19.550806],[-99.158952,19.550792],[-99.158755,19.550764],[-99.158644,19.550692],[-99.158523,19.550582],[-99.158457,19.550511],[-99.158351,19.550525],[-99.158245,19.550535],[-99.158109,19.550497],[-99.157998,19.550439],[-99.157917,19.550363],[-99.157882,19.550234],[-99.157821,19.550086],[-99.157796,19.549971],[-99.157796,19.549967],[-99.157719,19.549893],[-99.157712,19.549886],[-99.157913,19.549584]]]]}},{"type":"Feature","properties":{"area":"Sierra de Guadalupe (local)","zona":"Protección con Uso Restringido","zona_k":"proteccion con uso restringido","ha":2.19},"geometry":{"type":"MultiPolygon","coordinates":[[[[-99.157916,19.55259],[-99.157834,19.552481],[-99.157769,19.552533],[-99.157682,19.552569],[-99.157605,19.552506],[-99.157611,19.55245],[-99.157668,19.55228],[-99.157637,19.552224],[-99.157616,19.55212],[-99.157561,19.552057],[-99.157561,19.551955],[-99.157588,19.551851],[-99.157599,19.551795],[-99.157616,19.551738],[-99.157561,19.55167],[-99.157506,19.551695],[-99.157425,19.551759],[-99.15728,19.551653],[-99.157283,19.551494],[-99.157414,19.551551],[-99.157485,19.551594],[-99.157577,19.551521],[-99.15761,19.551465],[-99.157621,19.551397],[-99.157648,19.551329],[-99.157724,19.551277],[-99.157745,19.55118],[-99.157735,19.551112],[-99.157816,19.551112],[-99.157865,19.551035],[-99.157876,19.550958],[-99.157914,19.550911],[-99.157958,19.550859],[-99.157979,19.550802],[-99.157979,19.550746],[-99.158017,19.550669],[-99.158077,19.550726],[-99.158077,19.550802],[-99.158137,19.550829],[-99.158235,19.550786],[-99.158344,19.55075],[-99.158415,19.55075],[-99.158507,19.550761],[-99.158578,19.550822],[-99.158676,19.550915],[-99.158775,19.550962],[-99.158856,19.55093],[-99.158938,19.550926],[-99.159009,19.550926],[-99.159096,19.550946],[-99.15914,19.551018],[-99.159085,19.551091],[-99.15908,19.551163],[-99.159052,19.551276],[-99.15908,19.551369],[-99.159124,19.55142],[-99.159156,19.551477],[-99.159243,19.551484],[-99.159303,19.551524],[-99.159238,19.551592],[-99.159189,19.551673],[-99.159075,19.551689],[-99.158977,19.551737],[-99.158906,19.551762],[-99.1589,19.551825],[-99.158955,19.551866],[-99.158917,19.551974],[-99.158933,19.55204],[-99.158955,19.552128],[-99.159032,19.552171],[-99.159075,19.552216],[-99.159157,19.552232],[-99.15919,19.552299],[-99.159108,19.552336],[-99.159054,19.552401],[-99.158934,19.552365],[-99.158853,19.552322],[-99.158798,19.552293],[-99.158786,19.552232],[-99.158727,19.552212],[-99.158661,19.552232],[-99.158634,19.55216],[-99.158563,19.552063],[-99.158552,19.552004],[-99.158498,19.551959],[-99.158465,19.551902],[-99.158351,19.55181],[-99.158334,19.551753],[-99.158345,19.551695],[-99.15834,19.551634],[-99.15828,19.551582],[-99.158171,19.551546],[-99.158176,19.551478],[-99.158176,19.551381],[-99.158127,19.551308],[-99.158067,19.551356],[-99.158002,19.551433],[-99.157986,19.551557],[-99.158018,19.551629],[-99.158105,19.551634],[-99.158149,19.551701],[-99.158086,19.551815],[-99.157991,19.551803],[-99.157861,19.551831],[-99.157861,19.551898],[-99.157861,19.551959],[-99.157801,19.551984],[-99.157763,19.552036],[-99.157697,19.552057],[-99.157698,19.55212],[-99.15773,19.552181],[-99.157741,19.552258],[-99.157752,19.552321],[-99.157829,19.552373],[-99.157894,19.552316],[-99.157904,19.552221],[-99.157904,19.552135],[-99.157942,19.552072],[-99.158019,19.552063],[-99.158106,19.552063],[-99.158182,19.552072],[-99.158286,19.552128],[-99.158307,19.552237],[-99.15834,19.552325],[-99.158335,19.552408],[-99.158281,19.55251],[-99.158221,19.552619],[-99.158052,19.552635],[-99.157965,19.552635],[-99.157916,19.55259]]]]}},{"type":"Feature","properties":{"area":"Sierra de Guadalupe (local)","zona":"Protección con Uso Restringido","zona_k":"proteccion con uso restringido","ha":0.56},"geometry":{"type":"MultiPolygon","coordinates":[[[[-99.156408,19.552304],[-99.157203,19.551058],[-99.157478,19.550653],[-99.157397,19.551088],[-99.157386,19.551221],[-99.157376,19.551284],[-99.157288,19.551345],[-99.157283,19.551418],[-99.157283,19.551494],[-99.15728,19.551653],[-99.15718,19.551743],[-99.157147,19.5518],[-99.157104,19.551863],[-99.157076,19.551913],[-99.157077,19.55198],[-99.157033,19.552064],[-99.156952,19.5521],[-99.156815,19.5521],[-99.156794,19.552229],[-99.156707,19.552259],[-99.156632,19.55229],[-99.1565,19.552347],[-99.156408,19.552304]]]]}},{"type":"Feature","properties":{"area":"Sierra de Guadalupe (local)","zona":"Restauración Ecológica","zona_k":"restauracion ecologica","ha":13.0},"geometry":{"type":"MultiPolygon","coordinates":[[[[-99.157777,19.556046],[-99.157494,19.555912],[-99.157091,19.555932],[-99.156667,19.555932],[-99.156538,19.555887],[-99.156482,19.555937],[-99.156255,19.555916],[-99.15599,19.555888],[-99.155755,19.55583],[-99.155596,19.555766],[-99.15544,19.555681],[-99.15544,19.555673],[-99.155429,19.555617],[-99.155412,19.555504],[-99.155363,19.555472],[-99.155314,19.555509],[-99.155298,19.555576],[-99.155271,19.555644],[-99.155255,19.555705],[-99.155222,19.555773],[-99.155151,19.555757],[-99.155146,19.555701],[-99.155129,19.555597],[-99.155095,19.555517],[-99.155138,19.55541],[-99.155281,19.555054],[-99.154911,19.554894],[-99.155095,19.554532],[-99.155165,19.554393],[-99.155375,19.553978],[-99.15582,19.553226],[-99.156323,19.552436],[-99.156327,19.552431],[-99.156387,19.552337],[-99.156408,19.552304],[-99.1565,19.552347],[-99.156632,19.55229],[-99.156707,19.552259],[-99.156794,19.552229],[-99.156815,19.5521],[-99.156952,19.5521],[-99.157033,19.552064],[-99.157077,19.55198],[-99.157076,19.551913],[-99.157104,19.551863],[-99.157147,19.5518],[-99.15718,19.551743],[-99.15728,19.551653],[-99.157425,19.551759],[-99.157506,19.551695],[-99.157561,19.55167],[-99.157616,19.551738],[-99.157599,19.551795],[-99.157588,19.551851],[-99.157561,19.551955],[-99.157561,19.552057],[-99.157616,19.55212],[-99.157637,19.552224],[-99.157668,19.55228],[-99.157611,19.55245],[-99.157605,19.552506],[-99.157682,19.552569],[-99.157769,19.552533],[-99.157834,19.552481],[-99.157916,19.55259],[-99.157965,19.552635],[-99.158052,19.552635],[-99.158221,19.552619],[-99.158281,19.55251],[-99.158335,19.552408],[-99.15834,19.552325],[-99.158307,19.552237],[-99.158286,19.552128],[-99.158182,19.552072],[-99.158106,19.552063],[-99.158019,19.552063],[-99.157942,19.552072],[-99.157904,19.552135],[-99.157904,19.552221],[-99.157894,19.552316],[-99.157829,19.552373],[-99.157752,19.552321],[-99.157741,19.552258],[-99.15773,19.552181],[-99.157698,19.55212],[-99.157697,19.552057],[-99.157763,19.552036],[-99.157801,19.551984],[-99.157861,19.551959],[-99.157861,19.551898],[-99.157861,19.551831],[-99.157991,19.551803],[-99.158086,19.551815],[-99.158149,19.551701],[-99.158105,19.551634],[-99.158018,19.551629],[-99.157986,19.551557],[-99.158002,19.551433],[-99.158067,19.551356],[-99.158127,19.551308],[-99.158176,19.551381],[-99.158176,19.551478],[-99.158171,19.551546],[-99.15828,19.551582],[-99.15834,19.551634],[-99.158345,19.551695],[-99.158334,19.551753],[-99.158351,19.55181],[-99.158465,19.551902],[-99.158498,19.551959],[-99.158552,19.552004],[-99.158563,19.552063],[-99.158634,19.55216],[-99.158661,19.552232],[-99.158727,19.552212],[-99.158786,19.552232],[-99.158798,19.552293],[-99.158853,19.552322],[-99.158934,19.552365],[-99.159054,19.552401],[-99.159108,19.552336],[-99.15919,19.552299],[-99.159157,19.552232],[-99.159075,19.552216],[-99.159032,19.552171],[-99.158955,19.552128],[-99.158933,19.55204],[-99.158917,19.551974],[-99.158955,19.551866],[-99.1589,19.551825],[-99.158906,19.551762],[-99.158977,19.551737],[-99.159075,19.551689],[-99.159189,19.551673],[-99.159238,19.551592],[-99.159303,19.551524],[-99.159243,19.551484],[-99.159156,19.551477],[-99.159124,19.55142],[-99.15908,19.551369],[-99.159052,19.551276],[-99.15908,19.551163],[-99.159085,19.551091],[-99.15914,19.551018],[-99.159096,19.550946],[-99.159009,19.550926],[-99.158938,19.550926],[-99.158856,19.55093],[-99.158775,19.550962],[-99.158676,19.550915],[-99.158578,19.550822],[-99.158507,19.550761],[-99.158415,19.55075],[-99.158344,19.55075],[-99.158235,19.550786],[-99.158137,19.550829],[-99.158077,19.550802],[-99.158077,19.550726],[-99.158017,19.550669],[-99.157979,19.550746],[-99.157979,19.550802],[-99.157958,19.550859],[-99.157914,19.550911],[-99.157876,19.550958],[-99.157865,19.551035],[-99.157816,19.551112],[-99.157735,19.551112],[-99.157745,19.55118],[-99.157724,19.551277],[-99.157648,19.551329],[-99.157621,19.551397],[-99.15761,19.551465],[-99.157577,19.551521],[-99.157485,19.551594],[-99.157414,19.551551],[-99.157283,19.551494],[-99.157283,19.551418],[-99.157288,19.551345],[-99.157376,19.551284],[-99.157386,19.551221],[-99.157397,19.551088],[-99.157478,19.550653],[-99.157519,19.550593],[-99.157546,19.550553],[-99.157658,19.550389],[-99.157519,19.550177],[-99.157684,19.549928],[-99.157699,19.549905],[-99.157704,19.549899],[-99.157719,19.549893],[-99.157796,19.549967],[-99.157796,19.549971],[-99.157806,19.550016],[-99.157821,19.550086],[-99.157882,19.550234],[-99.157917,19.550363],[-99.157998,19.550439],[-99.158109,19.550497],[-99.158245,19.550535],[-99.158351,19.550525],[-99.158457,19.550511],[-99.158523,19.550582],[-99.158644,19.550692],[-99.158755,19.550764],[-99.158952,19.550792],[-99.159118,19.550806],[-99.159204,19.550802],[-99.15927,19.550821],[-99.159295,19.550864],[-99.159295,19.55094],[-99.1593,19.550998],[-99.159386,19.551064],[-99.159467,19.551079],[-99.159492,19.551122],[-99.159532,19.55116],[-99.159583,19.551146],[-99.159653,19.551093],[-99.159754,19.551102],[-99.15982,19.551203],[-99.15985,19.551236],[-99.159908,19.551287],[-99.159586,19.552066],[-99.1579,19.55345],[-99.157524,19.554223],[-99.157684,19.554803],[-99.157929,19.555688],[-99.158033,19.556064],[-99.157777,19.556046]]]]}},{"type":"Feature","properties":{"area":"Sierra de Guadalupe (local)","zona":"Restauración Ecológica","zona_k":"restauracion ecologica","ha":15.87},"geometry":{"type":"MultiPolygon","coordinates":[[[[-99.156538,19.555887],[-99.156667,19.555932],[-99.157091,19.555932],[-99.157494,19.555912],[-99.157777,19.556046],[-99.158033,19.556064],[-99.158458,19.557602],[-99.157369,19.558806],[-99.156907,19.559316],[-99.156802,19.559373],[-99.153279,19.561305],[-99.152576,19.561357],[-99.152637,19.561258],[-99.15268,19.561202],[-99.15274,19.5611],[-99.152783,19.560996],[-99.15287,19.560847],[-99.152897,19.560763],[-99.152924,19.560675],[-99.152935,19.560583],[-99.152919,19.560501],[-99.152783,19.560443],[-99.152668,19.560443],[-99.15257,19.560454],[-99.152407,19.560527],[-99.152266,19.560567],[-99.15214,19.560615],[-99.152048,19.560604],[-99.151922,19.560511],[-99.151922,19.560439],[-99.15195,19.560387],[-99.152014,19.56031],[-99.152146,19.560305],[-99.152282,19.560305],[-99.152396,19.560305],[-99.152521,19.560285],[-99.152592,19.56017],[-99.152668,19.560108],[-99.152712,19.560005],[-99.152728,19.559907],[-99.152728,19.559815],[-99.152679,19.559679],[-99.152657,19.559607],[-99.152629,19.559535],[-99.152586,19.559474],[-99.152515,19.559338],[-99.152499,19.559252],[-99.152499,19.559196],[-99.15258,19.559173],[-99.152667,19.559257],[-99.152678,19.559324],[-99.152727,19.559397],[-99.152787,19.559474],[-99.152869,19.559534],[-99.152994,19.559586],[-99.153114,19.559597],[-99.153196,19.559597],[-99.15331,19.559606],[-99.153381,19.559606],[-99.153506,19.559606],[-99.153566,19.55957],[-99.153664,19.559509],[-99.153795,19.559369],[-99.153805,19.559251],[-99.153805,19.559122],[-99.153778,19.558991],[-99.153734,19.558869],[-99.153658,19.558786],[-99.153582,19.558714],[-99.153489,19.558626],[-99.153418,19.558522],[-99.153374,19.558436],[-99.153374,19.558332],[-99.153526,19.558327],[-99.153567,19.558386],[-99.153574,19.558463],[-99.153635,19.558533],[-99.153806,19.558605],[-99.153867,19.55865],[-99.153935,19.558702],[-99.15399,19.558792],[-99.15403,19.558876],[-99.154119,19.558946],[-99.154269,19.55905],[-99.154391,19.559081],[-99.154493,19.559063],[-99.154629,19.559063],[-99.154752,19.559095],[-99.154806,19.559119],[-99.154916,19.559119],[-99.154997,19.559164],[-99.155072,19.559164],[-99.155133,19.559139],[-99.155249,19.559035],[-99.155317,19.558927],[-99.155385,19.558791],[-99.155473,19.558552],[-99.1555,19.558455],[-99.1555,19.558312],[-99.155486,19.558211],[-99.155479,19.558093],[-99.155432,19.557958],[-99.155411,19.557842],[-99.155234,19.557669],[-99.155105,19.557603],[-99.155091,19.557526],[-99.155091,19.557449],[-99.15505,19.557359],[-99.154941,19.557228],[-99.15492,19.557165],[-99.154886,19.557093],[-99.154818,19.557029],[-99.154743,19.556946],[-99.154777,19.556835],[-99.154839,19.556835],[-99.15494,19.556874],[-99.15507,19.557054],[-99.155193,19.557074],[-99.155268,19.557119],[-99.155431,19.557137],[-99.155526,19.557144],[-99.15556,19.557248],[-99.15554,19.557415],[-99.155663,19.557481],[-99.155765,19.557505],[-99.155874,19.557519],[-99.155928,19.557584],[-99.15601,19.55777],[-99.156146,19.557873],[-99.156228,19.557894],[-99.156303,19.557848],[-99.156371,19.557724],[-99.156507,19.557539],[-99.156534,19.557428],[-99.156534,19.557331],[-99.156534,19.557234],[-99.156445,19.557118],[-99.156411,19.556958],[-99.15639,19.556879],[-99.156254,19.556868],[-99.156111,19.556879],[-99.155961,19.556816],[-99.155825,19.556706],[-99.155669,19.556647],[-99.155526,19.556647],[-99.155322,19.556577],[-99.155212,19.556487],[-99.155131,19.556449],[-99.155015,19.556372],[-99.15473,19.556157],[-99.154841,19.555966],[-99.154978,19.55573],[-99.155042,19.555648],[-99.155095,19.555517],[-99.155129,19.555597],[-99.155146,19.555701],[-99.155151,19.555757],[-99.155222,19.555773],[-99.155255,19.555705],[-99.155271,19.555644],[-99.155298,19.555576],[-99.155314,19.555509],[-99.155363,19.555472],[-99.155412,19.555504],[-99.155429,19.555617],[-99.15544,19.555673],[-99.15544,19.555681],[-99.155596,19.555766],[-99.155755,19.55583],[-99.15599,19.555888],[-99.156255,19.555916],[-99.156482,19.555937],[-99.156538,19.555887]]]]}},{"type":"Feature","properties":{"area":"Sierra de Guadalupe (local)","zona":"Protección con Uso Restringido","zona_k":"proteccion con uso restringido","ha":14.47},"geometry":{"type":"MultiPolygon","coordinates":[[[[-99.148656,19.56055],[-99.148659,19.56055],[-99.148679,19.56055],[-99.148698,19.56055],[-99.148717,19.56055],[-99.148717,19.560531],[-99.148736,19.560531],[-99.148755,19.560531],[-99.148774,19.560531],[-99.148774,19.560513],[-99.148793,19.560513],[-99.148812,19.560513],[-99.148831,19.560513],[-99.14885,19.560513],[-99.14885,19.560495],[-99.148869,19.560495],[-99.148888,19.560495],[-99.148907,19.560495],[-99.148907,19.560477],[-99.148926,19.560477],[-99.148945,19.560477],[-99.148964,19.560477],[-99.148964,19.560459],[-99.148984,19.560459],[-99.149003,19.560459],[-99.149022,19.560459],[-99.149041,19.560459],[-99.149041,19.560441],[-99.14906,19.560441],[-99.149079,19.560441],[-99.149098,19.560441],[-99.149098,19.560423],[-99.149117,19.560423],[-99.149136,19.560423],[-99.149155,19.560423],[-99.149155,19.560405],[-99.149174,19.560405],[-99.149193,19.560405],[-99.149212,19.560405],[-99.149212,19.560386],[-99.149231,19.560386],[-99.149231,19.560368],[-99.14925,19.560368],[-99.14925,19.56035],[-99.149269,19.56035],[-99.149269,19.560332],[-99.149288,19.560332],[-99.149288,19.560314],[-99.149308,19.560314],[-99.149308,19.560296],[-99.149308,19.560278],[-99.149327,19.560278],[-99.149327,19.56026],[-99.149346,19.56026],[-99.149346,19.560242],[-99.149346,19.560224],[-99.149365,19.560224],[-99.149365,19.560206],[-99.149384,19.560206],[-99.149384,19.560188],[-99.149384,19.560169],[-99.149403,19.560169],[-99.149403,19.560151],[-99.149422,19.560151],[-99.149422,19.560133],[-99.149422,19.560115],[-99.149441,19.560115],[-99.149441,19.560097],[-99.14946,19.560097],[-99.14946,19.560079],[-99.14946,19.560061],[-99.149479,19.560061],[-99.149479,19.560043],[-99.149498,19.560043],[-99.149498,19.560025],[-99.149498,19.560007],[-99.149517,19.560007],[-99.149517,19.559989],[-99.149536,19.559989],[-99.149536,19.559971],[-99.149555,19.55997],[-99.149555,19.559952],[-99.149574,19.559952],[-99.149574,19.559934],[-99.149593,19.559934],[-99.149612,19.559934],[-99.149612,19.559952],[-99.149631,19.559952],[-99.14965,19.559952],[-99.14965,19.55997],[-99.149669,19.55997],[-99.14967,19.559988],[-99.149689,19.559988],[-99.149689,19.560007],[-99.149689,19.560025],[-99.149708,19.560025],[-99.149708,19.560043],[-99.149708,19.560061],[-99.149727,19.560061],[-99.149727,19.560079],[-99.149727,19.560097],[-99.149727,19.560115],[-99.149727,19.560133],[-99.149708,19.560133],[-99.149708,19.560151],[-99.149708,19.560169],[-99.149708,19.560187],[-99.149708,19.560205],[-99.149708,19.560223],[-99.149689,19.560223],[-99.149689,19.560241],[-99.149689,19.56026],[-99.149689,19.560278],[-99.149689,19.560296],[-99.149689,19.560314],[-99.14967,19.560314],[-99.14967,19.560332],[-99.14967,19.56035],[-99.14967,19.560368],[-99.14967,19.560386],[-99.149651,19.560386],[-99.149651,19.560404],[-99.149651,19.560422],[-99.149651,19.56044],[-99.149632,19.56044],[-99.149632,19.560458],[-99.149632,19.560477],[-99.149613,19.560477],[-99.149613,19.560495],[-99.149594,19.560495],[-99.149594,19.560513],[-99.149594,19.560531],[-99.149575,19.560531],[-99.149575,19.560549],[-99.149556,19.560549],[-99.149556,19.560567],[-99.149537,19.560567],[-99.149537,19.560585],[-99.149537,19.560603],[-99.149518,19.560603],[-99.149518,19.560621],[-99.149498,19.560621],[-99.149499,19.560639],[-99.149479,19.560639],[-99.149479,19.560657],[-99.14946,19.560657],[-99.14946,19.560675],[-99.14946,19.560694],[-99.149441,19.560694],[-99.149441,19.560712],[-99.149422,19.560712],[-99.149422,19.56073],[-99.149403,19.56073],[-99.149403,19.560748],[-99.149384,19.560748],[-99.149384,19.560766],[-99.149384,19.560784],[-99.149365,19.560784],[-99.149365,19.560802],[-99.149346,19.560802],[-99.149346,19.56082],[-99.149327,19.56082],[-99.149327,19.560838],[-99.149308,19.560838],[-99.149308,19.560856],[-99.149308,19.560874],[-99.149289,19.560874],[-99.149289,19.560893],[-99.14927,19.560893],[-99.14927,19.560911],[-99.149251,19.560911],[-99.149251,19.560929],[-99.149232,19.560929],[-99.149232,19.560947],[-99.149232,19.560965],[-99.149213,19.560965],[-99.149213,19.560983],[-99.149194,19.560983],[-99.149194,19.561001],[-99.149175,19.561001],[-99.149175,19.561019],[-99.149175,19.561037],[-99.149156,19.561037],[-99.149156,19.561055],[-99.149137,19.561055],[-99.149137,19.561073],[-99.149118,19.561073],[-99.149118,19.561091],[-99.149099,19.561091],[-99.149099,19.56111],[-99.149079,19.56111],[-99.149079,19.561128],[-99.14906,19.561128],[-99.14906,19.561146],[-99.14906,19.561164],[-99.14906,19.561182],[-99.14906,19.5612],[-99.14906,19.561218],[-99.14908,19.561218],[-99.14908,19.561236],[-99.14908,19.561254],[-99.14908,19.561272],[-99.149099,19.561272],[-99.149099,19.56129],[-99.149099,19.561308],[-99.149099,19.561326],[-99.149118,19.561326],[-99.149118,19.561345],[-99.149118,19.561363],[-99.149137,19.561363],[-99.149137,19.561381],[-99.149137,19.561399],[-99.149156,19.561399],[-99.149156,19.561417],[-99.149156,19.561435],[-99.149156,19.561453],[-99.149175,19.561453],[-99.149175,19.561471],[-99.149175,19.561489],[-99.149156,19.561489],[-99.149156,19.561507],[-99.149156,19.561525],[-99.149156,19.561543],[-99.149137,19.561543],[-99.149137,19.561561],[-99.149137,19.561579],[-99.149118,19.561579],[-99.149118,19.561598],[-99.149118,19.561616],[-99.149099,19.561616],[-99.149099,19.561634],[-99.149099,19.561652],[-99.149099,19.56167],[-99.14908,19.56167],[-99.14908,19.561688],[-99.14908,19.561706],[-99.14908,19.561724],[-99.149061,19.561724],[-99.149061,19.561742],[-99.149061,19.56176],[-99.149061,19.561778],[-99.149042,19.561778],[-99.149042,19.561796],[-99.149042,19.561814],[-99.149042,19.561833],[-99.149023,19.561833],[-99.149023,19.561851],[-99.149023,19.561869],[-99.149023,19.561887],[-99.149023,19.561905],[-99.149023,19.561923],[-99.149023,19.561941],[-99.149023,19.561959],[-99.149023,19.561977],[-99.149023,19.561995],[-99.149023,19.562013],[-99.149023,19.562031],[-99.149023,19.562049],[-99.149023,19.562068],[-99.149023,19.562086],[-99.149023,19.562104],[-99.149023,19.562122],[-99.149023,19.56214],[-99.149023,19.562158],[-99.149023,19.562176],[-99.149023,19.562194],[-99.149023,19.562212],[-99.149023,19.56223],[-99.149023,19.562248],[-99.149004,19.562248],[-99.149004,19.562266],[-99.149004,19.562284],[-99.149004,19.562303],[-99.149004,19.562321],[-99.149004,19.562339],[-99.149004,19.562357],[-99.148985,19.562357],[-99.148985,19.562375],[-99.148985,19.562393],[-99.149004,19.562393],[-99.149005,19.562427],[-99.14899,19.562438],[-99.148953,19.562467],[-99.148695,19.562667],[-99.147569,19.563542],[-99.146341,19.565305],[-99.144771,19.564387],[-99.144807,19.564333],[-99.14333,19.563529],[-99.143408,19.563446],[-99.143394,19.563434],[-99.143435,19.56338],[-99.143513,19.563339],[-99.144704,19.562683],[-99.14512,19.562455],[-99.145879,19.562072],[-99.146326,19.561839],[-99.148216,19.560855],[-99.148691,19.560606],[-99.148664,19.560563],[-99.148656,19.56055]]]]}},{"type":"Feature","properties":{"area":"Sierra de Guadalupe (local)","zona":"Protección con Uso Restringido","zona_k":"proteccion con uso restringido","ha":0.88},"geometry":{"type":"MultiPolygon","coordinates":[[[[-99.137913,19.570585],[-99.13801,19.570617],[-99.138135,19.570576],[-99.138223,19.570576],[-99.138333,19.570492],[-99.138509,19.570472],[-99.138568,19.570526],[-99.138715,19.57061],[-99.138831,19.570647],[-99.13761,19.571654],[-99.137345,19.571198],[-99.13781,19.570697],[-99.137913,19.570585]]]]}},{"type":"Feature","properties":{"area":"Sierra de Guadalupe (local)","zona":"Protección con Uso Restringido","zona_k":"proteccion con uso restringido","ha":1.13},"geometry":{"type":"MultiPolygon","coordinates":[[[[-99.136049,19.579674],[-99.13606,19.579664],[-99.136123,19.57959],[-99.136123,19.579522],[-99.136091,19.579434],[-99.135926,19.579412],[-99.135824,19.57936],[-99.135823,19.579299],[-99.135863,19.579217],[-99.136013,19.579156],[-99.136131,19.579149],[-99.136249,19.579081],[-99.136315,19.579001],[-99.13865,19.579755],[-99.138579,19.579752],[-99.136049,19.579674]]]]}},{"type":"Feature","properties":{"area":"Sierra de Guadalupe (local)","zona":"Zona de Uso Especial","zona_k":"uso especial","ha":1.94},"geometry":{"type":"MultiPolygon","coordinates":[[[[-99.134157,19.578428],[-99.134178,19.578364],[-99.134437,19.578396],[-99.134511,19.578419],[-99.136315,19.579001],[-99.136249,19.579081],[-99.136131,19.579149],[-99.136013,19.579156],[-99.135863,19.579217],[-99.135823,19.579299],[-99.135824,19.57936],[-99.135926,19.579412],[-99.136091,19.579434],[-99.136123,19.579522],[-99.136123,19.57959],[-99.13606,19.579664],[-99.136049,19.579674],[-99.134611,19.579629],[-99.13457,19.579539],[-99.134475,19.579306],[-99.134483,19.579157],[-99.134448,19.578961],[-99.134432,19.578939],[-99.134375,19.578876],[-99.134274,19.578774],[-99.134214,19.578703],[-99.134167,19.57861],[-99.134145,19.578508],[-99.134157,19.578428]]]]}},{"type":"Feature","properties":{"area":"Sierra de Guadalupe (local)","zona":"Restauración Ecológica","zona_k":"restauracion ecologica","ha":2.37},"geometry":{"type":"MultiPolygon","coordinates":[[[[-99.124642,19.579584],[-99.12465,19.57958],[-99.124743,19.579573],[-99.124927,19.579621],[-99.124977,19.579566],[-99.125027,19.579471],[-99.125119,19.579385],[-99.125233,19.579291],[-99.125332,19.579223],[-99.125439,19.579223],[-99.125502,19.579277],[-99.125538,19.579345],[-99.125552,19.579406],[-99.125602,19.579471],[-99.125624,19.579559],[-99.125681,19.579634],[-99.125837,19.579613],[-99.125865,19.579545],[-99.12578,19.579444],[-99.125687,19.579385],[-99.125666,19.579324],[-99.125709,19.57927],[-99.125687,19.579148],[-99.125659,19.579089],[-99.125659,19.578994],[-99.12573,19.578967],[-99.125829,19.578987],[-99.125893,19.579048],[-99.125893,19.579121],[-99.125872,19.579188],[-99.125829,19.579277],[-99.125829,19.579378],[-99.125915,19.579419],[-99.125964,19.579337],[-99.125964,19.579222],[-99.126,19.579161],[-99.126078,19.579215],[-99.126135,19.579303],[-99.126135,19.579444],[-99.126135,19.579552],[-99.126199,19.579633],[-99.126313,19.579681],[-99.126384,19.579748],[-99.126476,19.579868],[-99.126548,19.579807],[-99.126626,19.579755],[-99.126746,19.579735],[-99.126863,19.579734],[-99.126881,19.579626],[-99.126931,19.579545],[-99.127094,19.57947],[-99.12718,19.579439],[-99.127181,19.579438],[-99.127187,19.579436],[-99.127215,19.579377],[-99.127279,19.579309],[-99.127392,19.579228],[-99.127556,19.579201],[-99.127726,19.579207],[-99.127826,19.579201],[-99.127954,19.579167],[-99.128067,19.57916],[-99.128167,19.57916],[-99.128408,19.579132],[-99.128557,19.579119],[-99.128657,19.579119],[-99.128735,19.579087],[-99.128856,19.579033],[-99.128962,19.579019],[-99.129111,19.579026],[-99.129161,19.57906],[-99.129225,19.579091],[-99.129283,19.579087],[-99.129283,19.579091],[-99.129264,19.579091],[-99.129264,19.579109],[-99.129245,19.579109],[-99.129245,19.579127],[-99.129226,19.579127],[-99.129226,19.579145],[-99.129207,19.579145],[-99.129188,19.579145],[-99.129188,19.579163],[-99.129169,19.579163],[-99.12915,19.579163],[-99.12915,19.579181],[-99.129131,19.579181],[-99.129131,19.579199],[-99.12915,19.579199],[-99.12915,19.579217],[-99.12915,19.579235],[-99.12915,19.579253],[-99.12915,19.579271],[-99.129169,19.579271],[-99.129169,19.57929],[-99.129188,19.57929],[-99.129207,19.57929],[-99.129226,19.579289],[-99.129245,19.579289],[-99.129264,19.579289],[-99.129283,19.579289],[-99.129302,19.579289],[-99.129322,19.579289],[-99.129341,19.579289],[-99.12936,19.579289],[-99.129379,19.579289],[-99.129398,19.579289],[-99.129417,19.579289],[-99.129436,19.579289],[-99.129436,19.579307],[-99.129455,19.579307],[-99.129472,19.579307],[-99.129469,19.579357],[-99.12964,19.579373],[-99.129668,19.579452],[-99.125352,19.580029],[-99.124642,19.579584]]]]}},{"type":"Feature","properties":{"area":"Sierra de Guadalupe (local)","zona":"Protección con Uso Restringido","zona_k":"proteccion con uso restringido","ha":12.38},"geometry":{"type":"MultiPolygon","coordinates":[[[[-99.124523,19.579509],[-99.124544,19.579512],[-99.124622,19.579519],[-99.124686,19.579451],[-99.124686,19.579386],[-99.124721,19.579311],[-99.124828,19.579216],[-99.12487,19.579155],[-99.12497,19.579083],[-99.125055,19.578995],[-99.125059,19.578909],[-99.124899,19.578988],[-99.124792,19.579049],[-99.124657,19.57909],[-99.124536,19.57909],[-99.124458,19.579083],[-99.124352,19.579029],[-99.124351,19.578914],[-99.124465,19.578887],[-99.1246,19.578866],[-99.124678,19.578832],[-99.124714,19.57874],[-99.124714,19.578618],[-99.124635,19.578557],[-99.124514,19.578557],[-99.124436,19.578557],[-99.12433,19.578584],[-99.124252,19.578584],[-99.124209,19.57851],[-99.124095,19.57851],[-99.123967,19.578496],[-99.123953,19.57839],[-99.124045,19.578329],[-99.124124,19.578295],[-99.124173,19.5782],[-99.124166,19.578071],[-99.124109,19.577938],[-99.124045,19.577809],[-99.123889,19.577775],[-99.123641,19.577785],[-99.123644,19.577724],[-99.123643,19.577617],[-99.123571,19.577473],[-99.123556,19.577371],[-99.123473,19.577319],[-99.123395,19.577286],[-99.123314,19.577249],[-99.123214,19.57722],[-99.123151,19.577218],[-99.123089,19.577283],[-99.122947,19.577327],[-99.122908,19.577256],[-99.122846,19.577229],[-99.122778,19.577198],[-99.122739,19.577241],[-99.122594,19.577144],[-99.12246,19.577076],[-99.122352,19.576993],[-99.122304,19.576956],[-99.122221,19.57688],[-99.122137,19.576841],[-99.121994,19.576706],[-99.121849,19.576631],[-99.121707,19.576566],[-99.121712,19.576462],[-99.121685,19.576358],[-99.121814,19.576385],[-99.121964,19.576385],[-99.122127,19.576338],[-99.122248,19.576324],[-99.122369,19.576346],[-99.122468,19.576464],[-99.122553,19.576532],[-99.122582,19.57662],[-99.122511,19.576654],[-99.12244,19.576667],[-99.122546,19.576821],[-99.122667,19.576855],[-99.12271,19.576902],[-99.122802,19.576963],[-99.122845,19.577031],[-99.122959,19.577078],[-99.123065,19.577071],[-99.123115,19.57701],[-99.123193,19.57682],[-99.123122,19.5768],[-99.123143,19.576741],[-99.123171,19.57668],[-99.123235,19.576572],[-99.123328,19.57649],[-99.123398,19.576398],[-99.123505,19.576323],[-99.123533,19.576221],[-99.123626,19.576088],[-99.123747,19.576047],[-99.123924,19.576006],[-99.12413,19.576006],[-99.124314,19.576017],[-99.124335,19.576146],[-99.124335,19.576234],[-99.12435,19.576341],[-99.124413,19.576449],[-99.12452,19.576571],[-99.124634,19.576666],[-99.124733,19.576751],[-99.124776,19.576826],[-99.124833,19.576928],[-99.124911,19.577027],[-99.124968,19.577101],[-99.124997,19.57723],[-99.124926,19.577391],[-99.124777,19.57754],[-99.12472,19.577675],[-99.124706,19.577775],[-99.124706,19.577917],[-99.12477,19.578019],[-99.124941,19.578091],[-99.125139,19.578111],[-99.12526,19.578091],[-99.125324,19.577978],[-99.125359,19.577747],[-99.125317,19.577628],[-99.125253,19.57756],[-99.125181,19.577512],[-99.125181,19.577431],[-99.125288,19.577384],[-99.125373,19.577352],[-99.125473,19.577284],[-99.125473,19.577196],[-99.125366,19.577067],[-99.125352,19.576988],[-99.125309,19.576887],[-99.125266,19.576738],[-99.125287,19.576631],[-99.125359,19.57655],[-99.125426,19.576432],[-99.12548,19.576462],[-99.125624,19.576475],[-99.125636,19.576543],[-99.125742,19.576717],[-99.125863,19.576724],[-99.125877,19.576886],[-99.125863,19.576988],[-99.12587,19.577114],[-99.12587,19.577216],[-99.125919,19.577248],[-99.12597,19.577284],[-99.126077,19.57729],[-99.126219,19.577284],[-99.126311,19.577331],[-99.126339,19.577396],[-99.12634,19.577539],[-99.126368,19.5776],[-99.126489,19.57764],[-99.126602,19.577661],[-99.126674,19.57774],[-99.126731,19.577841],[-99.126802,19.577929],[-99.127008,19.578056],[-99.12715,19.578083],[-99.127292,19.578103],[-99.12742,19.578096],[-99.127619,19.577976],[-99.127722,19.577993],[-99.127721,19.577996],[-99.127905,19.578032],[-99.127963,19.578025],[-99.128027,19.577887],[-99.128168,19.577923],[-99.12833,19.577962],[-99.1286,19.578104],[-99.128727,19.578113],[-99.128873,19.578248],[-99.128898,19.578214],[-99.129012,19.578067],[-99.129094,19.57823],[-99.12949,19.578139],[-99.129464,19.578279],[-99.129448,19.578349],[-99.129464,19.578386],[-99.129469,19.578564],[-99.12954,19.57856],[-99.12949,19.578711],[-99.129435,19.578797],[-99.12942,19.578878],[-99.129498,19.578955],[-99.129472,19.579307],[-99.129455,19.579307],[-99.129436,19.579307],[-99.129436,19.579289],[-99.129417,19.579289],[-99.129398,19.579289],[-99.129379,19.579289],[-99.12936,19.579289],[-99.129341,19.579289],[-99.129322,19.579289],[-99.129302,19.579289],[-99.129283,19.579289],[-99.129264,19.579289],[-99.129245,19.579289],[-99.129226,19.579289],[-99.129207,19.57929],[-99.129188,19.57929],[-99.129169,19.57929],[-99.129169,19.579271],[-99.12915,19.579271],[-99.12915,19.579253],[-99.12915,19.579235],[-99.12915,19.579217],[-99.12915,19.579199],[-99.129131,19.579199],[-99.129131,19.579181],[-99.12915,19.579181],[-99.12915,19.579163],[-99.129169,19.579163],[-99.129188,19.579163],[-99.129188,19.579145],[-99.129207,19.579145],[-99.129226,19.579145],[-99.129226,19.579127],[-99.129245,19.579127],[-99.129245,19.579109],[-99.129264,19.579109],[-99.129264,19.579091],[-99.129283,19.579091],[-99.129283,19.579087],[-99.129225,19.579091],[-99.129161,19.57906],[-99.129111,19.579026],[-99.128962,19.579019],[-99.128856,19.579033],[-99.128735,19.579087],[-99.128657,19.579119],[-99.128557,19.579119],[-99.128408,19.579132],[-99.128167,19.57916],[-99.128067,19.57916],[-99.127954,19.579167],[-99.127826,19.579201],[-99.127726,19.579207],[-99.127556,19.579201],[-99.127392,19.579228],[-99.127279,19.579309],[-99.127215,19.579377],[-99.127187,19.579436],[-99.127181,19.579438],[-99.12718,19.579439],[-99.127094,19.57947],[-99.126931,19.579545],[-99.126881,19.579626],[-99.126863,19.579734],[-99.126746,19.579735],[-99.126626,19.579755],[-99.126548,19.579807],[-99.126476,19.579868],[-99.126384,19.579748],[-99.126313,19.579681],[-99.126199,19.579633],[-99.126135,19.579552],[-99.126135,19.579444],[-99.126135,19.579303],[-99.126078,19.579215],[-99.126,19.579161],[-99.125964,19.579222],[-99.125964,19.579337],[-99.125915,19.579419],[-99.125829,19.579378],[-99.125829,19.579277],[-99.125872,19.579188],[-99.125893,19.579121],[-99.125893,19.579048],[-99.125829,19.578987],[-99.12573,19.578967],[-99.125659,19.578994],[-99.125659,19.579089],[-99.125687,19.579148],[-99.125709,19.57927],[-99.125666,19.579324],[-99.125687,19.579385],[-99.12578,19.579444],[-99.125865,19.579545],[-99.125837,19.579613],[-99.125681,19.579634],[-99.125624,19.579559],[-99.125602,19.579471],[-99.125552,19.579406],[-99.125538,19.579345],[-99.125502,19.579277],[-99.125439,19.579223],[-99.125332,19.579223],[-99.125233,19.579291],[-99.125119,19.579385],[-99.125027,19.579471],[-99.124977,19.579566],[-99.124927,19.579621],[-99.124743,19.579573],[-99.12465,19.57958],[-99.124642,19.579584],[-99.124523,19.579509]]]]}},{"type":"Feature","properties":{"area":"Sierra de Guadalupe (local)","zona":"Zona con AHI","zona_k":"con ahi","ha":2.73},"geometry":{"type":"MultiPolygon","coordinates":[[[[-99.127772,19.576281],[-99.127779,19.576146],[-99.127794,19.576146],[-99.127794,19.576128],[-99.127813,19.576128],[-99.127832,19.576127],[-99.127832,19.576109],[-99.127851,19.576109],[-99.12787,19.576109],[-99.12787,19.576091],[-99.127889,19.576091],[-99.127889,19.576073],[-99.127889,19.576055],[-99.127889,19.576037],[-99.127889,19.576019],[-99.127889,19.576015],[-99.127998,19.576003],[-99.127936,19.575696],[-99.128073,19.575562],[-99.12837,19.575312],[-99.128414,19.575298],[-99.128561,19.575142],[-99.128631,19.575142],[-99.128647,19.575137],[-99.128765,19.575049],[-99.128802,19.575022],[-99.128827,19.575004],[-99.128869,19.57499],[-99.128874,19.574884],[-99.128883,19.574805],[-99.128981,19.574674],[-99.129303,19.574434],[-99.129494,19.574617],[-99.129656,19.574786],[-99.129939,19.575069],[-99.129908,19.575109],[-99.129735,19.575534],[-99.129945,19.575699],[-99.129996,19.575717],[-99.13004,19.575884],[-99.129987,19.576011],[-99.129822,19.576056],[-99.129626,19.576031],[-99.129588,19.576025],[-99.129617,19.576298],[-99.129609,19.576318],[-99.129488,19.576305],[-99.129411,19.576312],[-99.129173,19.576294],[-99.128872,19.576244],[-99.128654,19.576125],[-99.128301,19.576073],[-99.128264,19.576068],[-99.128247,19.576068],[-99.127936,19.576206],[-99.127774,19.576277],[-99.127772,19.576281]]]]}},{"type":"Feature","properties":{"area":"Sierra de Guadalupe (local)","zona":"Restauración Ecológica","zona_k":"restauracion ecologica","ha":4.47},"geometry":{"type":"MultiPolygon","coordinates":[[[[-99.120979,19.574623],[-99.120813,19.574599],[-99.120642,19.574678],[-99.120486,19.57461],[-99.120252,19.574635],[-99.120164,19.57464],[-99.120071,19.574644],[-99.119998,19.574647],[-99.119869,19.574654],[-99.119798,19.574658],[-99.119715,19.574649],[-99.119603,19.574584],[-99.119599,19.574582],[-99.11958,19.57457],[-99.119546,19.574531],[-99.119528,19.57451],[-99.119524,19.574505],[-99.119702,19.574457],[-99.119791,19.574396],[-99.119867,19.57437],[-99.119878,19.574366],[-99.119921,19.574351],[-99.120002,19.574249],[-99.120099,19.574174],[-99.120171,19.574082],[-99.120228,19.573944],[-99.120171,19.573897],[-99.120212,19.573781],[-99.120285,19.573691],[-99.120357,19.573605],[-99.120422,19.573512],[-99.120454,19.573422],[-99.120566,19.57337],[-99.120592,19.573435],[-99.120778,19.573467],[-99.120956,19.57346],[-99.121159,19.57336],[-99.121272,19.573313],[-99.121458,19.573313],[-99.121612,19.573313],[-99.121806,19.573313],[-99.121899,19.573312],[-99.121999,19.573274],[-99.121984,19.573184],[-99.121947,19.572829],[-99.121852,19.572255],[-99.121743,19.571894],[-99.121766,19.571781],[-99.121932,19.571846],[-99.121949,19.571903],[-99.121931,19.571977],[-99.121913,19.572045],[-99.121913,19.572129],[-99.121967,19.572221],[-99.122038,19.57223],[-99.122135,19.572196],[-99.122233,19.572187],[-99.122275,19.572291],[-99.122278,19.572348],[-99.122224,19.572381],[-99.122144,19.572415],[-99.122082,19.572474],[-99.122047,19.572592],[-99.12202,19.572669],[-99.122109,19.572727],[-99.122171,19.572727],[-99.122287,19.572743],[-99.122411,19.572811],[-99.122491,19.572829],[-99.122633,19.572795],[-99.122722,19.572828],[-99.122696,19.572885],[-99.122651,19.572987],[-99.122607,19.573063],[-99.122642,19.573172],[-99.122669,19.573283],[-99.122731,19.573391],[-99.122731,19.573493],[-99.122731,19.573628],[-99.122652,19.573703],[-99.122589,19.573771],[-99.122572,19.573854],[-99.122643,19.573965],[-99.122613,19.574137],[-99.122599,19.574274],[-99.122572,19.574376],[-99.122563,19.574469],[-99.122554,19.57457],[-99.12251,19.574697],[-99.122421,19.574738],[-99.122411,19.574729],[-99.121971,19.574702],[-99.121906,19.574697],[-99.121652,19.574664],[-99.121181,19.574635],[-99.120979,19.574623]]]]}},{"type":"Feature","properties":{"area":"Sierra de Guadalupe (local)","zona":"Protección con Uso Restringido","zona_k":"proteccion con uso restringido","ha":118.58},"geometry":{"type":"MultiPolygon","coordinates":[[[[-99.115775,19.573048],[-99.115881,19.572928],[-99.115938,19.572799],[-99.115924,19.572652],[-99.115824,19.572544],[-99.115703,19.57253],[-99.115561,19.572469],[-99.115483,19.572375],[-99.115476,19.572248],[-99.11554,19.572214],[-99.115689,19.572207],[-99.115717,19.572092],[-99.115845,19.572024],[-99.115973,19.572092],[-99.116115,19.572038],[-99.116272,19.571983],[-99.116456,19.57201],[-99.116641,19.57201],[-99.116733,19.57201],[-99.116875,19.571996],[-99.11695,19.571965],[-99.116883,19.571804],[-99.116791,19.571716],[-99.11666,19.571658],[-99.1165,19.571552],[-99.116399,19.571513],[-99.116357,19.571457],[-99.116293,19.571425],[-99.116373,19.571344],[-99.116397,19.571199],[-99.11647,19.571129],[-99.116543,19.57103],[-99.116632,19.570853],[-99.116729,19.570745],[-99.116761,19.570623],[-99.11685,19.570469],[-99.116858,19.570354],[-99.116866,19.570248],[-99.116874,19.570024],[-99.116882,19.569886],[-99.116955,19.569748],[-99.116987,19.569611],[-99.117003,19.569495],[-99.117019,19.569258],[-99.1171,19.569118],[-99.117092,19.56905],[-99.116987,19.56898],[-99.116833,19.56898],[-99.116744,19.568951],[-99.116663,19.568874],[-99.116582,19.568775],[-99.116484,19.568766],[-99.116379,19.568836],[-99.116306,19.568951],[-99.116226,19.569057],[-99.116161,19.56915],[-99.116056,19.569204],[-99.115967,19.56922],[-99.115861,19.569182],[-99.11574,19.569119],[-99.115619,19.569096],[-99.115513,19.569096],[-99.115446,19.569067],[-99.115576,19.568925],[-99.115644,19.568791],[-99.115661,19.56869],[-99.115661,19.568604],[-99.115616,19.568556],[-99.115544,19.568579],[-99.115535,19.568425],[-99.115603,19.568412],[-99.115688,19.568425],[-99.11577,19.568484],[-99.115937,19.568522],[-99.116072,19.568552],[-99.116153,19.568551],[-99.116302,19.568531],[-99.116518,19.568343],[-99.11658,19.568276],[-99.116744,19.568305],[-99.116884,19.568386],[-99.117024,19.568424],[-99.117157,19.568438],[-99.117297,19.568438],[-99.117302,19.568435],[-99.117381,19.568194],[-99.117408,19.56811],[-99.117417,19.567975],[-99.117417,19.567848],[-99.117417,19.56778],[-99.117497,19.56762],[-99.117612,19.567588],[-99.117683,19.567502],[-99.117869,19.567292],[-99.117869,19.567208],[-99.117949,19.567107],[-99.117922,19.567032],[-99.117869,19.56698],[-99.117913,19.566838],[-99.118029,19.566829],[-99.118108,19.566804],[-99.118135,19.566661],[-99.118233,19.566618],[-99.118304,19.566677],[-99.118269,19.566847],[-99.118322,19.56693],[-99.118384,19.567005],[-99.118491,19.566989],[-99.118499,19.566921],[-99.118446,19.566853],[-99.118348,19.566788],[-99.118357,19.56672],[-99.118411,19.566686],[-99.118402,19.566609],[-99.118517,19.566501],[-99.118677,19.566424],[-99.118845,19.56634],[-99.118916,19.566266],[-99.119076,19.566189],[-99.119183,19.566087],[-99.119209,19.565954],[-99.119031,19.565979],[-99.118836,19.566004],[-99.118685,19.56618],[-99.11857,19.566291],[-99.118464,19.566399],[-99.11833,19.566451],[-99.11825,19.566383],[-99.118179,19.566316],[-99.118091,19.566248],[-99.118099,19.566173],[-99.118215,19.566155],[-99.118233,19.566081],[-99.118259,19.565963],[-99.118383,19.565886],[-99.118481,19.565852],[-99.118667,19.565886],[-99.118818,19.565827],[-99.118783,19.56576],[-99.118649,19.56576],[-99.118534,19.565735],[-99.118454,19.565676],[-99.11841,19.565575],[-99.118552,19.565565],[-99.118596,19.565617],[-99.118694,19.565624],[-99.118711,19.565549],[-99.118676,19.5655],[-99.118596,19.565441],[-99.118605,19.565364],[-99.118711,19.565355],[-99.118747,19.565281],[-99.118827,19.565281],[-99.118853,19.565339],[-99.118854,19.565482],[-99.118854,19.565574],[-99.118925,19.565667],[-99.119067,19.565716],[-99.119022,19.565777],[-99.119147,19.565784],[-99.119236,19.565691],[-99.119262,19.565592],[-99.119342,19.565583],[-99.119422,19.565472],[-99.119413,19.565398],[-99.119333,19.565389],[-99.119173,19.56533],[-99.119084,19.565163],[-99.119013,19.565154],[-99.118924,19.565154],[-99.118835,19.565195],[-99.118791,19.56512],[-99.118818,19.565037],[-99.118685,19.56496],[-99.118622,19.564901],[-99.118667,19.564827],[-99.118764,19.564799],[-99.118853,19.564793],[-99.118986,19.56474],[-99.119102,19.564707],[-99.119252,19.564632],[-99.119332,19.564573],[-99.119359,19.564456],[-99.119368,19.564379],[-99.119457,19.564252],[-99.119519,19.564243],[-99.119625,19.564304],[-99.119625,19.564379],[-99.119563,19.56448],[-99.119457,19.56448],[-99.119403,19.56453],[-99.119474,19.564589],[-99.119528,19.564614],[-99.11959,19.564598],[-99.119625,19.564514],[-99.119679,19.564489],[-99.119767,19.564514],[-99.119883,19.564505],[-99.119972,19.564505],[-99.120202,19.56448],[-99.120238,19.564437],[-99.120309,19.564344],[-99.12046,19.564251],[-99.120593,19.564269],[-99.120682,19.564269],[-99.120771,19.564328],[-99.120842,19.564461],[-99.120949,19.564588],[-99.121046,19.564631],[-99.121108,19.56464],[-99.121286,19.564705],[-99.121499,19.564739],[-99.121686,19.564815],[-99.121872,19.564824],[-99.12197,19.564824],[-99.12213,19.564824],[-99.12221,19.564908],[-99.122334,19.565016],[-99.122503,19.565034],[-99.122618,19.564932],[-99.122707,19.564865],[-99.122751,19.564781],[-99.122751,19.564688],[-99.122751,19.56458],[-99.122867,19.564494],[-99.123062,19.564546],[-99.123089,19.564629],[-99.123089,19.564731],[-99.12308,19.56479],[-99.122982,19.564864],[-99.122867,19.564898],[-99.122787,19.564916],[-99.122654,19.565009],[-99.122592,19.5651],[-99.122512,19.565201],[-99.122387,19.565226],[-99.122237,19.565192],[-99.122165,19.56522],[-99.122041,19.565211],[-99.121926,19.565152],[-99.121873,19.565109],[-99.121805,19.565109],[-99.121775,19.565109],[-99.121695,19.565134],[-99.121668,19.565227],[-99.121615,19.565168],[-99.12157,19.565127],[-99.121464,19.565152],[-99.121446,19.565069],[-99.121446,19.564967],[-99.121357,19.564917],[-99.121224,19.564967],[-99.121171,19.565035],[-99.121118,19.565085],[-99.121118,19.565177],[-99.121162,19.565254],[-99.121242,19.565295],[-99.121402,19.56532],[-99.121464,19.565347],[-99.121535,19.565421],[-99.121535,19.565505],[-99.121589,19.565557],[-99.121686,19.565631],[-99.121686,19.565708],[-99.121757,19.5658],[-99.121829,19.56585],[-99.1219,19.565825],[-99.121979,19.565742],[-99.12206,19.565733],[-99.122148,19.565748],[-99.122157,19.565834],[-99.122113,19.5659],[-99.121927,19.565968],[-99.1219,19.56602],[-99.121944,19.566128],[-99.122077,19.566196],[-99.122202,19.566196],[-99.12238,19.566186],[-99.12253,19.566186],[-99.122628,19.566229],[-99.12265,19.566274],[-99.122681,19.566337],[-99.12269,19.566356],[-99.12269,19.566455],[-99.122673,19.566591],[-99.122619,19.566665],[-99.122549,19.566726],[-99.122442,19.566767],[-99.1223,19.566758],[-99.122167,19.566717],[-99.122051,19.566751],[-99.121927,19.566878],[-99.121821,19.566987],[-99.121749,19.567045],[-99.12159,19.567172],[-99.12143,19.567197],[-99.121306,19.567281],[-99.121199,19.5674],[-99.121057,19.567568],[-99.12096,19.567719],[-99.120836,19.567947],[-99.120694,19.568192],[-99.120632,19.568469],[-99.120664,19.568578],[-99.120722,19.568524],[-99.120802,19.568454],[-99.120915,19.568327],[-99.121075,19.568189],[-99.121201,19.568189],[-99.121288,19.568202],[-99.121361,19.568295],[-99.121408,19.568365],[-99.121454,19.568467],[-99.121521,19.56858],[-99.12158,19.56858],[-99.121614,19.56853],[-99.12164,19.56846],[-99.121667,19.568378],[-99.121704,19.568317],[-99.121679,19.568241],[-99.121679,19.568157],[-99.121679,19.568089],[-99.121573,19.568006],[-99.121511,19.567972],[-99.121413,19.567904],[-99.121368,19.567821],[-99.121439,19.567744],[-99.121572,19.567678],[-99.121644,19.567617],[-99.121794,19.567585],[-99.121883,19.567585],[-99.121981,19.567551],[-99.122025,19.567474],[-99.122087,19.567382],[-99.122229,19.567289],[-99.122336,19.56723],[-99.122425,19.567289],[-99.122522,19.567314],[-99.122611,19.56723],[-99.122611,19.567162],[-99.122584,19.567088],[-99.122647,19.567029],[-99.122806,19.566961],[-99.122922,19.566884],[-99.123001,19.566767],[-99.123037,19.566615],[-99.123037,19.566489],[-99.123019,19.56638],[-99.123019,19.566279],[-99.123072,19.566161],[-99.123196,19.566118],[-99.123258,19.566127],[-99.12333,19.566093],[-99.123427,19.566009],[-99.123631,19.565942],[-99.123631,19.565806],[-99.12364,19.56574],[-99.123682,19.565616],[-99.123569,19.565537],[-99.123383,19.56558],[-99.123418,19.565689],[-99.123347,19.565775],[-99.123276,19.565799],[-99.123178,19.565815],[-99.12301,19.5658],[-99.122823,19.565766],[-99.122743,19.565741],[-99.12269,19.565698],[-99.122903,19.56559],[-99.122956,19.565556],[-99.122956,19.565488],[-99.12293,19.565404],[-99.122921,19.565318],[-99.122894,19.565192],[-99.122982,19.565126],[-99.122982,19.565016],[-99.123204,19.564957],[-99.123329,19.565015],[-99.123453,19.565092],[-99.123506,19.565117],[-99.123569,19.56499],[-99.123648,19.564981],[-99.123782,19.565024],[-99.123888,19.56504],[-99.123986,19.56494],[-99.124092,19.564882],[-99.124238,19.564927],[-99.124238,19.564924],[-99.124238,19.564906],[-99.124238,19.564888],[-99.124238,19.564884],[-99.124293,19.564884],[-99.124288,19.564947],[-99.124431,19.565245],[-99.124454,19.565312],[-99.124496,19.565344],[-99.12456,19.565411],[-99.124741,19.565599],[-99.124768,19.565631],[-99.124814,19.565683],[-99.124899,19.565863],[-99.12491,19.566044],[-99.124915,19.566083],[-99.124912,19.566153],[-99.124898,19.566247],[-99.124892,19.566378],[-99.124875,19.566494],[-99.124871,19.56667],[-99.124894,19.566744],[-99.124888,19.566821],[-99.124892,19.566862],[-99.124898,19.566889],[-99.124908,19.566923],[-99.124951,19.567034],[-99.125126,19.567488],[-99.125108,19.567555],[-99.125249,19.567621],[-99.125264,19.567623],[-99.125309,19.567632],[-99.125418,19.567673],[-99.125248,19.568145],[-99.125073,19.568712],[-99.125068,19.568841],[-99.125061,19.568884],[-99.125167,19.569198],[-99.125156,19.56923],[-99.125129,19.569248],[-99.125025,19.569273],[-99.125005,19.569379],[-99.124962,19.569514],[-99.125094,19.569742],[-99.125203,19.570183],[-99.125227,19.570174],[-99.125236,19.570196],[-99.125234,19.570246],[-99.12525,19.570273],[-99.125256,19.570298],[-99.125284,19.570382],[-99.125337,19.570395],[-99.125354,19.570443],[-99.125398,19.570524],[-99.125655,19.57075],[-99.125799,19.570856],[-99.125857,19.570765],[-99.125868,19.57077],[-99.125876,19.570756],[-99.125968,19.570801],[-99.125947,19.57084],[-99.126148,19.570923],[-99.126252,19.570977],[-99.126452,19.570785],[-99.126315,19.570731],[-99.126503,19.570467],[-99.126513,19.570471],[-99.126842,19.570046],[-99.126924,19.570105],[-99.126974,19.570193],[-99.127115,19.570143],[-99.127207,19.57013],[-99.127276,19.570127],[-99.127346,19.569953],[-99.127349,19.569888],[-99.127363,19.569847],[-99.127427,19.569757],[-99.127516,19.569702],[-99.127556,19.569738],[-99.127614,19.569723],[-99.127626,19.569777],[-99.127651,19.569804],[-99.127696,19.569747],[-99.128095,19.569991],[-99.128105,19.569973],[-99.128327,19.570075],[-99.128302,19.570244],[-99.128296,19.570332],[-99.12827,19.570429],[-99.128269,19.570639],[-99.128211,19.570899],[-99.128202,19.570931],[-99.128151,19.571082],[-99.128068,19.571207],[-99.128047,19.571308],[-99.12803,19.571383],[-99.128044,19.571442],[-99.128057,19.571541],[-99.128042,19.571681],[-99.128096,19.571697],[-99.128481,19.571814],[-99.128406,19.571914],[-99.128361,19.572054],[-99.128214,19.572713],[-99.128271,19.572727],[-99.128352,19.572765],[-99.128296,19.572804],[-99.128202,19.572863],[-99.128082,19.572942],[-99.128032,19.572973],[-99.127984,19.573003],[-99.127907,19.573059],[-99.127464,19.573326],[-99.127462,19.573428],[-99.127501,19.573437],[-99.127501,19.573523],[-99.127373,19.57367],[-99.127259,19.573744],[-99.127119,19.573803],[-99.127105,19.573862],[-99.127096,19.573952],[-99.127094,19.574009],[-99.127104,19.574072],[-99.127114,19.574171],[-99.127114,19.574221],[-99.127116,19.574411],[-99.127112,19.574535],[-99.127094,19.574558],[-99.127073,19.574583],[-99.12693,19.574718],[-99.126885,19.574779],[-99.126772,19.574752],[-99.126752,19.574743],[-99.126708,19.574723],[-99.126629,19.574716],[-99.126621,19.574712],[-99.126575,19.574689],[-99.126546,19.574685],[-99.126401,19.574674],[-99.126394,19.574701],[-99.12635,19.574685],[-99.126196,19.574595],[-99.126118,19.574558],[-99.125966,19.5745],[-99.125884,19.574523],[-99.125861,19.574543],[-99.125819,19.574577],[-99.125768,19.574654],[-99.125726,19.574805],[-99.125685,19.575072],[-99.12573,19.575087],[-99.12577,19.57511],[-99.125893,19.575112],[-99.126099,19.575135],[-99.126111,19.575126],[-99.126127,19.575112],[-99.12622,19.574943],[-99.126386,19.575089],[-99.126427,19.57515],[-99.126496,19.57518],[-99.126549,19.575202],[-99.126516,19.575378],[-99.126532,19.575586],[-99.126597,19.575586],[-99.126789,19.575737],[-99.126899,19.575767],[-99.126904,19.576094],[-99.127006,19.576148],[-99.127645,19.576094],[-99.127717,19.576035],[-99.127889,19.576015],[-99.127889,19.576019],[-99.127889,19.576037],[-99.127889,19.576055],[-99.127889,19.576073],[-99.127889,19.576091],[-99.12787,19.576091],[-99.12787,19.576109],[-99.127851,19.576109],[-99.127832,19.576109],[-99.127832,19.576127],[-99.127813,19.576128],[-99.127794,19.576128],[-99.127794,19.576146],[-99.127774,19.576146],[-99.127755,19.576146],[-99.127736,19.576146],[-99.127736,19.576164],[-99.127717,19.576164],[-99.127717,19.576182],[-99.127698,19.576182],[-99.127679,19.576182],[-99.127679,19.5762],[-99.12766,19.5762],[-99.127641,19.5762],[-99.127641,19.576218],[-99.127622,19.576218],[-99.127603,19.576218],[-99.127603,19.576236],[-99.127584,19.576236],[-99.127584,19.576254],[-99.127565,19.576254],[-99.127546,19.576254],[-99.127546,19.576272],[-99.127527,19.576272],[-99.127508,19.576272],[-99.127508,19.57629],[-99.127489,19.57629],[-99.127469,19.57629],[-99.127469,19.576308],[-99.12745,19.576309],[-99.127431,19.576309],[-99.127431,19.576327],[-99.127412,19.576327],[-99.127412,19.576345],[-99.127393,19.576345],[-99.127393,19.576363],[-99.127393,19.576381],[-99.127374,19.576381],[-99.127374,19.576399],[-99.127374,19.576417],[-99.127355,19.576417],[-99.127355,19.576435],[-99.127355,19.576453],[-99.127336,19.576453],[-99.127336,19.576471],[-99.127336,19.576489],[-99.127317,19.576489],[-99.127317,19.576507],[-99.127317,19.576525],[-99.127336,19.576525],[-99.127336,19.576544],[-99.127336,19.576562],[-99.127336,19.57658],[-99.127336,19.576598],[-99.127355,19.576598],[-99.127355,19.576616],[-99.127355,19.576634],[-99.127355,19.576652],[-99.127355,19.57667],[-99.127374,19.57667],[-99.127374,19.576688],[-99.127374,19.576706],[-99.127374,19.576724],[-99.127374,19.576742],[-99.127375,19.57676],[-99.127355,19.57676],[-99.127355,19.576778],[-99.127355,19.576797],[-99.127336,19.576797],[-99.127336,19.576815],[-99.127336,19.576833],[-99.127317,19.576833],[-99.127317,19.576851],[-99.127317,19.576869],[-99.127298,19.576869],[-99.127279,19.576869],[-99.127279,19.576887],[-99.12726,19.576887],[-99.127241,19.576887],[-99.127241,19.576905],[-99.127222,19.576905],[-99.127222,19.576923],[-99.127222,19.576941],[-99.127222,19.576959],[-99.127241,19.576959],[-99.127241,19.576977],[-99.127241,19.576995],[-99.12726,19.576995],[-99.12726,19.577014],[-99.127279,19.577014],[-99.127279,19.577032],[-99.127298,19.577032],[-99.127298,19.57705],[-99.127298,19.577068],[-99.127318,19.577068],[-99.127318,19.577086],[-99.127318,19.577104],[-99.127298,19.577104],[-99.127299,19.577122],[-99.127299,19.57714],[-99.127279,19.57714],[-99.127279,19.577158],[-99.127279,19.577176],[-99.12726,19.577176],[-99.12726,19.577194],[-99.12726,19.577212],[-99.127241,19.577212],[-99.127241,19.577236],[-99.127135,19.577174],[-99.127109,19.577086],[-99.127071,19.577032],[-99.126822,19.576845],[-99.12673,19.57677],[-99.12668,19.576689],[-99.126772,19.576623],[-99.1269,19.576596],[-99.126914,19.576515],[-99.126687,19.576407],[-99.126573,19.576407],[-99.126488,19.576434],[-99.126396,19.576475],[-99.126339,19.576542],[-99.12636,19.576617],[-99.12641,19.576703],[-99.126417,19.576784],[-99.126417,19.576872],[-99.126367,19.57696],[-99.126268,19.576981],[-99.126211,19.576906],[-99.126161,19.57675],[-99.126069,19.576737],[-99.126047,19.576563],[-99.126047,19.576468],[-99.126047,19.576366],[-99.125994,19.576317],[-99.125892,19.576407],[-99.125771,19.576462],[-99.125624,19.576475],[-99.125522,19.576466],[-99.12548,19.576462],[-99.125426,19.576432],[-99.125359,19.57655],[-99.125287,19.576631],[-99.125266,19.576738],[-99.125309,19.576887],[-99.125352,19.576988],[-99.125366,19.577067],[-99.125473,19.577196],[-99.125473,19.577284],[-99.125373,19.577352],[-99.125288,19.577384],[-99.125181,19.577431],[-99.125181,19.577512],[-99.125253,19.57756],[-99.125317,19.577628],[-99.125359,19.577747],[-99.125324,19.577978],[-99.12526,19.578091],[-99.125139,19.578111],[-99.124941,19.578091],[-99.12477,19.578019],[-99.124706,19.577917],[-99.124706,19.577775],[-99.12472,19.577675],[-99.124777,19.57754],[-99.124926,19.577391],[-99.124997,19.57723],[-99.124968,19.577101],[-99.124911,19.577027],[-99.124833,19.576928],[-99.124776,19.576826],[-99.124733,19.576751],[-99.124634,19.576666],[-99.12452,19.576571],[-99.124413,19.576449],[-99.12435,19.576341],[-99.124335,19.576234],[-99.124335,19.576146],[-99.124314,19.576017],[-99.12413,19.576006],[-99.123924,19.576006],[-99.123747,19.576047],[-99.123626,19.576088],[-99.123533,19.576221],[-99.123505,19.576323],[-99.123398,19.576398],[-99.123328,19.57649],[-99.123235,19.576572],[-99.123171,19.57668],[-99.123143,19.576741],[-99.123122,19.5768],[-99.123193,19.57682],[-99.123115,19.57701],[-99.123065,19.577071],[-99.122959,19.577078],[-99.122845,19.577031],[-99.122802,19.576963],[-99.12271,19.576902],[-99.122667,19.576855],[-99.122546,19.576821],[-99.12244,19.576667],[-99.122511,19.576654],[-99.122582,19.57662],[-99.122553,19.576532],[-99.122468,19.576464],[-99.122369,19.576346],[-99.122248,19.576324],[-99.122127,19.576338],[-99.121964,19.576385],[-99.121814,19.576385],[-99.121685,19.576358],[-99.121712,19.576462],[-99.121707,19.576566],[-99.121849,19.576631],[-99.121994,19.576706],[-99.122137,19.576841],[-99.122221,19.57688],[-99.122304,19.576956],[-99.122352,19.576993],[-99.12246,19.577076],[-99.122594,19.577144],[-99.122739,19.577241],[-99.122778,19.577198],[-99.122846,19.577229],[-99.122908,19.577256],[-99.122947,19.577327],[-99.123089,19.577283],[-99.123151,19.577218],[-99.123214,19.57722],[-99.123314,19.577249],[-99.123395,19.577286],[-99.123473,19.577319],[-99.123556,19.577371],[-99.123571,19.577473],[-99.123643,19.577617],[-99.123644,19.577724],[-99.123641,19.577785],[-99.123889,19.577775],[-99.124045,19.577809],[-99.124109,19.577938],[-99.124166,19.578071],[-99.124173,19.5782],[-99.124124,19.578295],[-99.124045,19.578329],[-99.123953,19.57839],[-99.123967,19.578496],[-99.124095,19.57851],[-99.124209,19.57851],[-99.124252,19.578584],[-99.12433,19.578584],[-99.124436,19.578557],[-99.124514,19.578557],[-99.124635,19.578557],[-99.124714,19.578618],[-99.124714,19.57874],[-99.124678,19.578832],[-99.1246,19.578866],[-99.124465,19.578887],[-99.124351,19.578914],[-99.124352,19.579029],[-99.124458,19.579083],[-99.124536,19.57909],[-99.124657,19.57909],[-99.124792,19.579049],[-99.124899,19.578988],[-99.125059,19.578909],[-99.125055,19.578995],[-99.12497,19.579083],[-99.12487,19.579155],[-99.124828,19.579216],[-99.124721,19.579311],[-99.124686,19.579386],[-99.124686,19.579451],[-99.124622,19.579519],[-99.124544,19.579512],[-99.124523,19.579509],[-99.122867,19.578472],[-99.120742,19.576887],[-99.118321,19.575052],[-99.117181,19.574205],[-99.115758,19.57314],[-99.115775,19.573048]],[[-99.119798,19.574658],[-99.119869,19.574654],[-99.119998,19.574647],[-99.120071,19.574644],[-99.120164,19.57464],[-99.120252,19.574635],[-99.120486,19.57461],[-99.120642,19.574678],[-99.120813,19.574599],[-99.120979,19.574623],[-99.121181,19.574635],[-99.121652,19.574664],[-99.121906,19.574697],[-99.121971,19.574702],[-99.122411,19.574729],[-99.122421,19.574738],[-99.12251,19.574697],[-99.122554,19.57457],[-99.122563,19.574469],[-99.122572,19.574376],[-99.122599,19.574274],[-99.122613,19.574137],[-99.122643,19.573965],[-99.122572,19.573854],[-99.122589,19.573771],[-99.122652,19.573703],[-99.122731,19.573628],[-99.122731,19.573493],[-99.122731,19.573391],[-99.122669,19.573283],[-99.122642,19.573172],[-99.122607,19.573063],[-99.122651,19.572987],[-99.122696,19.572885],[-99.122722,19.572828],[-99.122633,19.572795],[-99.122491,19.572829],[-99.122411,19.572811],[-99.122287,19.572743],[-99.122171,19.572727],[-99.122109,19.572727],[-99.12202,19.572669],[-99.122047,19.572592],[-99.122082,19.572474],[-99.122144,19.572415],[-99.122224,19.572381],[-99.122278,19.572348],[-99.122275,19.572291],[-99.122233,19.572187],[-99.122135,19.572196],[-99.122038,19.57223],[-99.121967,19.572221],[-99.121913,19.572129],[-99.121913,19.572045],[-99.121931,19.571977],[-99.121949,19.571903],[-99.121932,19.571846],[-99.121766,19.571781],[-99.121743,19.571894],[-99.121852,19.572255],[-99.121947,19.572829],[-99.121984,19.573184],[-99.121999,19.573274],[-99.121899,19.573312],[-99.121806,19.573313],[-99.121612,19.573313],[-99.121458,19.573313],[-99.121272,19.573313],[-99.121159,19.57336],[-99.120956,19.57346],[-99.120778,19.573467],[-99.120592,19.573435],[-99.120566,19.57337],[-99.120454,19.573422],[-99.120422,19.573512],[-99.120357,19.573605],[-99.120285,19.573691],[-99.120212,19.573781],[-99.120171,19.573897],[-99.120228,19.573944],[-99.120171,19.574082],[-99.120099,19.574174],[-99.120002,19.574249],[-99.119921,19.574351],[-99.119878,19.574366],[-99.119867,19.57437],[-99.119791,19.574396],[-99.119702,19.574457],[-99.119524,19.574505],[-99.119528,19.57451],[-99.119546,19.574531],[-99.11958,19.57457],[-99.119599,19.574582],[-99.119603,19.574584],[-99.119715,19.574649],[-99.119798,19.574658]]]]}},{"type":"Feature","properties":{"area":"Sierra de Guadalupe (local)","zona":"Restauración Ecológica","zona_k":"restauracion ecologica","ha":10.77},"geometry":{"type":"MultiPolygon","coordinates":[[[[-99.111795,19.568835],[-99.112043,19.568685],[-99.112185,19.568651],[-99.112363,19.568592],[-99.112496,19.568567],[-99.112629,19.568549],[-99.112851,19.568474],[-99.112975,19.568357],[-99.113028,19.568212],[-99.112868,19.568045],[-99.112789,19.568011],[-99.11254,19.56796],[-99.112256,19.56786],[-99.11214,19.567725],[-99.112042,19.567564],[-99.111847,19.567456],[-99.111651,19.567431],[-99.111474,19.567456],[-99.111288,19.567608],[-99.111181,19.567633],[-99.111066,19.567531],[-99.111012,19.567414],[-99.111012,19.567287],[-99.111047,19.567188],[-99.111225,19.56712],[-99.111367,19.567077],[-99.111518,19.567077],[-99.111598,19.566984],[-99.111642,19.566799],[-99.111766,19.56674],[-99.111926,19.566765],[-99.112086,19.566884],[-99.112264,19.567036],[-99.112442,19.567144],[-99.112575,19.567279],[-99.112717,19.567539],[-99.11277,19.567758],[-99.113046,19.567894],[-99.113197,19.567749],[-99.113241,19.567607],[-99.11309,19.567437],[-99.112983,19.56732],[-99.112832,19.567187],[-99.112752,19.567042],[-99.112921,19.5669],[-99.113089,19.566773],[-99.113356,19.566705],[-99.113587,19.566588],[-99.113809,19.566639],[-99.113978,19.566739],[-99.114102,19.566924],[-99.11412,19.567075],[-99.114182,19.567202],[-99.114377,19.567235],[-99.114573,19.567127],[-99.114679,19.567109],[-99.114839,19.567109],[-99.114981,19.567118],[-99.115051,19.567183],[-99.11512,19.567117],[-99.11526,19.56691],[-99.115322,19.566652],[-99.115277,19.566547],[-99.115587,19.56657],[-99.115702,19.566638],[-99.115853,19.566731],[-99.11604,19.566839],[-99.116253,19.566848],[-99.116377,19.566746],[-99.116448,19.566687],[-99.116581,19.566644],[-99.116723,19.566619],[-99.116865,19.566561],[-99.117059,19.566545],[-99.117034,19.566637],[-99.116865,19.566737],[-99.116635,19.566839],[-99.116502,19.56694],[-99.116297,19.567117],[-99.116182,19.567151],[-99.116093,19.567176],[-99.116013,19.56721],[-99.115924,19.567243],[-99.115845,19.567302],[-99.115782,19.567429],[-99.115765,19.567555],[-99.115632,19.567815],[-99.115472,19.567815],[-99.11541,19.567908],[-99.115357,19.567976],[-99.115232,19.568026],[-99.115143,19.568051],[-99.115002,19.568051],[-99.114851,19.568051],[-99.114726,19.568051],[-99.114593,19.568044],[-99.114513,19.568078],[-99.114487,19.568229],[-99.114558,19.568288],[-99.1147,19.568363],[-99.114851,19.568464],[-99.114851,19.568523],[-99.114922,19.568634],[-99.11502,19.568692],[-99.115091,19.568767],[-99.115091,19.56885],[-99.115073,19.568952],[-99.114949,19.56902],[-99.114754,19.568986],[-99.114662,19.569043],[-99.114565,19.569129],[-99.114503,19.569214],[-99.114219,19.569373],[-99.114059,19.569373],[-99.113935,19.569298],[-99.113935,19.569129],[-99.114024,19.568971],[-99.114148,19.568776],[-99.114068,19.56865],[-99.113952,19.568582],[-99.113819,19.568573],[-99.113757,19.568634],[-99.11373,19.568734],[-99.113624,19.56886],[-99.113473,19.56886],[-99.113358,19.568802],[-99.113286,19.568743],[-99.113269,19.568567],[-99.113206,19.568474],[-99.113109,19.568499],[-99.113029,19.568574],[-99.113011,19.5687],[-99.113011,19.568836],[-99.113029,19.569003],[-99.113118,19.569139],[-99.113127,19.569299],[-99.113047,19.56934],[-99.11298,19.569344],[-99.1131,19.569525],[-99.113278,19.569678],[-99.113376,19.569753],[-99.113376,19.569904],[-99.11342,19.570015],[-99.113571,19.570046],[-99.113705,19.570132],[-99.113758,19.570266],[-99.113891,19.570333],[-99.113989,19.570426],[-99.114051,19.570536],[-99.114069,19.57062],[-99.113971,19.570738],[-99.113918,19.570839],[-99.113803,19.570905],[-99.113661,19.570898],[-99.113501,19.570898],[-99.113359,19.570966],[-99.113288,19.571059],[-99.113288,19.571142],[-99.11335,19.571251],[-99.113355,19.571308],[-99.112274,19.570481],[-99.111915,19.568969],[-99.111795,19.568835]]]]}},{"type":"Feature","properties":{"area":"Sierra de Guadalupe (local)","zona":"Protección con Uso Restringido","zona_k":"proteccion con uso restringido","ha":44.98},"geometry":{"type":"MultiPolygon","coordinates":[[[[-99.109602,19.566383],[-99.109602,19.566235],[-99.109559,19.566102],[-99.109502,19.56598],[-99.109467,19.565824],[-99.109418,19.56577],[-99.109331,19.56563],[-99.109382,19.565488],[-99.109422,19.565652],[-99.109489,19.56575],[-99.109627,19.565903],[-99.10977,19.566106],[-99.109858,19.565987],[-99.109876,19.56586],[-99.109876,19.565743],[-99.109894,19.565557],[-99.110009,19.565347],[-99.110089,19.56527],[-99.110186,19.565144],[-99.110186,19.565026],[-99.110124,19.564909],[-99.110009,19.564875],[-99.109893,19.564748],[-99.10992,19.564606],[-99.110044,19.564554],[-99.110123,19.564602],[-99.110248,19.564674],[-99.110355,19.564825],[-99.110462,19.564918],[-99.110577,19.564924],[-99.110719,19.564933],[-99.110941,19.564992],[-99.111083,19.56506],[-99.111199,19.565143],[-99.111253,19.565184],[-99.11135,19.565254],[-99.111483,19.565211],[-99.111572,19.565177],[-99.111696,19.565244],[-99.111874,19.565337],[-99.112078,19.565337],[-99.11222,19.56526],[-99.112424,19.565226],[-99.112646,19.565192],[-99.1127,19.565151],[-99.112779,19.565059],[-99.112833,19.565025],[-99.112872,19.564966],[-99.112947,19.564956],[-99.113145,19.564932],[-99.1134,19.564898],[-99.113621,19.564857],[-99.113806,19.564816],[-99.113955,19.564841],[-99.11407,19.564924],[-99.114237,19.565089],[-99.11444,19.56524],[-99.114564,19.565448],[-99.114676,19.565567],[-99.114851,19.5655],[-99.114993,19.565491],[-99.115153,19.565482],[-99.115277,19.565491],[-99.115357,19.565599],[-99.115481,19.56571],[-99.115579,19.56575],[-99.115668,19.56571],[-99.115739,19.565626],[-99.11589,19.565626],[-99.116023,19.565626],[-99.116121,19.565651],[-99.11621,19.565651],[-99.11629,19.565583],[-99.116316,19.565499],[-99.116334,19.565364],[-99.116494,19.565339],[-99.116636,19.565228],[-99.116778,19.565221],[-99.116929,19.565221],[-99.117115,19.565288],[-99.11722,19.565327],[-99.117275,19.565347],[-99.117399,19.565422],[-99.117515,19.56544],[-99.117595,19.565406],[-99.117595,19.565304],[-99.117595,19.565227],[-99.117657,19.565143],[-99.117843,19.565109],[-99.117967,19.565042],[-99.118038,19.564933],[-99.118145,19.564917],[-99.118243,19.564849],[-99.118438,19.564689],[-99.118544,19.564562],[-99.118677,19.564454],[-99.118748,19.564402],[-99.118961,19.56425],[-99.119112,19.564117],[-99.119334,19.563965],[-99.119441,19.563947],[-99.119592,19.563913],[-99.119689,19.563839],[-99.119849,19.563814],[-99.120044,19.563813],[-99.120222,19.563795],[-99.120408,19.563795],[-99.120568,19.563804],[-99.120728,19.563838],[-99.120906,19.563912],[-99.121048,19.563912],[-99.121164,19.563989],[-99.121243,19.564122],[-99.121341,19.564199],[-99.121483,19.564199],[-99.121545,19.564156],[-99.121678,19.564156],[-99.121785,19.564165],[-99.121927,19.564165],[-99.122078,19.56418],[-99.122185,19.564189],[-99.122371,19.564214],[-99.12246,19.564248],[-99.122646,19.564223],[-99.12278,19.564214],[-99.122877,19.564189],[-99.122975,19.564189],[-99.123126,19.56418],[-99.123313,19.564087],[-99.123526,19.564071],[-99.12365,19.564087],[-99.123783,19.56412],[-99.123908,19.56412],[-99.124023,19.564062],[-99.124103,19.564055],[-99.1242,19.564055],[-99.124245,19.564113],[-99.124307,19.564179],[-99.124325,19.564256],[-99.124325,19.564323],[-99.124289,19.564416],[-99.124281,19.564484],[-99.124316,19.564534],[-99.124333,19.564534],[-99.124396,19.564533],[-99.12444,19.564441],[-99.124574,19.564416],[-99.124662,19.56445],[-99.124751,19.564382],[-99.124751,19.564305],[-99.124902,19.564298],[-99.125017,19.564298],[-99.125115,19.564332],[-99.12516,19.564415],[-99.125293,19.564474],[-99.125391,19.56439],[-99.125515,19.56439],[-99.125591,19.56449],[-99.125649,19.564486],[-99.12558,19.564604],[-99.125104,19.564566],[-99.125056,19.56456],[-99.124992,19.564546],[-99.124864,19.564544],[-99.12482,19.564544],[-99.124628,19.564598],[-99.124434,19.564635],[-99.124311,19.564646],[-99.124293,19.564884],[-99.124238,19.564884],[-99.124238,19.564888],[-99.124238,19.564906],[-99.124238,19.564924],[-99.124238,19.564927],[-99.124092,19.564882],[-99.123986,19.56494],[-99.123888,19.56504],[-99.123782,19.565024],[-99.123648,19.564981],[-99.123569,19.56499],[-99.123506,19.565117],[-99.123453,19.565092],[-99.123329,19.565015],[-99.123204,19.564957],[-99.122982,19.565016],[-99.122982,19.565126],[-99.122894,19.565192],[-99.122921,19.565318],[-99.12293,19.565404],[-99.122956,19.565488],[-99.122956,19.565556],[-99.122903,19.56559],[-99.12269,19.565698],[-99.122743,19.565741],[-99.122823,19.565766],[-99.12301,19.5658],[-99.123178,19.565815],[-99.123276,19.565799],[-99.123347,19.565775],[-99.123418,19.565689],[-99.123383,19.56558],[-99.123569,19.565537],[-99.123682,19.565616],[-99.12364,19.56574],[-99.123631,19.565806],[-99.123631,19.565942],[-99.123427,19.566009],[-99.12333,19.566093],[-99.123258,19.566127],[-99.123196,19.566118],[-99.123072,19.566161],[-99.123019,19.566279],[-99.123019,19.56638],[-99.123037,19.566489],[-99.123037,19.566615],[-99.123001,19.566767],[-99.122922,19.566884],[-99.122806,19.566961],[-99.122647,19.567029],[-99.122584,19.567088],[-99.122611,19.567162],[-99.122611,19.56723],[-99.122522,19.567314],[-99.122425,19.567289],[-99.122336,19.56723],[-99.122229,19.567289],[-99.122087,19.567382],[-99.122025,19.567474],[-99.121981,19.567551],[-99.121883,19.567585],[-99.121794,19.567585],[-99.121644,19.567617],[-99.121572,19.567678],[-99.121439,19.567744],[-99.121368,19.567821],[-99.121413,19.567904],[-99.121511,19.567972],[-99.121573,19.568006],[-99.121679,19.568089],[-99.121679,19.568157],[-99.121679,19.568241],[-99.121704,19.568317],[-99.121667,19.568378],[-99.12164,19.56846],[-99.121614,19.56853],[-99.12158,19.56858],[-99.121521,19.56858],[-99.121454,19.568467],[-99.121408,19.568365],[-99.121361,19.568295],[-99.121288,19.568202],[-99.121201,19.568189],[-99.121075,19.568189],[-99.120915,19.568327],[-99.120802,19.568454],[-99.120722,19.568524],[-99.120664,19.568578],[-99.120632,19.568469],[-99.120694,19.568192],[-99.120836,19.567947],[-99.12096,19.567719],[-99.121057,19.567568],[-99.121199,19.5674],[-99.121306,19.567281],[-99.12143,19.567197],[-99.12159,19.567172],[-99.121749,19.567045],[-99.121821,19.566987],[-99.121927,19.566878],[-99.122051,19.566751],[-99.122167,19.566717],[-99.1223,19.566758],[-99.122442,19.566767],[-99.122549,19.566726],[-99.122619,19.566665],[-99.122673,19.566591],[-99.12269,19.566455],[-99.12269,19.566356],[-99.122681,19.566337],[-99.12265,19.566274],[-99.122628,19.566229],[-99.12253,19.566186],[-99.12238,19.566186],[-99.122202,19.566196],[-99.122077,19.566196],[-99.121944,19.566128],[-99.1219,19.56602],[-99.121927,19.565968],[-99.122113,19.5659],[-99.122157,19.565834],[-99.122148,19.565748],[-99.12206,19.565733],[-99.121979,19.565742],[-99.1219,19.565825],[-99.121829,19.56585],[-99.121757,19.5658],[-99.121686,19.565708],[-99.121686,19.565631],[-99.121589,19.565557],[-99.121535,19.565505],[-99.121535,19.565421],[-99.121464,19.565347],[-99.121402,19.56532],[-99.121242,19.565295],[-99.121162,19.565254],[-99.121118,19.565177],[-99.121118,19.565085],[-99.121171,19.565035],[-99.121224,19.564967],[-99.121357,19.564917],[-99.121446,19.564967],[-99.121446,19.565069],[-99.121464,19.565152],[-99.12157,19.565127],[-99.121615,19.565168],[-99.121668,19.565227],[-99.121695,19.565134],[-99.121775,19.565109],[-99.121805,19.565109],[-99.121873,19.565109],[-99.121926,19.565152],[-99.122041,19.565211],[-99.122165,19.56522],[-99.122237,19.565192],[-99.122387,19.565226],[-99.122512,19.565201],[-99.122592,19.5651],[-99.122654,19.565009],[-99.122787,19.564916],[-99.122867,19.564898],[-99.122982,19.564864],[-99.12308,19.56479],[-99.123089,19.564731],[-99.123089,19.564629],[-99.123062,19.564546],[-99.122867,19.564494],[-99.122751,19.56458],[-99.122751,19.564688],[-99.122751,19.564781],[-99.122707,19.564865],[-99.122618,19.564932],[-99.122503,19.565034],[-99.122334,19.565016],[-99.12221,19.564908],[-99.12213,19.564824],[-99.12197,19.564824],[-99.121872,19.564824],[-99.121686,19.564815],[-99.121499,19.564739],[-99.121286,19.564705],[-99.121108,19.56464],[-99.121046,19.564631],[-99.120949,19.564588],[-99.120842,19.564461],[-99.120771,19.564328],[-99.120682,19.564269],[-99.120593,19.564269],[-99.12046,19.564251],[-99.120309,19.564344],[-99.120238,19.564437],[-99.120202,19.56448],[-99.119972,19.564505],[-99.119883,19.564505],[-99.119767,19.564514],[-99.119679,19.564489],[-99.119625,19.564514],[-99.11959,19.564598],[-99.119528,19.564614],[-99.119474,19.564589],[-99.119403,19.56453],[-99.119457,19.56448],[-99.119563,19.56448],[-99.119625,19.564379],[-99.119625,19.564304],[-99.119519,19.564243],[-99.119457,19.564252],[-99.119368,19.564379],[-99.119359,19.564456],[-99.119332,19.564573],[-99.119252,19.564632],[-99.119102,19.564707],[-99.118986,19.56474],[-99.118853,19.564793],[-99.118764,19.564799],[-99.118667,19.564827],[-99.118622,19.564901],[-99.118685,19.56496],[-99.118818,19.565037],[-99.118791,19.56512],[-99.118835,19.565195],[-99.118924,19.565154],[-99.119013,19.565154],[-99.119084,19.565163],[-99.119173,19.56533],[-99.119333,19.565389],[-99.119413,19.565398],[-99.119422,19.565472],[-99.119342,19.565583],[-99.119262,19.565592],[-99.119236,19.565691],[-99.119147,19.565784],[-99.119022,19.565777],[-99.119067,19.565716],[-99.118925,19.565667],[-99.118854,19.565574],[-99.118854,19.565482],[-99.118853,19.565339],[-99.118827,19.565281],[-99.118747,19.565281],[-99.118711,19.565355],[-99.118605,19.565364],[-99.118596,19.565441],[-99.118676,19.5655],[-99.118711,19.565549],[-99.118694,19.565624],[-99.118596,19.565617],[-99.118552,19.565565],[-99.11841,19.565575],[-99.118454,19.565676],[-99.118534,19.565735],[-99.118649,19.56576],[-99.118783,19.56576],[-99.118818,19.565827],[-99.118667,19.565886],[-99.118481,19.565852],[-99.118383,19.565886],[-99.118259,19.565963],[-99.118233,19.566081],[-99.118215,19.566155],[-99.118099,19.566173],[-99.118091,19.566248],[-99.118179,19.566316],[-99.11825,19.566383],[-99.11833,19.566451],[-99.118464,19.566399],[-99.11857,19.566291],[-99.118685,19.56618],[-99.118836,19.566004],[-99.119031,19.565979],[-99.119209,19.565954],[-99.119183,19.566087],[-99.119076,19.566189],[-99.118916,19.566266],[-99.118845,19.56634],[-99.118677,19.566424],[-99.118517,19.566501],[-99.118402,19.566609],[-99.118411,19.566686],[-99.118357,19.56672],[-99.118348,19.566788],[-99.118446,19.566853],[-99.118499,19.566921],[-99.118491,19.566989],[-99.118384,19.567005],[-99.118322,19.56693],[-99.118269,19.566847],[-99.118304,19.566677],[-99.118233,19.566618],[-99.118135,19.566661],[-99.118108,19.566804],[-99.118029,19.566829],[-99.117913,19.566838],[-99.117869,19.56698],[-99.117922,19.567032],[-99.117949,19.567107],[-99.117869,19.567208],[-99.117869,19.567292],[-99.117683,19.567502],[-99.117612,19.567588],[-99.117497,19.56762],[-99.117417,19.56778],[-99.117417,19.567848],[-99.117417,19.567975],[-99.117408,19.56811],[-99.117381,19.568194],[-99.117302,19.568435],[-99.117297,19.568438],[-99.117157,19.568438],[-99.117024,19.568424],[-99.116884,19.568386],[-99.116744,19.568305],[-99.11658,19.568276],[-99.116518,19.568343],[-99.116302,19.568531],[-99.116153,19.568551],[-99.116072,19.568552],[-99.115937,19.568522],[-99.11577,19.568484],[-99.115688,19.568425],[-99.115603,19.568412],[-99.115535,19.568425],[-99.115544,19.568579],[-99.115616,19.568556],[-99.115661,19.568604],[-99.115661,19.56869],[-99.115644,19.568791],[-99.115576,19.568925],[-99.115446,19.569067],[-99.115513,19.569096],[-99.115619,19.569096],[-99.11574,19.569119],[-99.115861,19.569182],[-99.115967,19.56922],[-99.116056,19.569204],[-99.116161,19.56915],[-99.116226,19.569057],[-99.116306,19.568951],[-99.116379,19.568836],[-99.116484,19.568766],[-99.116582,19.568775],[-99.116663,19.568874],[-99.116744,19.568951],[-99.116833,19.56898],[-99.116987,19.56898],[-99.117092,19.56905],[-99.1171,19.569118],[-99.117019,19.569258],[-99.117003,19.569495],[-99.116987,19.569611],[-99.116955,19.569748],[-99.116882,19.569886],[-99.116874,19.570024],[-99.116866,19.570248],[-99.116858,19.570354],[-99.11685,19.570469],[-99.116761,19.570623],[-99.116729,19.570745],[-99.116632,19.570853],[-99.116543,19.57103],[-99.11647,19.571129],[-99.116397,19.571199],[-99.116373,19.571344],[-99.116293,19.571425],[-99.116357,19.571457],[-99.116399,19.571513],[-99.1165,19.571552],[-99.11666,19.571658],[-99.116791,19.571716],[-99.116883,19.571804],[-99.11695,19.571965],[-99.116875,19.571996],[-99.116733,19.57201],[-99.116641,19.57201],[-99.116456,19.57201],[-99.116272,19.571983],[-99.116115,19.572038],[-99.115973,19.572092],[-99.115845,19.572024],[-99.115717,19.572092],[-99.115689,19.572207],[-99.11554,19.572214],[-99.115476,19.572248],[-99.115483,19.572375],[-99.115561,19.572469],[-99.115703,19.57253],[-99.115824,19.572544],[-99.115924,19.572652],[-99.115938,19.572799],[-99.115881,19.572928],[-99.115775,19.573048],[-99.115758,19.57314],[-99.115288,19.572788],[-99.113355,19.571308],[-99.11335,19.571251],[-99.113288,19.571142],[-99.113288,19.571059],[-99.113359,19.570966],[-99.113501,19.570898],[-99.113661,19.570898],[-99.113803,19.570905],[-99.113918,19.570839],[-99.113971,19.570738],[-99.114069,19.57062],[-99.114051,19.570536],[-99.113989,19.570426],[-99.113891,19.570333],[-99.113758,19.570266],[-99.113705,19.570132],[-99.113571,19.570046],[-99.11342,19.570015],[-99.113376,19.569904],[-99.113376,19.569753],[-99.113278,19.569678],[-99.1131,19.569525],[-99.11298,19.569344],[-99.113047,19.56934],[-99.113127,19.569299],[-99.113118,19.569139],[-99.113029,19.569003],[-99.113011,19.568836],[-99.113011,19.5687],[-99.113029,19.568574],[-99.113109,19.568499],[-99.113206,19.568474],[-99.113269,19.568567],[-99.113286,19.568743],[-99.113358,19.568802],[-99.113473,19.56886],[-99.113624,19.56886],[-99.11373,19.568734],[-99.113757,19.568634],[-99.113819,19.568573],[-99.113952,19.568582],[-99.114068,19.56865],[-99.114148,19.568776],[-99.114024,19.568971],[-99.113935,19.569129],[-99.113935,19.569298],[-99.114059,19.569373],[-99.114219,19.569373],[-99.114503,19.569214],[-99.114565,19.569129],[-99.114662,19.569043],[-99.114754,19.568986],[-99.114949,19.56902],[-99.115073,19.568952],[-99.115091,19.56885],[-99.115091,19.568767],[-99.11502,19.568692],[-99.114922,19.568634],[-99.114851,19.568523],[-99.114851,19.568464],[-99.1147,19.568363],[-99.114558,19.568288],[-99.114487,19.568229],[-99.114513,19.568078],[-99.114593,19.568044],[-99.114726,19.568051],[-99.114851,19.568051],[-99.115002,19.568051],[-99.115143,19.568051],[-99.115232,19.568026],[-99.115357,19.567976],[-99.11541,19.567908],[-99.115472,19.567815],[-99.115632,19.567815],[-99.115765,19.567555],[-99.115782,19.567429],[-99.115845,19.567302],[-99.115924,19.567243],[-99.116013,19.56721],[-99.116093,19.567176],[-99.116182,19.567151],[-99.116297,19.567117],[-99.116502,19.56694],[-99.116635,19.566839],[-99.116865,19.566737],[-99.117034,19.566637],[-99.117059,19.566545],[-99.116865,19.566561],[-99.116723,19.566619],[-99.116581,19.566644],[-99.116448,19.566687],[-99.116377,19.566746],[-99.116253,19.566848],[-99.11604,19.566839],[-99.115853,19.566731],[-99.115702,19.566638],[-99.115587,19.56657],[-99.115277,19.566547],[-99.115322,19.566652],[-99.11526,19.56691],[-99.11512,19.567117],[-99.115051,19.567183],[-99.114981,19.567118],[-99.114839,19.567109],[-99.114679,19.567109],[-99.114573,19.567127],[-99.114377,19.567235],[-99.114182,19.567202],[-99.11412,19.567075],[-99.114102,19.566924],[-99.113978,19.566739],[-99.113809,19.566639],[-99.113587,19.566588],[-99.113356,19.566705],[-99.113089,19.566773],[-99.112921,19.5669],[-99.112752,19.567042],[-99.112832,19.567187],[-99.112983,19.56732],[-99.11309,19.567437],[-99.113241,19.567607],[-99.113197,19.567749],[-99.113046,19.567894],[-99.11277,19.567758],[-99.112717,19.567539],[-99.112575,19.567279],[-99.112442,19.567144],[-99.112264,19.567036],[-99.112086,19.566884],[-99.111926,19.566765],[-99.111766,19.56674],[-99.111642,19.566799],[-99.111598,19.566984],[-99.111518,19.567077],[-99.111367,19.567077],[-99.111225,19.56712],[-99.111047,19.567188],[-99.111012,19.567287],[-99.111012,19.567414],[-99.111066,19.567531],[-99.111181,19.567633],[-99.111288,19.567608],[-99.111474,19.567456],[-99.111651,19.567431],[-99.111847,19.567456],[-99.112042,19.567564],[-99.11214,19.567725],[-99.112256,19.56786],[-99.11254,19.56796],[-99.112789,19.568011],[-99.112868,19.568045],[-99.113028,19.568212],[-99.112975,19.568357],[-99.112851,19.568474],[-99.112629,19.568549],[-99.112496,19.568567],[-99.112363,19.568592],[-99.112185,19.568651],[-99.112043,19.568685],[-99.111795,19.568835],[-99.109602,19.566383]]]]}},{"type":"Feature","properties":{"area":"Sierra de Guadalupe (local)","zona":"Restauración Ecológica","zona_k":"restauracion ecologica","ha":4.73},"geometry":{"type":"MultiPolygon","coordinates":[[[[-99.119618,19.551069],[-99.120918,19.549019],[-99.121128,19.549145],[-99.121234,19.54896],[-99.121248,19.54893],[-99.12125,19.548919],[-99.121656,19.549111],[-99.121826,19.549183],[-99.121721,19.5494],[-99.121692,19.549463],[-99.121682,19.549531],[-99.121687,19.549565],[-99.121705,19.549578],[-99.12163,19.549809],[-99.1216,19.5498],[-99.121533,19.549942],[-99.121491,19.550123],[-99.12168,19.550166],[-99.121838,19.550066],[-99.121887,19.550098],[-99.122088,19.549763],[-99.122089,19.549709],[-99.12232,19.549415],[-99.122459,19.549325],[-99.122473,19.549343],[-99.122545,19.549298],[-99.122539,19.549264],[-99.122576,19.549243],[-99.123177,19.548863],[-99.123212,19.548904],[-99.123223,19.549168],[-99.123209,19.549351],[-99.123197,19.549478],[-99.123173,19.549514],[-99.123157,19.55],[-99.123133,19.550129],[-99.123106,19.550213],[-99.123041,19.550407],[-99.12302,19.550424],[-99.122859,19.550443],[-99.122717,19.550471],[-99.122597,19.550471],[-99.122523,19.550462],[-99.122432,19.550462],[-99.12229,19.550444],[-99.122287,19.550488],[-99.122234,19.550554],[-99.122171,19.550498],[-99.122086,19.550455],[-99.121915,19.550408],[-99.121813,19.550412],[-99.121779,19.550559],[-99.121739,19.55065],[-99.121614,19.550724],[-99.121501,19.550743],[-99.12141,19.550758],[-99.121342,19.55084],[-99.121091,19.55084],[-99.120989,19.550833],[-99.120995,19.550903],[-99.120995,19.550985],[-99.120961,19.551066],[-99.121006,19.55112],[-99.121052,19.551172],[-99.121018,19.551222],[-99.120933,19.551281],[-99.12087,19.551308],[-99.120847,19.551233],[-99.12091,19.551141],[-99.120876,19.551066],[-99.120864,19.550989],[-99.120853,19.550915],[-99.120813,19.550849],[-99.120705,19.550845],[-99.12066,19.550763],[-99.12058,19.550802],[-99.120592,19.550883],[-99.120512,19.550935],[-99.120472,19.550861],[-99.120387,19.550764],[-99.120296,19.550935],[-99.120239,19.551094],[-99.120182,19.551125],[-99.120063,19.551125],[-99.120023,19.55118],[-99.120023,19.551238],[-99.119927,19.551261],[-99.119927,19.551191],[-99.119921,19.55111],[-99.119847,19.551028],[-99.119618,19.551069]]]]}},{"type":"Feature","properties":{"area":"Sierra de Guadalupe (local)","zona":"Zona con AHI","zona_k":"con ahi","ha":14.77},"geometry":{"type":"MultiPolygon","coordinates":[[[[-99.126271,19.542506],[-99.12628,19.542583],[-99.126341,19.542606],[-99.126594,19.542452],[-99.1267,19.542391],[-99.12678,19.542346],[-99.126882,19.542303],[-99.126954,19.542316],[-99.12701,19.542359],[-99.127052,19.5424],[-99.127105,19.542438],[-99.127158,19.542479],[-99.127241,19.542506],[-99.127344,19.542499],[-99.127567,19.54237],[-99.127703,19.542313],[-99.127797,19.542257],[-99.127869,19.542214],[-99.12793,19.542166],[-99.127975,19.542067],[-99.128066,19.541981],[-99.128134,19.541981],[-99.128209,19.542008],[-99.128263,19.542037],[-99.128342,19.542044],[-99.128395,19.541994],[-99.128467,19.541938],[-99.128524,19.541865],[-99.128565,19.541798],[-99.128663,19.541721],[-99.128778,19.541678],[-99.12891,19.541655],[-99.129004,19.54166],[-99.129076,19.541673],[-99.129151,19.541709],[-99.129254,19.541729],[-99.129378,19.541723],[-99.129469,19.54168],[-99.129545,19.541619],[-99.129583,19.541537],[-99.129609,19.541433],[-99.129643,19.541356],[-99.129692,19.541311],[-99.129764,19.54127],[-99.1299,19.541169],[-99.129957,19.541108],[-99.129991,19.541029],[-99.130002,19.540963],[-99.130006,19.540895],[-99.129979,19.540809],[-99.12996,19.540748],[-99.129968,19.540667],[-99.129998,19.540583],[-99.130055,19.540516],[-99.130123,19.540436],[-99.130172,19.540375],[-99.130248,19.540369],[-99.130334,19.540375],[-99.13041,19.540425],[-99.130456,19.540468],[-99.130509,19.540533],[-99.130558,19.540599],[-99.130611,19.540669],[-99.130664,19.540709],[-99.130728,19.540734],[-99.1308,19.540746],[-99.13088,19.540736],[-99.130974,19.540712],[-99.131065,19.540662],[-99.131125,19.540607],[-99.131186,19.540515],[-99.131163,19.540461],[-99.131091,19.540375],[-99.131106,19.540321],[-99.13111,19.540223],[-99.131053,19.540162],[-99.131045,19.540088],[-99.131166,19.539982],[-99.131219,19.539914],[-99.131284,19.539817],[-99.131382,19.539713],[-99.131458,19.53962],[-99.131537,19.539518],[-99.13159,19.53943],[-99.131643,19.539353],[-99.131718,19.53931],[-99.131786,19.53931],[-99.131858,19.539362],[-99.131915,19.539423],[-99.131983,19.539439],[-99.132055,19.539482],[-99.132154,19.539561],[-99.132278,19.539604],[-99.132362,19.539603],[-99.132433,19.539563],[-99.13252,19.539495],[-99.132717,19.539319],[-99.133016,19.539117],[-99.133163,19.539027],[-99.133258,19.539031],[-99.133326,19.539047],[-99.133371,19.539094],[-99.133413,19.539144],[-99.133474,19.539185],[-99.133538,19.539191],[-99.133647,19.53916],[-99.133723,19.539105],[-99.13378,19.539047],[-99.133863,19.538943],[-99.133935,19.538854],[-99.13401,19.538805],[-99.134097,19.538771],[-99.134203,19.538707],[-99.134411,19.538594],[-99.134463,19.538564],[-99.1362,19.539467],[-99.135944,19.539609],[-99.135818,19.539289],[-99.135116,19.539501],[-99.135031,19.539549],[-99.13517,19.539698],[-99.134788,19.539945],[-99.134137,19.539518],[-99.133919,19.539839],[-99.134073,19.53999],[-99.13371,19.540239],[-99.132922,19.541057],[-99.132521,19.541464],[-99.132309,19.541241],[-99.132181,19.541551],[-99.131603,19.541343],[-99.130897,19.541852],[-99.131173,19.54217],[-99.130695,19.542681],[-99.130544,19.542582],[-99.130114,19.543113],[-99.129933,19.543213],[-99.129377,19.542452],[-99.128788,19.542628],[-99.128659,19.542385],[-99.12853,19.542389],[-99.128054,19.542602],[-99.127874,19.542701],[-99.127819,19.542561],[-99.127303,19.542862],[-99.127074,19.543104],[-99.126478,19.543583],[-99.126231,19.543936],[-99.1261,19.543846],[-99.125783,19.544232],[-99.125359,19.543767],[-99.12563,19.543512],[-99.125337,19.543297],[-99.125628,19.542974],[-99.125817,19.542836],[-99.125842,19.542818],[-99.125864,19.542802],[-99.125885,19.542787],[-99.12596,19.542733],[-99.126056,19.542662],[-99.126132,19.542608],[-99.126271,19.542506]]]]}},{"type":"Feature","properties":{"area":"Sierra de Guadalupe (local)","zona":"Protección con Uso Restringido","zona_k":"proteccion con uso restringido","ha":4.91},"geometry":{"type":"MultiPolygon","coordinates":[[[[-99.127214,19.540258],[-99.130125,19.536308],[-99.13121,19.536872],[-99.131,19.53702],[-99.130849,19.537288],[-99.130657,19.537575],[-99.130466,19.537757],[-99.130244,19.537882],[-99.129921,19.537949],[-99.129669,19.537873],[-99.129406,19.537873],[-99.129235,19.537997],[-99.129064,19.538275],[-99.128993,19.538476],[-99.128893,19.538629],[-99.128832,19.538944],[-99.128974,19.539317],[-99.129156,19.53947],[-99.129166,19.5397],[-99.129146,19.539987],[-99.128995,19.540274],[-99.128864,19.540427],[-99.128531,19.540513],[-99.128339,19.540485],[-99.128117,19.540341],[-99.127905,19.540179],[-99.127693,19.540131],[-99.127522,19.540122],[-99.1273,19.540237],[-99.127214,19.540258]]]]}},{"type":"Feature","properties":{"area":"Sierra de Guadalupe (local)","zona":"Restauración Ecológica","zona_k":"restauracion ecologica","ha":7.66},"geometry":{"type":"MultiPolygon","coordinates":[[[[-99.132949,19.529653],[-99.133359,19.529333],[-99.133622,19.529313],[-99.133722,19.529084],[-99.13352,19.528778],[-99.133702,19.528471],[-99.133903,19.528337],[-99.134428,19.528318],[-99.134811,19.528509],[-99.134872,19.528796],[-99.134893,19.529083],[-99.134832,19.529465],[-99.134712,19.529905],[-99.13449,19.530288],[-99.134268,19.530671],[-99.134269,19.53113],[-99.134511,19.531627],[-99.134693,19.53199],[-99.134749,19.532397],[-99.132037,19.531725],[-99.132095,19.531598],[-99.132949,19.529653]]]]}},{"type":"Feature","properties":{"area":"Sierra de Guadalupe (local)","zona":"Zona de Uso Especial","zona_k":"uso especial","ha":2.31},"geometry":{"type":"MultiPolygon","coordinates":[[[[-99.118507,19.560127],[-99.118416,19.560074],[-99.118295,19.560046],[-99.11822,19.559998],[-99.118119,19.55995],[-99.118008,19.559826],[-99.117842,19.559746],[-99.117776,19.559741],[-99.117726,19.559717],[-99.117698,19.559674],[-99.117686,19.559634],[-99.117675,19.55955],[-99.117615,19.559502],[-99.117534,19.55945],[-99.117441,19.559419],[-99.117398,19.559397],[-99.117352,19.559366],[-99.117289,19.55934],[-99.117186,19.559343],[-99.11706,19.559398],[-99.117025,19.55945],[-99.116984,19.559517],[-99.116924,19.559577],[-99.116871,19.559563],[-99.11683,19.559505],[-99.116775,19.55946],[-99.116699,19.559419],[-99.116692,19.559367],[-99.116772,19.559281],[-99.116863,19.559223],[-99.116941,19.55919],[-99.117009,19.55914],[-99.117153,19.559082],[-99.117249,19.559025],[-99.117346,19.558944],[-99.117413,19.55884],[-99.117476,19.55872],[-99.117551,19.558633],[-99.117687,19.558565],[-99.117854,19.558594],[-99.117952,19.558606],[-99.118049,19.558654],[-99.118116,19.558741],[-99.118194,19.558857],[-99.118245,19.558938],[-99.118308,19.558974],[-99.1185,19.559051],[-99.118601,19.559075],[-99.118696,19.559057],[-99.118769,19.559102],[-99.118841,19.559117],[-99.11892,19.559168],[-99.118986,19.559215],[-99.119065,19.559227],[-99.119106,19.559272],[-99.119109,19.559353],[-99.119065,19.559422],[-99.119112,19.559505],[-99.119128,19.559574],[-99.119166,19.559652],[-99.119128,19.559681],[-99.119056,19.559738],[-99.119006,19.559801],[-99.118927,19.559885],[-99.118892,19.559939],[-99.11888,19.560007],[-99.118902,19.560079],[-99.118946,19.560073],[-99.118984,19.56004],[-99.119059,19.560085],[-99.119107,19.56013],[-99.119167,19.560157],[-99.11916,19.560213],[-99.119167,19.560306],[-99.119139,19.560373],[-99.119058,19.560404],[-99.119022,19.560366],[-99.118921,19.560285],[-99.11884,19.560242],[-99.118714,19.560184],[-99.118588,19.56016],[-99.118507,19.560127]]]]}},{"type":"Feature","properties":{"area":"Sierra de Guadalupe (local)","zona":"Restauración Ecológica","zona_k":"restauracion ecologica","ha":2.32},"geometry":{"type":"MultiPolygon","coordinates":[[[[-99.127779,19.576146],[-99.127772,19.576281],[-99.127768,19.576288],[-99.127678,19.576446],[-99.127641,19.576491],[-99.127714,19.576909],[-99.12763,19.576955],[-99.127654,19.577031],[-99.127405,19.577212],[-99.127495,19.577352],[-99.127573,19.577479],[-99.127587,19.577515],[-99.127591,19.577526],[-99.127602,19.577558],[-99.127829,19.577788],[-99.127722,19.577993],[-99.127619,19.577976],[-99.12742,19.578096],[-99.127292,19.578103],[-99.12715,19.578083],[-99.127008,19.578056],[-99.126802,19.577929],[-99.126731,19.577841],[-99.126674,19.57774],[-99.126602,19.577661],[-99.126489,19.57764],[-99.126368,19.5776],[-99.12634,19.577539],[-99.126339,19.577396],[-99.126311,19.577331],[-99.126219,19.577284],[-99.126077,19.57729],[-99.12597,19.577284],[-99.125919,19.577248],[-99.12587,19.577216],[-99.12587,19.577114],[-99.125863,19.576988],[-99.125877,19.576886],[-99.125863,19.576724],[-99.125742,19.576717],[-99.125636,19.576543],[-99.125624,19.576475],[-99.125771,19.576462],[-99.125892,19.576407],[-99.125994,19.576317],[-99.126047,19.576366],[-99.126047,19.576468],[-99.126047,19.576563],[-99.126069,19.576737],[-99.126161,19.57675],[-99.126211,19.576906],[-99.126268,19.576981],[-99.126367,19.57696],[-99.126417,19.576872],[-99.126417,19.576784],[-99.12641,19.576703],[-99.12636,19.576617],[-99.126339,19.576542],[-99.126396,19.576475],[-99.126488,19.576434],[-99.126573,19.576407],[-99.126687,19.576407],[-99.126914,19.576515],[-99.1269,19.576596],[-99.126772,19.576623],[-99.12668,19.576689],[-99.12673,19.57677],[-99.126822,19.576845],[-99.127071,19.577032],[-99.127109,19.577086],[-99.127135,19.577174],[-99.127241,19.577236],[-99.127241,19.577212],[-99.12726,19.577212],[-99.12726,19.577194],[-99.12726,19.577176],[-99.127279,19.577176],[-99.127279,19.577158],[-99.127279,19.57714],[-99.127299,19.57714],[-99.127299,19.577122],[-99.127298,19.577104],[-99.127318,19.577104],[-99.127318,19.577086],[-99.127318,19.577068],[-99.127298,19.577068],[-99.127298,19.57705],[-99.127298,19.577032],[-99.127279,19.577032],[-99.127279,19.577014],[-99.12726,19.577014],[-99.12726,19.576995],[-99.127241,19.576995],[-99.127241,19.576977],[-99.127241,19.576959],[-99.127222,19.576959],[-99.127222,19.576941],[-99.127222,19.576923],[-99.127222,19.576905],[-99.127241,19.576905],[-99.127241,19.576887],[-99.12726,19.576887],[-99.127279,19.576887],[-99.127279,19.576869],[-99.127298,19.576869],[-99.127317,19.576869],[-99.127317,19.576851],[-99.127317,19.576833],[-99.127336,19.576833],[-99.127336,19.576815],[-99.127336,19.576797],[-99.127355,19.576797],[-99.127355,19.576778],[-99.127355,19.57676],[-99.127375,19.57676],[-99.127374,19.576742],[-99.127374,19.576724],[-99.127374,19.576706],[-99.127374,19.576688],[-99.127374,19.57667],[-99.127355,19.57667],[-99.127355,19.576652],[-99.127355,19.576634],[-99.127355,19.576616],[-99.127355,19.576598],[-99.127336,19.576598],[-99.127336,19.57658],[-99.127336,19.576562],[-99.127336,19.576544],[-99.127336,19.576525],[-99.127317,19.576525],[-99.127317,19.576507],[-99.127317,19.576489],[-99.127336,19.576489],[-99.127336,19.576471],[-99.127336,19.576453],[-99.127355,19.576453],[-99.127355,19.576435],[-99.127355,19.576417],[-99.127374,19.576417],[-99.127374,19.576399],[-99.127374,19.576381],[-99.127393,19.576381],[-99.127393,19.576363],[-99.127393,19.576345],[-99.127412,19.576345],[-99.127412,19.576327],[-99.127431,19.576327],[-99.127431,19.576309],[-99.12745,19.576309],[-99.127469,19.576308],[-99.127469,19.57629],[-99.127489,19.57629],[-99.127508,19.57629],[-99.127508,19.576272],[-99.127527,19.576272],[-99.127546,19.576272],[-99.127546,19.576254],[-99.127565,19.576254],[-99.127584,19.576254],[-99.127584,19.576236],[-99.127603,19.576236],[-99.127603,19.576218],[-99.127622,19.576218],[-99.127641,19.576218],[-99.127641,19.5762],[-99.12766,19.5762],[-99.127679,19.5762],[-99.127679,19.576182],[-99.127698,19.576182],[-99.127717,19.576182],[-99.127717,19.576164],[-99.127736,19.576164],[-99.127736,19.576146],[-99.127755,19.576146],[-99.127774,19.576146],[-99.127779,19.576146]]]]}}]}