{"type": "FeatureCollection", "name": "arcac", "features": [{"type": "Feature", "properties": {"nombre": "La Magdalena Contreras", "abrev": "CMC", "tenencia": "Comunidad", "alcaldia": "Magdalena Contreras", "sup_ha": 2215.12, "no": 1}, "geometry": {"type": "MultiPolygon", "coordinates": [[[[-99.298496, 19.265362], [-99.298995, 19.264863], [-99.299138, 19.263649], [-99.299602, 19.263221], [-99.301494, 19.262329], [-99.304278, 19.259902], [-99.305777, 19.259009], [-99.306241, 19.258938], [-99.306776, 19.259366], [-99.306348, 19.260508], [-99.307133, 19.260758], [-99.306348, 19.263185], [-99.306883, 19.263685], [-99.307347, 19.26497], [-99.305206, 19.266005], [-99.305174, 19.267917], [-99.303734, 19.269243], [-99.303918, 19.272256], [-99.30286, 19.27727], [-99.301977, 19.279146], [-99.301763, 19.281641], [-99.300922, 19.284397], [-99.301486, 19.285995], [-99.298856, 19.290242], [-99.29459, 19.290446], [-99.292631, 19.290043], [-99.290358, 19.2891], [-99.288524, 19.289031], [-99.287424, 19.290324], [-99.286432, 19.290574], [-99.285567, 19.291527], [-99.282135, 19.290359], [-99.283173, 19.290292], [-99.283679, 19.289897], [-99.283564, 19.289366], [-99.282929, 19.289037], [-99.282166, 19.289067], [-99.282076, 19.289433], [-99.281208, 19.28975], [-99.280951, 19.289521], [-99.281176, 19.288875], [-99.280737, 19.288036], [-99.28005, 19.288188], [-99.279748, 19.288784], [-99.279286, 19.288003], [-99.278613, 19.287781], [-99.278516, 19.288097], [-99.277737, 19.287768], [-99.277458, 19.288027], [-99.278343, 19.288671], [-99.278555, 19.288807], [-99.278932, 19.288469], [-99.279167, 19.288756], [-99.278767, 19.289008], [-99.277085, 19.288193], [-99.274754, 19.288679], [-99.270804, 19.290837], [-99.26797, 19.295002], [-99.265245, 19.298086], [-99.265079, 19.297683], [-99.265393, 19.297412], [-99.265046, 19.297048], [-99.264853, 19.295196], [-99.265291, 19.294412], [-99.264655, 19.29449], [-99.264456, 19.294832], [-99.262952, 19.29551], [-99.263202, 19.294446], [-99.263378, 19.29432], [-99.263643, 19.294654], [-99.263951, 19.293919], [-99.263805, 19.293542], [-99.264202, 19.293565], [-99.263622, 19.293232], [-99.264075, 19.292962], [-99.263854, 19.292789], [-99.263647, 19.293052], [-99.263578, 19.292254], [-99.263446, 19.293094], [-99.262828, 19.292922], [-99.262558, 19.293179], [-99.262331, 19.293072], [-99.262514, 19.292857], [-99.262086, 19.293019], [-99.262035, 19.292708], [-99.261727, 19.292882], [-99.261935, 19.293395], [-99.261438, 19.293492], [-99.261696, 19.293689], [-99.261325, 19.293791], [-99.261577, 19.293814], [-99.261872, 19.293521], [-99.261439, 19.294036], [-99.261748, 19.294304], [-99.259994, 19.295957], [-99.259442, 19.297093], [-99.25731, 19.298096], [-99.257519, 19.297541], [-99.259292, 19.295745], [-99.261062, 19.29273], [-99.26209, 19.291783], [-99.262578, 19.291896], [-99.26274, 19.291183], [-99.264608, 19.289461], [-99.26317, 19.28913], [-99.263681, 19.28893], [-99.263177, 19.288608], [-99.262686, 19.289018], [-99.261795, 19.288813], [-99.263542, 19.287801], [-99.261784, 19.288811], [-99.260834, 19.288592], [-99.261735, 19.28834], [-99.262439, 19.287287], [-99.261194, 19.288341], [-99.260537, 19.288524], [-99.259429, 19.288269], [-99.261811, 19.287265], [-99.261574, 19.2856], [-99.261882, 19.285074], [-99.262838, 19.284973], [-99.262898, 19.284536], [-99.262395, 19.284514], [-99.263624, 19.283905], [-99.263864, 19.283517], [-99.263662, 19.283173], [-99.264164, 19.282675], [-99.264421, 19.283203], [-99.264648, 19.282981], [-99.264748, 19.282617], [-99.264099, 19.282121], [-99.263505, 19.282537], [-99.263379, 19.283155], [-99.263223, 19.282779], [-99.265922, 19.278161], [-99.266675, 19.278023], [-99.266996, 19.277411], [-99.267015, 19.276798], [-99.266778, 19.276695], [-99.274263, 19.266455], [-99.27592, 19.259116], [-99.278675, 19.251853], [-99.278174, 19.24768], [-99.276719, 19.246465], [-99.276976, 19.246175], [-99.295728, 19.243874], [-99.297994, 19.24387], [-99.319333, 19.231522], [-99.321263, 19.232682], [-99.323997, 19.232616], [-99.325881, 19.233064], [-99.325351, 19.244386], [-99.322344, 19.244268], [-99.321694, 19.245301], [-99.31571, 19.245875], [-99.315405, 19.250087], [-99.318609, 19.247902], [-99.318191, 19.251565], [-99.317123, 19.256366], [-99.316738, 19.256633], [-99.316988, 19.259475], [-99.317744, 19.260355], [-99.317838, 19.262042], [-99.315057, 19.261258], [-99.313879, 19.260294], [-99.313522, 19.260187], [-99.313201, 19.260258], [-99.312879, 19.261436], [-99.311452, 19.262436], [-99.311523, 19.262614], [-99.312451, 19.26215], [-99.313165, 19.261436], [-99.313415, 19.260366], [-99.313736, 19.26033], [-99.315306, 19.261579], [-99.317846, 19.262179], [-99.318041, 19.265672], [-99.314797, 19.263962], [-99.310651, 19.265653], [-99.307812, 19.266231], [-99.306389, 19.266885], [-99.30541, 19.267707], [-99.305348, 19.266219], [-99.309065, 19.264182], [-99.309057, 19.264408], [-99.310222, 19.264466], [-99.310788, 19.264136], [-99.311446, 19.26285], [-99.311445, 19.262432], [-99.310785, 19.262522], [-99.309167, 19.264062], [-99.30749, 19.264827], [-99.306919, 19.263542], [-99.306562, 19.263114], [-99.307276, 19.26058], [-99.306669, 19.260544], [-99.306883, 19.25933], [-99.306633, 19.258831], [-99.306062, 19.258652], [-99.30335, 19.260437], [-99.301279, 19.262186], [-99.299138, 19.263364], [-99.298496, 19.265362]], [[-99.298496, 19.265362], [-99.297389, 19.264541], [-99.297009, 19.264541], [-99.297412, 19.264069], [-99.296499, 19.263921], [-99.296625, 19.264399], [-99.296987, 19.264541], [-99.296675, 19.264541], [-99.295819, 19.265434], [-99.295747, 19.266326], [-99.294605, 19.267004], [-99.294835, 19.266673], [-99.294329, 19.26524], [-99.293458, 19.266217], [-99.292945, 19.266326], [-99.292285, 19.267611], [-99.290643, 19.268575], [-99.292428, 19.267754], [-99.293028, 19.266665], [-99.293655, 19.266568], [-99.294284, 19.265684], [-99.294676, 19.266647], [-99.294427, 19.267147], [-99.294784, 19.267361], [-99.295961, 19.266362], [-99.295926, 19.265541], [-99.296854, 19.264791], [-99.297425, 19.264791], [-99.297746, 19.26522], [-99.29821, 19.265434], [-99.298496, 19.265362]], [[-99.262621, 19.287093], [-99.263987, 19.286381], [-99.264697, 19.28648], [-99.264885, 19.285957], [-99.26647, 19.285315], [-99.265821, 19.285073], [-99.265987, 19.284829], [-99.266737, 19.285248], [-99.267837, 19.284683], [-99.268355, 19.284934], [-99.268646, 19.284789], [-99.268226, 19.284358], [-99.267958, 19.284431], [-99.268155, 19.284077], [-99.26782, 19.283262], [-99.267317, 19.283092], [-99.267322, 19.283636], [-99.267074, 19.283425], [-99.266165, 19.283573], [-99.265487, 19.284349], [-99.264933, 19.284263], [-99.264122, 19.285649], [-99.264929, 19.284967], [-99.265753, 19.285145], [-99.264726, 19.28544], [-99.264191, 19.286166], [-99.262703, 19.28672], [-99.262621, 19.287093]], [[-99.263152, 19.284979], [-99.26329, 19.284806], [-99.263278, 19.28471], [-99.263152, 19.284979]], [[-99.263248, 19.292824], [-99.263639, 19.291934], [-99.26381, 19.291623], [-99.263686, 19.291611], [-99.263179, 19.292365], [-99.263248, 19.292824]], [[-99.263825, 19.288511], [-99.263504, 19.288225], [-99.263189, 19.288297], [-99.263441, 19.288542], [-99.263825, 19.288511]], [[-99.263569, 19.286126], [-99.263462, 19.285893], [-99.263223, 19.285995], [-99.263569, 19.286126]], [[-99.266067, 19.287125], [-99.266645, 19.28649], [-99.266052, 19.286883], [-99.265717, 19.288332], [-99.264074, 19.287477], [-99.26364, 19.287815], [-99.264397, 19.287675], [-99.265624, 19.28846], [-99.265924, 19.288246], [-99.266067, 19.287125]], [[-99.26411, 19.285683], [-99.263965, 19.285403], [-99.263966, 19.285791], [-99.263682, 19.285893], [-99.263897, 19.286186], [-99.26411, 19.285683]], [[-99.264772, 19.291926], [-99.26453, 19.291766], [-99.264078, 19.292046], [-99.263769, 19.292587], [-99.264154, 19.292522], [-99.263995, 19.292673], [-99.264268, 19.292909], [-99.264214, 19.292565], [-99.264772, 19.291926]], [[-99.264253, 19.288397], [-99.263951, 19.28835], [-99.263957, 19.288469], [-99.264253, 19.288397]], [[-99.26451, 19.293124], [-99.264524, 19.292801], [-99.264001, 19.293229], [-99.26451, 19.293124]], [[-99.264238, 19.288533], [-99.26408, 19.288928], [-99.265636, 19.289084], [-99.265455, 19.28879], [-99.264971, 19.288905], [-99.264238, 19.288533]], [[-99.264591, 19.29364], [-99.26414, 19.293941], [-99.264428, 19.293862], [-99.264106, 19.294251], [-99.26456, 19.294209], [-99.264591, 19.29364]], [[-99.264258, 19.2933], [-99.264371, 19.293394], [-99.264375, 19.293268], [-99.264258, 19.2933]], [[-99.264332, 19.292763], [-99.264315, 19.292652], [-99.264283, 19.292761], [-99.264332, 19.292763]], [[-99.264479, 19.292776], [-99.26445, 19.292665], [-99.264408, 19.292774], [-99.264479, 19.292776]], [[-99.264634, 19.290218], [-99.264506, 19.290936], [-99.265026, 19.290125], [-99.264634, 19.290218]], [[-99.264737, 19.292318], [-99.264545, 19.292688], [-99.264735, 19.292835], [-99.264707, 19.29248], [-99.265127, 19.29235], [-99.264737, 19.292318]], [[-99.26478, 19.293669], [-99.264664, 19.293682], [-99.26472, 19.293726], [-99.26478, 19.293669]], [[-99.264985, 19.291249], [-99.265028, 19.291887], [-99.265471, 19.291965], [-99.264985, 19.291249]], [[-99.265654, 19.29679], [-99.265634, 19.296641], [-99.265568, 19.296665], [-99.265654, 19.29679]], [[-99.265993, 19.296712], [-99.265783, 19.296724], [-99.265783, 19.296817], [-99.265993, 19.296712]], [[-99.266473, 19.287863], [-99.266474, 19.288143], [-99.266602, 19.287906], [-99.266473, 19.287863]], [[-99.266582, 19.291388], [-99.266795, 19.291407], [-99.266717, 19.291268], [-99.266582, 19.291388]], [[-99.271036, 19.284949], [-99.270665, 19.284959], [-99.269894, 19.285263], [-99.26992, 19.28534], [-99.269057, 19.285425], [-99.268153, 19.28572], [-99.266706, 19.286548], [-99.271036, 19.284949]], [[-99.266947, 19.28969], [-99.266971, 19.289752], [-99.267013, 19.289724], [-99.266947, 19.28969]], [[-99.268133, 19.286297], [-99.268011, 19.286075], [-99.267672, 19.286262], [-99.268133, 19.286297]], [[-99.268847, 19.284015], [-99.268564, 19.284039], [-99.268474, 19.28431], [-99.268791, 19.284346], [-99.268847, 19.284015]], [[-99.269326, 19.285958], [-99.268616, 19.286131], [-99.268586, 19.28659], [-99.268797, 19.286281], [-99.269236, 19.28641], [-99.269341, 19.286187], [-99.269069, 19.286159], [-99.269326, 19.285958]], [[-99.269017, 19.28646], [-99.268904, 19.286991], [-99.269433, 19.287026], [-99.269478, 19.286625], [-99.269017, 19.28646]], [[-99.27024, 19.286308], [-99.269477, 19.286402], [-99.270597, 19.287161], [-99.270505, 19.286688], [-99.269946, 19.286617], [-99.27024, 19.286308]], [[-99.271834, 19.286098], [-99.270866, 19.285561], [-99.270429, 19.286265], [-99.270671, 19.286587], [-99.270845, 19.286278], [-99.271834, 19.286098]], [[-99.2714, 19.28485], [-99.271037, 19.284736], [-99.271037, 19.284947], [-99.271662, 19.284907], [-99.2714, 19.28485]], [[-99.271823, 19.285873], [-99.271787, 19.285381], [-99.271218, 19.285621], [-99.271823, 19.285873]], [[-99.271966, 19.284902], [-99.27255, 19.284637], [-99.271555, 19.284872], [-99.271966, 19.284902]], [[-99.271998, 19.285315], [-99.271897, 19.285108], [-99.271789, 19.285128], [-99.271998, 19.285315]], [[-99.271838, 19.286006], [-99.27209, 19.286151], [-99.272141, 19.28608], [-99.272106, 19.286051], [-99.271838, 19.286006]], [[-99.272411, 19.28515], [-99.272084, 19.285127], [-99.272048, 19.285213], [-99.272411, 19.28515]], [[-99.272102, 19.285642], [-99.272211, 19.2859], [-99.272378, 19.285634], [-99.272102, 19.285642]], [[-99.273473, 19.283988], [-99.272397, 19.284763], [-99.273625, 19.284016], [-99.273083, 19.283112], [-99.273338, 19.282253], [-99.274617, 19.281696], [-99.274606, 19.281419], [-99.273881, 19.281477], [-99.273649, 19.281028], [-99.272884, 19.281708], [-99.273127, 19.282505], [-99.27295, 19.283026], [-99.273473, 19.283988]], [[-99.273136, 19.28493], [-99.272744, 19.285125], [-99.272946, 19.285322], [-99.273046, 19.285288], [-99.273136, 19.28493]], [[-99.274666, 19.284711], [-99.276516, 19.282905], [-99.275666, 19.282917], [-99.275531, 19.283505], [-99.275017, 19.283702], [-99.275118, 19.283391], [-99.274619, 19.283598], [-99.27406, 19.283331], [-99.273955, 19.283704], [-99.274318, 19.283938], [-99.274378, 19.2841], [-99.273909, 19.283785], [-99.274001, 19.284321], [-99.273256, 19.28468], [-99.273332, 19.284876], [-99.274127, 19.284344], [-99.273826, 19.284827], [-99.274666, 19.284711]], [[-99.273373, 19.28524], [-99.27372, 19.285225], [-99.273796, 19.284957], [-99.273448, 19.284943], [-99.273373, 19.28524]], [[-99.274078, 19.285143], [-99.273811, 19.285354], [-99.273877, 19.285516], [-99.27434, 19.285449], [-99.274078, 19.285143]], [[-99.277574, 19.280644], [-99.278744, 19.280401], [-99.278338, 19.280308], [-99.277552, 19.280494], [-99.276767, 19.281436], [-99.276532, 19.281022], [-99.276867, 19.279887], [-99.276196, 19.279837], [-99.274597, 19.281393], [-99.27651, 19.279887], [-99.276767, 19.280094], [-99.276425, 19.281129], [-99.276624, 19.2815], [-99.277067, 19.281457], [-99.277574, 19.280644]], [[-99.275065, 19.284577], [-99.275044, 19.284815], [-99.275217, 19.28452], [-99.275065, 19.284577]], [[-99.275663, 19.280872], [-99.27504, 19.281581], [-99.275804, 19.280939], [-99.275663, 19.280872]], [[-99.277002, 19.283617], [-99.276817, 19.283489], [-99.277175, 19.283376], [-99.276922, 19.283355], [-99.277077, 19.283176], [-99.276749, 19.283495], [-99.277002, 19.283617]], [[-99.277246, 19.282369], [-99.277235, 19.282573], [-99.276797, 19.283012], [-99.277424, 19.282691], [-99.277246, 19.282369]], [[-99.277115, 19.283001], [-99.276975, 19.283099], [-99.277273, 19.283132], [-99.277115, 19.283001]], [[-99.277725, 19.275532], [-99.277172, 19.275518], [-99.277173, 19.276044], [-99.278003, 19.275899], [-99.277725, 19.275532]], [[-99.277625, 19.28326], [-99.2775, 19.283346], [-99.277574, 19.283355], [-99.277625, 19.28326]], [[-99.2791, 19.283027], [-99.277654, 19.283309], [-99.277646, 19.283728], [-99.2791, 19.283027]], [[-99.2782, 19.282687], [-99.278035, 19.281527], [-99.27857, 19.281562], [-99.278047, 19.281252], [-99.277739, 19.281677], [-99.277546, 19.28267], [-99.277786, 19.283136], [-99.2782, 19.282687]], [[-99.278289, 19.265904], [-99.278592, 19.26686], [-99.279597, 19.265639], [-99.279973, 19.264538], [-99.27962, 19.264252], [-99.279167, 19.264396], [-99.278289, 19.265904]], [[-99.278746, 19.282897], [-99.278923, 19.282653], [-99.278583, 19.282625], [-99.278546, 19.282682], [-99.278746, 19.282897]], [[-99.278583, 19.2826], [-99.279546, 19.282527], [-99.278575, 19.2825], [-99.278583, 19.2826]], [[-99.286962, 19.266767], [-99.287346, 19.268512], [-99.286894, 19.268464], [-99.285562, 19.269963], [-99.285038, 19.26944], [-99.284705, 19.269511], [-99.284705, 19.270844], [-99.282183, 19.275936], [-99.282302, 19.276412], [-99.281207, 19.278482], [-99.278732, 19.280338], [-99.279042, 19.280504], [-99.281326, 19.278601], [-99.284753, 19.27101], [-99.2848, 19.26963], [-99.285395, 19.270225], [-99.287084, 19.268631], [-99.287489, 19.268631], [-99.287513, 19.267513], [-99.28722, 19.267082], [-99.287679, 19.26679], [-99.288869, 19.268107], [-99.289892, 19.267489], [-99.290011, 19.268393], [-99.290558, 19.268559], [-99.290106, 19.268274], [-99.28994, 19.267322], [-99.289702, 19.267203], [-99.28875, 19.267917], [-99.287679, 19.266608], [-99.287453, 19.266573], [-99.286962, 19.266767]], [[-99.282575, 19.269556], [-99.282196, 19.268408], [-99.281944, 19.268337], [-99.280839, 19.270276], [-99.280055, 19.268101], [-99.279374, 19.267456], [-99.278948, 19.268533], [-99.27963, 19.270134], [-99.279631, 19.270827], [-99.27898, 19.272717], [-99.279508, 19.272286], [-99.280059, 19.270396], [-99.280361, 19.270324], [-99.280689, 19.270706], [-99.280239, 19.27262], [-99.280466, 19.272811], [-99.281246, 19.27257], [-99.281924, 19.271517], [-99.282575, 19.269556]], [[-99.282061, 19.250494], [-99.281556, 19.249448], [-99.281932, 19.24873], [-99.280545, 19.247029], [-99.279821, 19.24691], [-99.279823, 19.248166], [-99.280295, 19.248524], [-99.27954, 19.248316], [-99.279478, 19.249093], [-99.280519, 19.250526], [-99.281747, 19.250823], [-99.282061, 19.250494]], [[-99.279966, 19.282939], [-99.27957, 19.283072], [-99.279578, 19.283172], [-99.279834, 19.283211], [-99.279966, 19.282939]], [[-99.280268, 19.274867], [-99.280594, 19.274078], [-99.279814, 19.274868], [-99.280268, 19.274867]], [[-99.279966, 19.274097], [-99.279834, 19.274313], [-99.280058, 19.274488], [-99.280065, 19.274409], [-99.279966, 19.274097]], [[-99.279876, 19.266619], [-99.280709, 19.267789], [-99.281339, 19.268195], [-99.281691, 19.268098], [-99.282167, 19.266496], [-99.281486, 19.265516], [-99.280478, 19.265016], [-99.279876, 19.266619]], [[-99.28014, 19.281023], [-99.280303, 19.281216], [-99.280367, 19.281051], [-99.28014, 19.281023]], [[-99.282121, 19.279539], [-99.281679, 19.279765], [-99.281729, 19.279869], [-99.282027, 19.279915], [-99.282121, 19.279539]], [[-99.282365, 19.278896], [-99.28275, 19.278749], [-99.282675, 19.278577], [-99.28235, 19.278581], [-99.282365, 19.278896]], [[-99.282924, 19.276779], [-99.282966, 19.276568], [-99.282781, 19.276765], [-99.282924, 19.276779]], [[-99.282792, 19.277166], [-99.283135, 19.277237], [-99.283102, 19.277124], [-99.282792, 19.277166]], [[-99.283074, 19.277851], [-99.283041, 19.278454], [-99.283474, 19.278127], [-99.283074, 19.277851]], [[-99.283528, 19.27633], [-99.283393, 19.27671], [-99.283619, 19.276434], [-99.283528, 19.27633]], [[-99.286347, 19.280933], [-99.286411, 19.281641], [-99.286966, 19.281736], [-99.287154, 19.281317], [-99.286863, 19.280696], [-99.285944, 19.280841], [-99.286347, 19.280933]], [[-99.287848, 19.282284], [-99.286866, 19.282393], [-99.287258, 19.283134], [-99.286529, 19.283924], [-99.287271, 19.283517], [-99.287511, 19.283791], [-99.287421, 19.283206], [-99.287723, 19.283038], [-99.288353, 19.283288], [-99.287848, 19.282284]], [[-99.292964, 19.269554], [-99.291255, 19.271431], [-99.292404, 19.271926], [-99.294978, 19.269512], [-99.297113, 19.269375], [-99.294856, 19.268556], [-99.29373, 19.269552], [-99.292964, 19.269554]], [[-99.298863, 19.266069], [-99.298988, 19.265471], [-99.298547, 19.265621], [-99.298391, 19.26604], [-99.298863, 19.266069]], [[-99.301617, 19.257725], [-99.303661, 19.256706], [-99.304983, 19.256614], [-99.305077, 19.256315], [-99.304038, 19.256526], [-99.303818, 19.256317], [-99.304226, 19.255868], [-99.304005, 19.255599], [-99.302747, 19.25608], [-99.302746, 19.255422], [-99.302337, 19.255214], [-99.302308, 19.256529], [-99.301458, 19.256769], [-99.30127, 19.257308], [-99.301617, 19.257725]], [[-99.311899, 19.258113], [-99.311402, 19.258081], [-99.311358, 19.258341], [-99.312041, 19.258531], [-99.311899, 19.258113]]], [[[-99.286347, 19.280933], [-99.286347, 19.280888], [-99.28636, 19.280936], [-99.286347, 19.280933]]]]}}, {"type": "Feature", "properties": {"nombre": "San Mateo Xalpa", "abrev": "CSMXa", "tenencia": "Comunidad", "alcaldia": "Xochimilco", "sup_ha": 115.71, "no": 2}, "geometry": {"type": "MultiPolygon", "coordinates": [[[[-99.112263, 19.205603], [-99.112177, 19.203943], [-99.113766, 19.202107], [-99.114853, 19.201743], [-99.116738, 19.202085], [-99.117376, 19.203409], [-99.117064, 19.203779], [-99.117271, 19.204465], [-99.115064, 19.205457], [-99.11444, 19.205414], [-99.114426, 19.20575], [-99.112701, 19.20656], [-99.112263, 19.205603]], [[-99.115812, 19.204445], [-99.115266, 19.203518], [-99.114848, 19.203513], [-99.114324, 19.204386], [-99.115426, 19.205035], [-99.115812, 19.204445]], [[-99.11598, 19.203746], [-99.116493, 19.203697], [-99.116823, 19.203281], [-99.115913, 19.202826], [-99.115685, 19.203061], [-99.115858, 19.203205], [-99.115497, 19.203216], [-99.115975, 19.203439], [-99.11598, 19.203746]]], [[[-99.117113, 19.216538], [-99.11718, 19.216474], [-99.11718, 19.216503], [-99.117113, 19.216538]]], [[[-99.11408, 19.216041], [-99.113619, 19.216013], [-99.113436, 19.216441], [-99.111862, 19.21643], [-99.108833, 19.215509], [-99.108789, 19.21429], [-99.10838, 19.214043], [-99.108297, 19.212248], [-99.108438, 19.211791], [-99.109446, 19.21088], [-99.11, 19.209031], [-99.111352, 19.208148], [-99.114779, 19.207883], [-99.119209, 19.209772], [-99.119316, 19.209487], [-99.118458, 19.208885], [-99.112906, 19.206907], [-99.114332, 19.206236], [-99.114853, 19.206404], [-99.115341, 19.205772], [-99.117355, 19.204868], [-99.11736, 19.20534], [-99.117968, 19.205491], [-99.11823, 19.206017], [-99.117799, 19.206206], [-99.118406, 19.206368], [-99.119777, 19.208307], [-99.119902, 19.210546], [-99.119642, 19.21057], [-99.119898, 19.210887], [-99.119907, 19.212291], [-99.119578, 19.213017], [-99.120777, 19.213436], [-99.120813, 19.21387], [-99.120388, 19.213856], [-99.120355, 19.214086], [-99.120736, 19.214245], [-99.119952, 19.215242], [-99.119283, 19.214884], [-99.118802, 19.215201], [-99.117644, 19.215026], [-99.117767, 19.215262], [-99.117194, 19.215832], [-99.117184, 19.216304], [-99.116189, 19.21705], [-99.115362, 19.216995], [-99.11408, 19.216041]], [[-99.109136, 19.213547], [-99.10919, 19.212018], [-99.109357, 19.212978], [-99.10952, 19.212119], [-99.110586, 19.212262], [-99.111693, 19.211166], [-99.111102, 19.21144], [-99.109812, 19.210879], [-99.109023, 19.211297], [-99.108402, 19.212681], [-99.108736, 19.213416], [-99.108569, 19.213719], [-99.109136, 19.213547]], [[-99.114788, 19.211078], [-99.115607, 19.211351], [-99.116396, 19.210976], [-99.116471, 19.210111], [-99.117009, 19.210075], [-99.117508, 19.209177], [-99.115089, 19.208238], [-99.114316, 19.208541], [-99.11383, 19.208426], [-99.113239, 19.209133], [-99.113164, 19.209695], [-99.113679, 19.209651], [-99.114059, 19.210011], [-99.113968, 19.21043], [-99.114757, 19.210789], [-99.114788, 19.211078]], [[-99.114705, 19.211315], [-99.114694, 19.211228], [-99.114654, 19.211259], [-99.114705, 19.211315]], [[-99.11902, 19.209053], [-99.119275, 19.20824], [-99.119154, 19.207965], [-99.118595, 19.208531], [-99.11902, 19.209053]]]]}}, {"type": "Feature", "properties": {"nombre": "San Nicolás Totolapan", "abrev": "ESNT", "tenencia": "Ejido", "alcaldia": "La Magdalena Contreras", "sup_ha": 1379.22, "no": 3}, "geometry": {"type": "MultiPolygon", "coordinates": [[[[-99.284583, 19.229204], [-99.28127, 19.227323], [-99.279203, 19.228047], [-99.276198, 19.226159], [-99.275626, 19.226639], [-99.274313, 19.226002], [-99.272126, 19.22658], [-99.271477, 19.227018], [-99.271346, 19.227829], [-99.269449, 19.227221], [-99.271204, 19.225229], [-99.275304, 19.223904], [-99.288082, 19.229305], [-99.2875, 19.229796], [-99.28639, 19.229862], [-99.284583, 19.229204]]], [[[-99.244745, 19.244157], [-99.244774, 19.24414], [-99.244837, 19.244187], [-99.244745, 19.244157]]], [[[-99.245091, 19.24447], [-99.245049, 19.244367], [-99.245332, 19.244729], [-99.245091, 19.24447]]], [[[-99.245538, 19.244794], [-99.24554, 19.244794], [-99.245539, 19.244794], [-99.245538, 19.244794]]], [[[-99.238451, 19.251253], [-99.23726, 19.248852], [-99.239258, 19.249098], [-99.24046, 19.248038], [-99.241831, 19.249265], [-99.241365, 19.25038], [-99.241522, 19.251854], [-99.242549, 19.253484], [-99.242647, 19.25529], [-99.24198, 19.255363], [-99.240612, 19.253473], [-99.238451, 19.251253]]], [[[-99.241888, 19.265023], [-99.242122, 19.263933], [-99.242869, 19.263812], [-99.242782, 19.263493], [-99.244015, 19.263543], [-99.244982, 19.264269], [-99.245218, 19.264863], [-99.245065, 19.265719], [-99.244702, 19.266221], [-99.243574, 19.266793], [-99.241888, 19.265023]]], [[[-99.251118, 19.271818], [-99.251102, 19.271788], [-99.251138, 19.271807], [-99.251118, 19.271818]]], [[[-99.251319, 19.272269], [-99.251295, 19.272302], [-99.251287, 19.27229], [-99.251319, 19.272269]]], [[[-99.246464, 19.274604], [-99.248123, 19.273138], [-99.247624, 19.272881], [-99.248107, 19.272077], [-99.24818, 19.272674], [-99.248515, 19.272664], [-99.249662, 19.271501], [-99.251142, 19.27104], [-99.250518, 19.271349], [-99.250857, 19.271885], [-99.250041, 19.272132], [-99.249422, 19.272921], [-99.249362, 19.273151], [-99.250284, 19.273394], [-99.249575, 19.274169], [-99.248548, 19.274415], [-99.248079, 19.273842], [-99.24663, 19.274948], [-99.246464, 19.274604]], [[-99.248032, 19.273376], [-99.248097, 19.273211], [-99.247959, 19.273297], [-99.248032, 19.273376]]], [[[-99.26675, 19.276712], [-99.265667, 19.276562], [-99.265614, 19.275994], [-99.265204, 19.276238], [-99.265203, 19.275215], [-99.265629, 19.274386], [-99.2672, 19.273247], [-99.267404, 19.272289], [-99.268249, 19.272036], [-99.268428, 19.271215], [-99.270923, 19.27014], [-99.271451, 19.269525], [-99.271469, 19.269067], [-99.27216, 19.269186], [-99.26675, 19.276712]], [[-99.267964, 19.273707], [-99.267457, 19.273409], [-99.266654, 19.274478], [-99.267102, 19.274743], [-99.267534, 19.274381], [-99.267964, 19.273707]]], [[[-99.251319, 19.272269], [-99.250955, 19.272109], [-99.251223, 19.271763], [-99.251169, 19.271744], [-99.252502, 19.271463], [-99.252211, 19.270794], [-99.255405, 19.269441], [-99.2556, 19.26914], [-99.252571, 19.26913], [-99.250911, 19.270089], [-99.249803, 19.268576], [-99.249028, 19.268929], [-99.248299, 19.268766], [-99.250031, 19.26748], [-99.251155, 19.267139], [-99.251569, 19.266602], [-99.250945, 19.266524], [-99.251271, 19.266106], [-99.251099, 19.265491], [-99.25072, 19.265465], [-99.250414, 19.266002], [-99.249221, 19.265564], [-99.24798, 19.265689], [-99.248964, 19.265192], [-99.247978, 19.264614], [-99.249144, 19.263368], [-99.248364, 19.263191], [-99.248555, 19.262479], [-99.248273, 19.261134], [-99.249728, 19.26078], [-99.249851, 19.260089], [-99.250495, 19.259488], [-99.251554, 19.260164], [-99.251166, 19.257856], [-99.250671, 19.257922], [-99.25006, 19.25747], [-99.249667, 19.256515], [-99.247224, 19.257379], [-99.246387, 19.258254], [-99.24489, 19.258374], [-99.244199, 19.258876], [-99.243593, 19.259642], [-99.244124, 19.260344], [-99.244687, 19.260396], [-99.245224, 19.261203], [-99.244905, 19.263052], [-99.244365, 19.263511], [-99.243146, 19.261232], [-99.241716, 19.262112], [-99.240285, 19.262469], [-99.240164, 19.262857], [-99.239885, 19.262742], [-99.239496, 19.262451], [-99.240043, 19.260641], [-99.242027, 19.258679], [-99.24246, 19.259191], [-99.243504, 19.259067], [-99.244409, 19.257853], [-99.245289, 19.257724], [-99.245404, 19.257155], [-99.246249, 19.25763], [-99.246495, 19.256059], [-99.246314, 19.255801], [-99.245131, 19.256394], [-99.244917, 19.256269], [-99.247826, 19.251923], [-99.248621, 19.251612], [-99.249857, 19.251669], [-99.250806, 19.252317], [-99.253631, 19.251425], [-99.253721, 19.251895], [-99.255431, 19.252562], [-99.260867, 19.249542], [-99.261007, 19.248738], [-99.258188, 19.249335], [-99.257223, 19.250044], [-99.255872, 19.249558], [-99.255681, 19.249224], [-99.25274, 19.249046], [-99.251825, 19.25008], [-99.250547, 19.250665], [-99.249913, 19.250671], [-99.249841, 19.249911], [-99.251289, 19.248924], [-99.25149, 19.248359], [-99.250944, 19.247843], [-99.250439, 19.248342], [-99.25024, 19.248225], [-99.250341, 19.247564], [-99.249079, 19.245385], [-99.248132, 19.245924], [-99.247686, 19.246545], [-99.247043, 19.248317], [-99.245797, 19.248504], [-99.245256, 19.245608], [-99.24506, 19.245551], [-99.24444, 19.244525], [-99.244502, 19.244302], [-99.245444, 19.245011], [-99.245612, 19.24478], [-99.245502, 19.245138], [-99.245909, 19.244884], [-99.245666, 19.245963], [-99.246089, 19.246479], [-99.24642, 19.246416], [-99.246664, 19.247066], [-99.247106, 19.246911], [-99.247258, 19.245394], [-99.248527, 19.245206], [-99.249175, 19.244531], [-99.249062, 19.244208], [-99.248601, 19.244474], [-99.24771, 19.244447], [-99.247611, 19.243815], [-99.249081, 19.242794], [-99.249263, 19.241156], [-99.249523, 19.241219], [-99.24968, 19.242993], [-99.25004, 19.243124], [-99.250291, 19.241218], [-99.250696, 19.241838], [-99.251572, 19.241819], [-99.251869, 19.242581], [-99.252666, 19.242184], [-99.253342, 19.240286], [-99.253806, 19.240041], [-99.255444, 19.241003], [-99.264093, 19.233986], [-99.265682, 19.234498], [-99.267225, 19.234075], [-99.267825, 19.2346], [-99.267813, 19.233419], [-99.269114, 19.233426], [-99.271176, 19.232034], [-99.272248, 19.230919], [-99.274275, 19.229885], [-99.27582, 19.22966], [-99.281049, 19.23007], [-99.282941, 19.231288], [-99.284175, 19.231351], [-99.284755, 19.231713], [-99.284638, 19.231139], [-99.285547, 19.231337], [-99.285919, 19.231127], [-99.286272, 19.231412], [-99.287695, 19.231148], [-99.288553, 19.230319], [-99.288994, 19.230339], [-99.289617, 19.230866], [-99.291126, 19.230731], [-99.292895, 19.231583], [-99.293677, 19.231636], [-99.293072, 19.233479], [-99.286691, 19.239837], [-99.284815, 19.240082], [-99.279722, 19.237883], [-99.27845, 19.237663], [-99.27729, 19.237997], [-99.275469, 19.239893], [-99.27488, 19.242325], [-99.275873, 19.242891], [-99.276946, 19.244493], [-99.276711, 19.246467], [-99.278156, 19.247684], [-99.278657, 19.251856], [-99.275901, 19.25912], [-99.274245, 19.266458], [-99.272336, 19.268919], [-99.271621, 19.267947], [-99.27128, 19.268337], [-99.271264, 19.269052], [-99.268342, 19.270485], [-99.268531, 19.270842], [-99.267847, 19.271087], [-99.267745, 19.271671], [-99.26722, 19.271428], [-99.267795, 19.270356], [-99.267623, 19.269869], [-99.267196, 19.270254], [-99.266444, 19.270358], [-99.266241, 19.270875], [-99.265818, 19.271022], [-99.264255, 19.270507], [-99.263879, 19.270621], [-99.263694, 19.2727], [-99.263233, 19.27314], [-99.263038, 19.274558], [-99.262365, 19.275333], [-99.260604, 19.27579], [-99.259406, 19.275242], [-99.258705, 19.275419], [-99.258842, 19.275728], [-99.257868, 19.276086], [-99.257435, 19.276575], [-99.257921, 19.276898], [-99.256721, 19.277466], [-99.257201, 19.27625], [-99.255254, 19.277341], [-99.254777, 19.278543], [-99.255529, 19.278526], [-99.256744, 19.279027], [-99.257068, 19.278686], [-99.257068, 19.278361], [-99.25676, 19.27841], [-99.25681, 19.277647], [-99.25746, 19.277581], [-99.257119, 19.278004], [-99.258112, 19.278831], [-99.257993, 19.279302], [-99.255017, 19.279046], [-99.251581, 19.280236], [-99.253221, 19.278919], [-99.253003, 19.278056], [-99.252735, 19.27799], [-99.252444, 19.278057], [-99.252387, 19.278565], [-99.251678, 19.278854], [-99.249852, 19.279397], [-99.249712, 19.279022], [-99.249165, 19.279056], [-99.249429, 19.279471], [-99.249256, 19.279672], [-99.248852, 19.279454], [-99.248467, 19.280322], [-99.24675, 19.280969], [-99.248219, 19.280181], [-99.248529, 19.279455], [-99.246601, 19.27983], [-99.246189, 19.279411], [-99.245846, 19.280071], [-99.245581, 19.279799], [-99.245739, 19.279308], [-99.247987, 19.278195], [-99.250668, 19.275853], [-99.251284, 19.275738], [-99.252069, 19.274649], [-99.252326, 19.274602], [-99.252169, 19.274799], [-99.252411, 19.274909], [-99.255579, 19.273588], [-99.254774, 19.273344], [-99.256135, 19.272863], [-99.255761, 19.272434], [-99.256586, 19.271533], [-99.257002, 19.271628], [-99.257776, 19.270782], [-99.25869, 19.270297], [-99.258661, 19.269466], [-99.25776, 19.268803], [-99.256813, 19.269839], [-99.25704, 19.270231], [-99.256216, 19.269931], [-99.255655, 19.270787], [-99.255102, 19.2708], [-99.254631, 19.272306], [-99.254205, 19.272259], [-99.25349, 19.272872], [-99.252585, 19.273104], [-99.252291, 19.272012], [-99.251611, 19.272206], [-99.251479, 19.272576], [-99.251319, 19.272269]], [[-99.253092, 19.272295], [-99.253608, 19.272223], [-99.254058, 19.271264], [-99.254692, 19.271183], [-99.254629, 19.270805], [-99.254961, 19.270511], [-99.253894, 19.270306], [-99.253268, 19.270905], [-99.253092, 19.272295]], [[-99.256563, 19.26947], [-99.257299, 19.268506], [-99.256972, 19.26832], [-99.255973, 19.269107], [-99.255918, 19.269484], [-99.256563, 19.26947]], [[-99.260243, 19.270729], [-99.259033, 19.270875], [-99.257555, 19.272761], [-99.258364, 19.273461], [-99.258914, 19.273218], [-99.260482, 19.271633], [-99.260243, 19.270729]], [[-99.256647, 19.273571], [-99.255863, 19.273772], [-99.255732, 19.274142], [-99.25619, 19.274112], [-99.256163, 19.273787], [-99.256647, 19.273571]], [[-99.256889, 19.273756], [-99.256606, 19.274161], [-99.256727, 19.274506], [-99.257668, 19.27398], [-99.257463, 19.273705], [-99.256889, 19.273756]], [[-99.256823, 19.27319], [-99.256866, 19.273028], [-99.256753, 19.273098], [-99.256823, 19.27319]], [[-99.251548, 19.27765], [-99.251781, 19.277892], [-99.252826, 19.277725], [-99.252769, 19.277427], [-99.251548, 19.27765]], [[-99.250921, 19.278302], [-99.250722, 19.277872], [-99.249513, 19.278415], [-99.249781, 19.278779], [-99.250921, 19.278302]], [[-99.248911, 19.278906], [-99.247884, 19.279468], [-99.249092, 19.278924], [-99.248911, 19.278906]], [[-99.258562, 19.266919], [-99.258392, 19.26665], [-99.258128, 19.266896], [-99.25815, 19.267517], [-99.258562, 19.266919]], [[-99.252799, 19.266717], [-99.253478, 19.2662], [-99.253673, 19.266685], [-99.255106, 19.266055], [-99.255166, 19.265121], [-99.25592, 19.264625], [-99.25629, 19.263971], [-99.256338, 19.263303], [-99.255924, 19.2628], [-99.254415, 19.262768], [-99.251853, 19.26385], [-99.251886, 19.26474], [-99.252118, 19.264913], [-99.253009, 19.264683], [-99.253385, 19.265108], [-99.253088, 19.265706], [-99.253378, 19.265902], [-99.252607, 19.266378], [-99.252799, 19.266717]], [[-99.251246, 19.265202], [-99.251198, 19.263664], [-99.25065, 19.263209], [-99.249607, 19.263289], [-99.248922, 19.264249], [-99.249684, 19.264767], [-99.251246, 19.265202]], [[-99.248852, 19.262625], [-99.249825, 19.26263], [-99.250161, 19.261636], [-99.249215, 19.261525], [-99.248946, 19.261782], [-99.248852, 19.262625]], [[-99.269467, 19.262213], [-99.269631, 19.262422], [-99.269678, 19.262274], [-99.269467, 19.262213]], [[-99.247757, 19.256406], [-99.248284, 19.255752], [-99.248646, 19.256004], [-99.249268, 19.25549], [-99.249167, 19.255197], [-99.25015, 19.254356], [-99.250402, 19.253094], [-99.249975, 19.252732], [-99.248075, 19.254075], [-99.248222, 19.254622], [-99.247091, 19.255867], [-99.247006, 19.256354], [-99.247757, 19.256406]], [[-99.247665, 19.25318], [-99.247705, 19.253099], [-99.247632, 19.253123], [-99.247665, 19.25318]], [[-99.247402, 19.252948], [-99.247412, 19.252861], [-99.247361, 19.252898], [-99.247402, 19.252948]], [[-99.247747, 19.252824], [-99.24772, 19.252903], [-99.247813, 19.252896], [-99.247747, 19.252824]], [[-99.248146, 19.252529], [-99.248229, 19.252553], [-99.248196, 19.252503], [-99.248146, 19.252529]], [[-99.255761, 19.246076], [-99.255106, 19.245598], [-99.253886, 19.246504], [-99.25298, 19.246737], [-99.252559, 19.247632], [-99.255236, 19.248479], [-99.256141, 19.247067], [-99.255761, 19.246076]], [[-99.253862, 19.246041], [-99.255751, 19.244392], [-99.255395, 19.243268], [-99.253962, 19.244233], [-99.252599, 19.242669], [-99.250586, 19.243055], [-99.25053, 19.246405], [-99.25108, 19.247112], [-99.253862, 19.246041]], [[-99.269821, 19.243403], [-99.269659, 19.243411], [-99.26972, 19.243481], [-99.269821, 19.243403]], [[-99.257777, 19.244343], [-99.257422, 19.243393], [-99.256666, 19.244194], [-99.256128, 19.243476], [-99.255591, 19.243662], [-99.256351, 19.24562], [-99.256852, 19.245782], [-99.257267, 19.245897], [-99.257632, 19.245352], [-99.257777, 19.244343]], [[-99.267623, 19.245529], [-99.267681, 19.245718], [-99.26775, 19.245592], [-99.267623, 19.245529]], [[-99.270902, 19.244321], [-99.270812, 19.244432], [-99.270919, 19.244414], [-99.270902, 19.244321]], [[-99.271969, 19.24231], [-99.271997, 19.242197], [-99.271922, 19.242251], [-99.271969, 19.24231]], [[-99.270864, 19.241653], [-99.270869, 19.241453], [-99.270781, 19.241495], [-99.270864, 19.241653]], [[-99.274414, 19.237977], [-99.274356, 19.237786], [-99.27428, 19.237876], [-99.274414, 19.237977]], [[-99.283384, 19.238803], [-99.283808, 19.239582], [-99.284307, 19.23935], [-99.283384, 19.238803]], [[-99.244973, 19.245317], [-99.244922, 19.245199], [-99.244942, 19.245317], [-99.244973, 19.245317]], [[-99.240799, 19.261441], [-99.240781, 19.261503], [-99.240829, 19.261498], [-99.240799, 19.261441]]], [[[-99.259747, 19.281664], [-99.260184, 19.280808], [-99.260885, 19.280645], [-99.261089, 19.279817], [-99.261688, 19.280059], [-99.262576, 19.279473], [-99.262252, 19.280042], [-99.263159, 19.280593], [-99.263718, 19.280112], [-99.263826, 19.279455], [-99.264986, 19.278658], [-99.265013, 19.278283], [-99.265461, 19.278505], [-99.263201, 19.281649], [-99.261792, 19.281033], [-99.261671, 19.280189], [-99.260953, 19.28071], [-99.26133, 19.281132], [-99.26087, 19.281895], [-99.260407, 19.28149], [-99.259747, 19.281664]]], [[[-99.259747, 19.281664], [-99.260317, 19.282121], [-99.260297, 19.283077], [-99.261106, 19.282681], [-99.261654, 19.282763], [-99.262331, 19.282263], [-99.262679, 19.282375], [-99.262454, 19.282688], [-99.262003, 19.282683], [-99.26207, 19.282972], [-99.262343, 19.282843], [-99.262166, 19.283088], [-99.259438, 19.284674], [-99.258959, 19.28461], [-99.258958, 19.284302], [-99.25951, 19.284108], [-99.259624, 19.283555], [-99.2587, 19.28336], [-99.25853, 19.283864], [-99.258, 19.284011], [-99.25848, 19.285049], [-99.257165, 19.286188], [-99.257555, 19.286368], [-99.257866, 19.286134], [-99.257911, 19.28642], [-99.25826, 19.286154], [-99.258884, 19.286239], [-99.258978, 19.285796], [-99.258157, 19.285674], [-99.2586, 19.285301], [-99.25859, 19.285588], [-99.259043, 19.285625], [-99.258823, 19.285098], [-99.259506, 19.284869], [-99.259404, 19.285275], [-99.259764, 19.285453], [-99.259405, 19.285974], [-99.259679, 19.286629], [-99.260262, 19.286882], [-99.261167, 19.286345], [-99.261571, 19.2856], [-99.261788, 19.287237], [-99.259442, 19.288266], [-99.258183, 19.287759], [-99.256618, 19.286124], [-99.257882, 19.285099], [-99.257779, 19.284693], [-99.257317, 19.284661], [-99.256497, 19.285036], [-99.255642, 19.286736], [-99.254495, 19.286839], [-99.254655, 19.287008], [-99.25382, 19.287991], [-99.253164, 19.288428], [-99.252548, 19.288453], [-99.252636, 19.288662], [-99.252166, 19.289124], [-99.251855, 19.28866], [-99.250817, 19.288598], [-99.250192, 19.288891], [-99.249425, 19.288621], [-99.249294, 19.288393], [-99.250103, 19.287706], [-99.251897, 19.287163], [-99.253493, 19.285602], [-99.255102, 19.284604], [-99.254998, 19.284257], [-99.25395, 19.28425], [-99.252703, 19.284607], [-99.252348, 19.284843], [-99.252529, 19.285354], [-99.251481, 19.285427], [-99.251107, 19.285792], [-99.249645, 19.285328], [-99.24876, 19.284321], [-99.249257, 19.284166], [-99.250185, 19.284546], [-99.251389, 19.284087], [-99.251958, 19.284398], [-99.25268, 19.283961], [-99.252921, 19.284189], [-99.254737, 19.2835], [-99.255526, 19.284061], [-99.255919, 19.283041], [-99.255393, 19.282938], [-99.255327, 19.282585], [-99.255567, 19.282273], [-99.25629, 19.282376], [-99.256573, 19.281689], [-99.25572, 19.282065], [-99.253093, 19.282006], [-99.25224, 19.282548], [-99.251475, 19.281828], [-99.252004, 19.281727], [-99.250417, 19.281299], [-99.249511, 19.281357], [-99.249238, 19.280798], [-99.254165, 19.281651], [-99.255894, 19.281607], [-99.256769, 19.281107], [-99.253197, 19.281309], [-99.253507, 19.280904], [-99.254514, 19.280591], [-99.255127, 19.280548], [-99.255259, 19.280964], [-99.257366, 19.280816], [-99.257077, 19.281647], [-99.256093, 19.282875], [-99.256379, 19.283519], [-99.257058, 19.283539], [-99.256852, 19.283092], [-99.257975, 19.282166], [-99.258214, 19.28169], [-99.25764, 19.281762], [-99.257667, 19.281268], [-99.257842, 19.281478], [-99.258089, 19.281162], [-99.257684, 19.280959], [-99.258544, 19.280613], [-99.258062, 19.281216], [-99.259747, 19.281664]], [[-99.249639, 19.288295], [-99.249963, 19.288574], [-99.250226, 19.288623], [-99.250182, 19.288294], [-99.249639, 19.288295]], [[-99.251109, 19.288375], [-99.250997, 19.288474], [-99.251128, 19.288443], [-99.251109, 19.288375]], [[-99.252419, 19.288499], [-99.251997, 19.288619], [-99.251981, 19.288807], [-99.252391, 19.288797], [-99.252419, 19.288499]], [[-99.258808, 19.286592], [-99.259031, 19.286884], [-99.258944, 19.286461], [-99.258808, 19.286592]]]]}}, {"type": "Feature", "properties": {"nombre": "San Bernabe Ocotepec", "abrev": "ESBO", "tenencia": "Ejido", "alcaldia": "La Magdalena Contreras", "sup_ha": 28.78, "no": 4}, "geometry": {"type": "MultiPolygon", "coordinates": [[[[-99.250408, 19.321904], [-99.250409, 19.321905], [-99.250382, 19.321897], [-99.250408, 19.321904]]], [[[-99.250408, 19.321904], [-99.25041, 19.320759], [-99.248388, 19.320319], [-99.248082, 19.320466], [-99.247535, 19.319506], [-99.247683, 19.319089], [-99.248425, 19.319503], [-99.249448, 19.319571], [-99.249731, 19.319276], [-99.249099, 19.319401], [-99.249283, 19.318912], [-99.248331, 19.319343], [-99.247975, 19.319053], [-99.248634, 19.319038], [-99.248939, 19.3187], [-99.247871, 19.318612], [-99.248515, 19.318628], [-99.249483, 19.318137], [-99.250204, 19.31938], [-99.251838, 19.320525], [-99.252457, 19.320262], [-99.254607, 19.320257], [-99.254948, 19.320324], [-99.255001, 19.320708], [-99.255356, 19.320614], [-99.255311, 19.319897], [-99.255487, 19.319865], [-99.255677, 19.319979], [-99.255844, 19.319906], [-99.256334, 19.320168], [-99.256198, 19.319406], [-99.256763, 19.319857], [-99.256549, 19.319912], [-99.256534, 19.320707], [-99.25507, 19.322407], [-99.254411, 19.323932], [-99.253334, 19.323695], [-99.252944, 19.324072], [-99.252188, 19.323989], [-99.250617, 19.324767], [-99.250155, 19.323922], [-99.250692, 19.321987], [-99.250408, 19.321904]], [[-99.255358, 19.320795], [-99.255369, 19.320742], [-99.255335, 19.320763], [-99.255358, 19.320795]], [[-99.255478, 19.319937], [-99.255474, 19.319893], [-99.255457, 19.319928], [-99.255478, 19.319937]]]]}}, {"type": "Feature", "properties": {"nombre": "Santa Rosa Xochiac", "abrev": "CSRX", "tenencia": "Comunidad", "alcaldia": "Álvaro Obregón", "sup_ha": 323.29, "no": 5}, "geometry": {"type": "MultiPolygon", "coordinates": [[[[-99.299179, 19.289698], [-99.301202, 19.286567], [-99.300751, 19.287715], [-99.299179, 19.289698]]], [[[-99.299179, 19.289698], [-99.299386, 19.290448], [-99.299663, 19.290673], [-99.300277, 19.290638], [-99.301624, 19.290314], [-99.301794, 19.290206], [-99.302309, 19.289512], [-99.301706, 19.290242], [-99.300292, 19.290566], [-99.299683, 19.290606], [-99.299284, 19.290009], [-99.301142, 19.287136], [-99.301277, 19.286313], [-99.301655, 19.286528], [-99.301487, 19.286002], [-99.304097, 19.287158], [-99.306448, 19.288696], [-99.306184, 19.291957], [-99.305599, 19.292588], [-99.303581, 19.293145], [-99.30281, 19.294017], [-99.302321, 19.29582], [-99.301103, 19.297309], [-99.298875, 19.301508], [-99.298228, 19.301529], [-99.297703, 19.303273], [-99.298113, 19.304587], [-99.297399, 19.308992], [-99.298206, 19.309903], [-99.298337, 19.311685], [-99.299597, 19.314992], [-99.29961, 19.316609], [-99.300199, 19.317204], [-99.299628, 19.318519], [-99.299425, 19.317235], [-99.298582, 19.316494], [-99.296954, 19.316037], [-99.296482, 19.316125], [-99.295658, 19.316948], [-99.294591, 19.314961], [-99.292596, 19.315503], [-99.291542, 19.315244], [-99.291221, 19.314411], [-99.291245, 19.312588], [-99.292195, 19.310705], [-99.291741, 19.308913], [-99.291253, 19.308956], [-99.290651, 19.311021], [-99.290308, 19.310997], [-99.290308, 19.311613], [-99.289576, 19.311799], [-99.289488, 19.31259], [-99.288587, 19.31324], [-99.287537, 19.313342], [-99.288101, 19.310646], [-99.287038, 19.30502], [-99.287064, 19.304295], [-99.288253, 19.301425], [-99.28886, 19.298229], [-99.289611, 19.296931], [-99.290241, 19.296821], [-99.291093, 19.294993], [-99.293266, 19.292914], [-99.297534, 19.291758], [-99.299179, 19.289698]], [[-99.292683, 19.307471], [-99.292739, 19.306604], [-99.292328, 19.306606], [-99.292066, 19.307483], [-99.292683, 19.307471]]]]}}, {"type": "Feature", "properties": {"nombre": "San Lorenzo Acopilco", "abrev": "CSLA", "tenencia": "Comunidad", "alcaldia": "Cuajimalpa de Morelos", "sup_ha": 989.54, "no": 6}, "geometry": {"type": "MultiPolygon", "coordinates": [[[[-99.344901, 19.300666], [-99.345775, 19.299388], [-99.346323, 19.299926], [-99.347238, 19.299638], [-99.346948, 19.300551], [-99.345669, 19.301762], [-99.344901, 19.300666]]], [[[-99.341531, 19.302988], [-99.334617, 19.2749], [-99.331632, 19.264228], [-99.347941, 19.292338], [-99.34776, 19.292775], [-99.348124, 19.293162], [-99.348312, 19.292978], [-99.348891, 19.293975], [-99.348622, 19.294376], [-99.348733, 19.294033], [-99.348246, 19.293607], [-99.347892, 19.294234], [-99.348201, 19.294079], [-99.348182, 19.294416], [-99.348523, 19.294435], [-99.347726, 19.294624], [-99.347684, 19.293968], [-99.347193, 19.294352], [-99.346303, 19.293987], [-99.346263, 19.29357], [-99.345688, 19.293471], [-99.345145, 19.293741], [-99.345962, 19.294271], [-99.34584, 19.294748], [-99.346217, 19.29481], [-99.345929, 19.295389], [-99.34624, 19.296022], [-99.347263, 19.295518], [-99.347573, 19.295984], [-99.346487, 19.297305], [-99.345553, 19.297029], [-99.345682, 19.297347], [-99.344933, 19.298063], [-99.344163, 19.299583], [-99.34477, 19.29977], [-99.343244, 19.302589], [-99.341531, 19.302988]], [[-99.343311, 19.302378], [-99.343311, 19.302303], [-99.34324, 19.302368], [-99.343311, 19.302378]], [[-99.343201, 19.302251], [-99.343314, 19.30226], [-99.343285, 19.302198], [-99.343201, 19.302251]], [[-99.344742, 19.297472], [-99.344709, 19.297277], [-99.344579, 19.297359], [-99.344742, 19.297472]], [[-99.34503, 19.296996], [-99.344908, 19.297302], [-99.345176, 19.297142], [-99.34503, 19.296996]], [[-99.344805, 19.296816], [-99.345133, 19.296793], [-99.344914, 19.296653], [-99.344805, 19.296816]], [[-99.345256, 19.29685], [-99.345644, 19.296672], [-99.345138, 19.296336], [-99.344909, 19.296618], [-99.345256, 19.29685]], [[-99.345052, 19.295919], [-99.345399, 19.295954], [-99.345236, 19.29578], [-99.345052, 19.295919]], [[-99.343805, 19.295421], [-99.344242, 19.295], [-99.34545, 19.294956], [-99.345766, 19.29464], [-99.345267, 19.294168], [-99.344391, 19.294191], [-99.343562, 19.295092], [-99.343805, 19.295421]], [[-99.347549, 19.293186], [-99.347657, 19.293981], [-99.348204, 19.293534], [-99.347691, 19.292953], [-99.347249, 19.293023], [-99.347465, 19.292385], [-99.34717, 19.292161], [-99.346494, 19.292813], [-99.346915, 19.293263], [-99.347549, 19.293186]], [[-99.34658, 19.293455], [-99.346721, 19.293245], [-99.346426, 19.293085], [-99.346278, 19.293279], [-99.34658, 19.293455]], [[-99.345904, 19.292665], [-99.34577, 19.292448], [-99.345695, 19.292587], [-99.345904, 19.292665]], [[-99.346164, 19.29217], [-99.346359, 19.292022], [-99.346325, 19.291814], [-99.345998, 19.291897], [-99.346164, 19.29217]], [[-99.34651, 19.291947], [-99.346889, 19.291978], [-99.346971, 19.291877], [-99.346624, 19.291583], [-99.34651, 19.291947]], [[-99.346126, 19.291692], [-99.346202, 19.291612], [-99.346121, 19.291612], [-99.346126, 19.291692]], [[-99.347275, 19.291759], [-99.347277, 19.291922], [-99.347363, 19.291836], [-99.347275, 19.291759]], [[-99.347408, 19.29396], [-99.346663, 19.293545], [-99.346631, 19.293804], [-99.347408, 19.29396]], [[-99.34578, 19.291158], [-99.34589, 19.291097], [-99.345822, 19.291033], [-99.34578, 19.291158]], [[-99.346169, 19.291054], [-99.346071, 19.291164], [-99.346193, 19.291139], [-99.346169, 19.291054]], [[-99.345977, 19.290897], [-99.34605, 19.290653], [-99.345923, 19.290691], [-99.345977, 19.290897]], [[-99.345706, 19.290185], [-99.34557, 19.289989], [-99.345509, 19.290178], [-99.345706, 19.290185]]], [[[-99.336752, 19.303747], [-99.336722, 19.303727], [-99.336755, 19.303729], [-99.336752, 19.303747]]], [[[-99.342039, 19.303202], [-99.343604, 19.302906], [-99.344097, 19.302058], [-99.344856, 19.302687], [-99.341892, 19.30543], [-99.341494, 19.303591], [-99.342039, 19.303202]], [[-99.343667, 19.302966], [-99.343678, 19.302874], [-99.343631, 19.302921], [-99.343667, 19.302966]]], [[[-99.339931, 19.307633], [-99.340229, 19.305465], [-99.341367, 19.304583], [-99.341517, 19.305584], [-99.340972, 19.305743], [-99.340945, 19.307106], [-99.339931, 19.307633]], [[-99.340363, 19.305903], [-99.340413, 19.30583], [-99.340396, 19.305826], [-99.340363, 19.305903]], [[-99.340306, 19.305751], [-99.340503, 19.305758], [-99.340336, 19.305701], [-99.340306, 19.305751]], [[-99.340568, 19.305602], [-99.340578, 19.30574], [-99.340618, 19.305613], [-99.340568, 19.305602]]], [[[-99.343515, 19.311714], [-99.343129, 19.309737], [-99.343604, 19.309724], [-99.344872, 19.307814], [-99.346462, 19.306727], [-99.346764, 19.305896], [-99.346275, 19.305595], [-99.34694, 19.304239], [-99.347916, 19.299948], [-99.34896, 19.299763], [-99.350852, 19.297857], [-99.353673, 19.302635], [-99.347303, 19.3112], [-99.347007, 19.310806], [-99.344992, 19.313322], [-99.344597, 19.312555], [-99.343515, 19.311714]], [[-99.348958, 19.301695], [-99.348195, 19.301685], [-99.347988, 19.30201], [-99.348271, 19.302445], [-99.348671, 19.302488], [-99.348958, 19.301695]]], [[[-99.31681, 19.317779], [-99.319007, 19.314607], [-99.319719, 19.312262], [-99.321611, 19.31122], [-99.323212, 19.309152], [-99.323446, 19.309378], [-99.323856, 19.309105], [-99.323508, 19.308745], [-99.324162, 19.307882], [-99.324179, 19.306299], [-99.324872, 19.305284], [-99.325785, 19.301972], [-99.326379, 19.298123], [-99.327034, 19.296216], [-99.329113, 19.292818], [-99.329739, 19.291113], [-99.329704, 19.289051], [-99.329207, 19.286839], [-99.327477, 19.284861], [-99.32593, 19.281808], [-99.325281, 19.281297], [-99.32376, 19.277265], [-99.323804, 19.274162], [-99.322205, 19.268416], [-99.322281, 19.267584], [-99.32177, 19.26664], [-99.329263, 19.260143], [-99.33102, 19.263163], [-99.332553, 19.268746], [-99.340973, 19.302975], [-99.340521, 19.303693], [-99.339432, 19.303102], [-99.33898, 19.303715], [-99.338472, 19.303445], [-99.336819, 19.304499], [-99.336427, 19.303718], [-99.336879, 19.303815], [-99.336857, 19.30311], [-99.335946, 19.303054], [-99.335769, 19.30354], [-99.334535, 19.303428], [-99.334428, 19.302572], [-99.333054, 19.302475], [-99.331832, 19.303537], [-99.331958, 19.303938], [-99.332404, 19.303816], [-99.332426, 19.305678], [-99.331644, 19.306874], [-99.331787, 19.307283], [-99.331037, 19.307961], [-99.330252, 19.30714], [-99.330328, 19.306304], [-99.330029, 19.306333], [-99.32984, 19.305791], [-99.330056, 19.305473], [-99.32975, 19.305569], [-99.329468, 19.304869], [-99.32836, 19.304963], [-99.328749, 19.30938], [-99.328427, 19.311756], [-99.327825, 19.312101], [-99.327345, 19.312117], [-99.32544, 19.314454], [-99.325077, 19.314014], [-99.325061, 19.314699], [-99.324506, 19.314897], [-99.324013, 19.314256], [-99.32372, 19.314454], [-99.323407, 19.314232], [-99.323594, 19.314539], [-99.322452, 19.31531], [-99.32193, 19.315319], [-99.322556, 19.315631], [-99.321213, 19.317095], [-99.316925, 19.326449], [-99.315708, 19.326487], [-99.314756, 19.324546], [-99.314044, 19.324509], [-99.312465, 19.322809], [-99.315431, 19.321428], [-99.31681, 19.317779]], [[-99.321576, 19.315807], [-99.321602, 19.315553], [-99.321449, 19.315663], [-99.321576, 19.315807]], [[-99.321238, 19.315676], [-99.3212, 19.315616], [-99.321175, 19.315652], [-99.321238, 19.315676]], [[-99.321553, 19.314744], [-99.321826, 19.314622], [-99.321551, 19.314627], [-99.321553, 19.314744]], [[-99.323274, 19.314346], [-99.323085, 19.314349], [-99.323217, 19.314498], [-99.323274, 19.314346]], [[-99.323674, 19.314137], [-99.324169, 19.313829], [-99.324085, 19.313669], [-99.323674, 19.314137]], [[-99.323887, 19.312705], [-99.323928, 19.312533], [-99.323815, 19.312623], [-99.323887, 19.312705]], [[-99.327834, 19.311996], [-99.32773, 19.31179], [-99.327725, 19.311982], [-99.327834, 19.311996]], [[-99.327556, 19.311686], [-99.327572, 19.311538], [-99.327496, 19.311574], [-99.327556, 19.311686]], [[-99.327419, 19.311516], [-99.327535, 19.311437], [-99.327443, 19.311425], [-99.327419, 19.311516]], [[-99.327605, 19.310914], [-99.327701, 19.310671], [-99.327516, 19.310788], [-99.327605, 19.310914]], [[-99.322502, 19.310697], [-99.322653, 19.310593], [-99.322502, 19.310593], [-99.322502, 19.310697]], [[-99.324978, 19.310443], [-99.325018, 19.310655], [-99.325111, 19.310562], [-99.324978, 19.310443]], [[-99.327798, 19.309991], [-99.327823, 19.309847], [-99.327735, 19.309907], [-99.327798, 19.309991]], [[-99.327145, 19.308329], [-99.327385, 19.308174], [-99.327294, 19.308125], [-99.327145, 19.308329]], [[-99.329011, 19.304823], [-99.329136, 19.304866], [-99.329135, 19.304806], [-99.329011, 19.304823]], [[-99.329788, 19.304617], [-99.329942, 19.304876], [-99.329992, 19.304681], [-99.329788, 19.304617]], [[-99.328518, 19.304641], [-99.32863, 19.304603], [-99.328562, 19.304569], [-99.328518, 19.304641]], [[-99.330758, 19.304918], [-99.330972, 19.305213], [-99.331253, 19.305233], [-99.331133, 19.304927], [-99.330758, 19.304918]], [[-99.330141, 19.305231], [-99.330214, 19.305125], [-99.330113, 19.305156], [-99.330141, 19.305231]], [[-99.330981, 19.305727], [-99.330901, 19.306238], [-99.331329, 19.307289], [-99.33115, 19.305832], [-99.330981, 19.305727]], [[-99.33525, 19.302692], [-99.335057, 19.302771], [-99.335101, 19.303336], [-99.33531, 19.303105], [-99.33525, 19.302692]], [[-99.337003, 19.303038], [-99.33715, 19.303586], [-99.336904, 19.303798], [-99.337043, 19.30389], [-99.337456, 19.303571], [-99.337003, 19.303038]], [[-99.337403, 19.303166], [-99.337315, 19.303256], [-99.337434, 19.303223], [-99.337403, 19.303166]], [[-99.335711, 19.303256], [-99.335646, 19.303322], [-99.33573, 19.303299], [-99.335711, 19.303256]], [[-99.33569, 19.301079], [-99.336146, 19.299572], [-99.335731, 19.299041], [-99.335302, 19.299076], [-99.335262, 19.30103], [-99.33569, 19.301079]], [[-99.33959, 19.299658], [-99.339847, 19.300016], [-99.339642, 19.299536], [-99.33959, 19.299658]], [[-99.33197, 19.293886], [-99.331982, 19.293799], [-99.331918, 19.293846], [-99.33197, 19.293886]], [[-99.333473, 19.28929], [-99.333152, 19.289267], [-99.333243, 19.290498], [-99.333617, 19.290509], [-99.333473, 19.28929]]], [[[-99.331654, 19.329399], [-99.332854, 19.327405], [-99.331709, 19.327519], [-99.331628, 19.32674], [-99.331937, 19.326349], [-99.33225, 19.326501], [-99.333057, 19.326095], [-99.3333, 19.325613], [-99.332987, 19.325233], [-99.334215, 19.325318], [-99.333821, 19.324635], [-99.333169, 19.324991], [-99.332852, 19.323284], [-99.333537, 19.323244], [-99.333721, 19.32223], [-99.334537, 19.322079], [-99.336364, 19.320793], [-99.336366, 19.321569], [-99.336792, 19.321049], [-99.336697, 19.320572], [-99.337482, 19.319813], [-99.338422, 19.316347], [-99.340458, 19.312069], [-99.341653, 19.310531], [-99.342671, 19.309907], [-99.34299, 19.311261], [-99.342261, 19.311287], [-99.342185, 19.311534], [-99.342979, 19.312013], [-99.343079, 19.312644], [-99.342307, 19.312253], [-99.342158, 19.313435], [-99.343537, 19.313664], [-99.343395, 19.314482], [-99.343923, 19.315239], [-99.342884, 19.315828], [-99.342276, 19.315117], [-99.341971, 19.315177], [-99.342226, 19.314911], [-99.341879, 19.314337], [-99.340562, 19.31602], [-99.341197, 19.31617], [-99.341727, 19.316685], [-99.341535, 19.317039], [-99.340322, 19.317253], [-99.340136, 19.317796], [-99.341136, 19.319151], [-99.339424, 19.320721], [-99.338818, 19.320609], [-99.339739, 19.319371], [-99.33928, 19.318723], [-99.338941, 19.319109], [-99.339337, 19.31781], [-99.338219, 19.319099], [-99.339051, 19.319523], [-99.33878, 19.320437], [-99.337441, 19.322122], [-99.33714, 19.322086], [-99.337189, 19.321513], [-99.336918, 19.321329], [-99.336882, 19.321802], [-99.336046, 19.322017], [-99.335764, 19.322598], [-99.334978, 19.322692], [-99.334911, 19.323278], [-99.335331, 19.323662], [-99.334555, 19.323736], [-99.334274, 19.324408], [-99.334501, 19.32479], [-99.335078, 19.324869], [-99.33482, 19.327977], [-99.334518, 19.329038], [-99.332731, 19.331289], [-99.332399, 19.332103], [-99.332593, 19.33382], [-99.331839, 19.337526], [-99.330877, 19.339358], [-99.330841, 19.335481], [-99.329856, 19.335178], [-99.330106, 19.333867], [-99.329677, 19.33172], [-99.330979, 19.331206], [-99.331654, 19.329399]], [[-99.334396, 19.322682], [-99.334775, 19.322396], [-99.334575, 19.322246], [-99.334396, 19.322682]]], [[[-99.335216, 19.302845], [-99.335227, 19.302802], [-99.335227, 19.302858], [-99.335216, 19.302845]]]]}}, {"type": "Feature", "properties": {"nombre": "San Bernabe Ocotepec", "abrev": "CSBO", "tenencia": "Comunidad", "alcaldia": "La Magdalena Contreras", "sup_ha": 296.73, "no": 7}, "geometry": {"type": "Polygon", "coordinates": [[[-99.271308, 19.319537], [-99.271612, 19.319082], [-99.270929, 19.319261], [-99.270222, 19.318924], [-99.270218, 19.318663], [-99.271271, 19.317897], [-99.271806, 19.318133], [-99.272482, 19.31754], [-99.273117, 19.316887], [-99.272382, 19.316512], [-99.27301, 19.31583], [-99.273346, 19.315637], [-99.273221, 19.316218], [-99.27424, 19.315631], [-99.274691, 19.314376], [-99.274632, 19.313419], [-99.274458, 19.312745], [-99.273867, 19.312761], [-99.2734, 19.313869], [-99.27395, 19.314251], [-99.273401, 19.314404], [-99.273885, 19.314816], [-99.272902, 19.314909], [-99.272949, 19.314202], [-99.272438, 19.314519], [-99.272347, 19.314098], [-99.272696, 19.313342], [-99.271973, 19.312496], [-99.271159, 19.312184], [-99.271235, 19.311378], [-99.270776, 19.311154], [-99.270541, 19.31165], [-99.269887, 19.311535], [-99.270062, 19.31067], [-99.270287, 19.31], [-99.271326, 19.309391], [-99.271597, 19.308345], [-99.272758, 19.306658], [-99.272024, 19.306224], [-99.272594, 19.306204], [-99.272669, 19.305361], [-99.272278, 19.305547], [-99.272189, 19.305188], [-99.272748, 19.304992], [-99.272316, 19.303934], [-99.272511, 19.303775], [-99.273301, 19.304229], [-99.273697, 19.303765], [-99.273584, 19.303512], [-99.274468, 19.303922], [-99.274782, 19.303369], [-99.273715, 19.302019], [-99.273412, 19.302383], [-99.272714, 19.302492], [-99.272593, 19.302193], [-99.272172, 19.30217], [-99.271807, 19.302445], [-99.270408, 19.301604], [-99.271617, 19.302033], [-99.27086, 19.301149], [-99.271288, 19.301035], [-99.27139, 19.301495], [-99.272575, 19.301313], [-99.27294, 19.300624], [-99.272793, 19.300114], [-99.27328, 19.299518], [-99.272634, 19.298963], [-99.270767, 19.299019], [-99.269625, 19.300458], [-99.268941, 19.300279], [-99.269017, 19.299835], [-99.268284, 19.299529], [-99.268354, 19.30077], [-99.267646, 19.300539], [-99.267806, 19.300939], [-99.267599, 19.301005], [-99.267269, 19.30058], [-99.266868, 19.300952], [-99.268074, 19.298255], [-99.267057, 19.297731], [-99.267055, 19.296875], [-99.26645, 19.296611], [-99.267978, 19.295006], [-99.270812, 19.290837], [-99.273507, 19.28917], [-99.277102, 19.288199], [-99.28528, 19.291492], [-99.284657, 19.292704], [-99.28336, 19.294014], [-99.281547, 19.301093], [-99.280296, 19.303785], [-99.278983, 19.305799], [-99.27906, 19.309261], [-99.277999, 19.310566], [-99.277514, 19.30979], [-99.277288, 19.309829], [-99.277022, 19.311303], [-99.277519, 19.311445], [-99.27728, 19.311983], [-99.276627, 19.312095], [-99.276035, 19.313545], [-99.276659, 19.313131], [-99.276247, 19.314058], [-99.275516, 19.31379], [-99.275407, 19.314314], [-99.276099, 19.314326], [-99.275785, 19.315402], [-99.275851, 19.315071], [-99.275405, 19.314873], [-99.275315, 19.315227], [-99.275073, 19.315558], [-99.275082, 19.31598], [-99.275378, 19.31612], [-99.274808, 19.317123], [-99.27457, 19.317202], [-99.273933, 19.316431], [-99.273178, 19.31687], [-99.273045, 19.317432], [-99.273901, 19.317512], [-99.274013, 19.318151], [-99.273881, 19.318355], [-99.272655, 19.31765], [-99.273098, 19.318039], [-99.273122, 19.318487], [-99.272543, 19.317882], [-99.272332, 19.318039], [-99.27286, 19.318543], [-99.272176, 19.318935], [-99.272964, 19.31982], [-99.272773, 19.320358], [-99.27242, 19.320178], [-99.271727, 19.320751], [-99.271868, 19.320896], [-99.271027, 19.320963], [-99.271012, 19.3213], [-99.270704, 19.320948], [-99.271162, 19.320754], [-99.270823, 19.320664], [-99.270904, 19.320394], [-99.271329, 19.320349], [-99.271067, 19.320091], [-99.270032, 19.320591], [-99.270066, 19.320225], [-99.271308, 19.319537]], [[-99.274965, 19.315399], [-99.275194, 19.315361], [-99.274944, 19.314933], [-99.274965, 19.315399]], [[-99.272448, 19.308632], [-99.272698, 19.308545], [-99.272512, 19.308491], [-99.272448, 19.308632]], [[-99.272355, 19.308618], [-99.272401, 19.308693], [-99.272412, 19.308636], [-99.272355, 19.308618]], [[-99.275938, 19.302897], [-99.274623, 19.302577], [-99.274533, 19.302643], [-99.275338, 19.303295], [-99.275938, 19.302897]], [[-99.275848, 19.302557], [-99.276675, 19.302062], [-99.275814, 19.302015], [-99.276108, 19.301297], [-99.276993, 19.301152], [-99.277333, 19.300538], [-99.275732, 19.300377], [-99.275683, 19.30078], [-99.276197, 19.300956], [-99.274003, 19.301668], [-99.27397, 19.301888], [-99.275848, 19.302557]], [[-99.271945, 19.296875], [-99.272718, 19.297049], [-99.273145, 19.296582], [-99.272124, 19.29638], [-99.271945, 19.296875]], [[-99.268487, 19.296195], [-99.268516, 19.296707], [-99.268604, 19.296735], [-99.268729, 19.296325], [-99.268487, 19.296195]], [[-99.281323, 19.291492], [-99.281278, 19.291543], [-99.281327, 19.291539], [-99.281323, 19.291492]], [[-99.279841, 19.291348], [-99.280125, 19.291032], [-99.279709, 19.290349], [-99.27928, 19.290588], [-99.279266, 19.291153], [-99.279841, 19.291348]], [[-99.281097, 19.290858], [-99.281077, 19.290966], [-99.281122, 19.290955], [-99.281097, 19.290858]], [[-99.270073, 19.311347], [-99.270196, 19.31153], [-99.270226, 19.311338], [-99.270073, 19.311347]]]}}, {"type": "Feature", "properties": {"nombre": "San Bartolo Ameyalco", "abrev": "CSBA", "tenencia": "Comunidad", "alcaldia": "Álvaro Obregón", "sup_ha": 285.29, "no": 8}, "geometry": {"type": "MultiPolygon", "coordinates": [[[[-99.277804, 19.318546], [-99.276149, 19.318205], [-99.276325, 19.318389], [-99.275386, 19.318389], [-99.275484, 19.318821], [-99.274564, 19.319634], [-99.274829, 19.319088], [-99.274505, 19.318896], [-99.274428, 19.319379], [-99.274091, 19.319387], [-99.274515, 19.319648], [-99.274455, 19.319885], [-99.273896, 19.319868], [-99.273953, 19.320755], [-99.273372, 19.32078], [-99.273648, 19.320185], [-99.273346, 19.320131], [-99.273205, 19.320427], [-99.272771, 19.320358], [-99.27298, 19.319829], [-99.273329, 19.319926], [-99.273092, 19.31958], [-99.273356, 19.318917], [-99.274129, 19.318931], [-99.273969, 19.31869], [-99.274461, 19.318547], [-99.273879, 19.318355], [-99.274055, 19.318084], [-99.274588, 19.318409], [-99.274275, 19.317747], [-99.274981, 19.318227], [-99.276043, 19.318175], [-99.275792, 19.3179], [-99.276875, 19.318005], [-99.277804, 19.318546]]], [[[-99.277902, 19.312583], [-99.277939, 19.312342], [-99.278208, 19.312138], [-99.277902, 19.312022], [-99.277675, 19.312309], [-99.277871, 19.313305], [-99.276684, 19.313912], [-99.277286, 19.314818], [-99.27765, 19.314699], [-99.277479, 19.315112], [-99.277699, 19.315193], [-99.277264, 19.315266], [-99.277306, 19.315704], [-99.277193, 19.315858], [-99.276638, 19.316055], [-99.276342, 19.316737], [-99.275978, 19.31674], [-99.276355, 19.316279], [-99.276093, 19.315924], [-99.27589, 19.31661], [-99.275244, 19.316705], [-99.275121, 19.317041], [-99.275595, 19.317404], [-99.275817, 19.317308], [-99.27562, 19.316984], [-99.275934, 19.316874], [-99.276215, 19.317314], [-99.275672, 19.317603], [-99.27484, 19.317061], [-99.275775, 19.315916], [-99.276156, 19.314271], [-99.27668, 19.314098], [-99.276278, 19.314026], [-99.276679, 19.313251], [-99.276988, 19.313234], [-99.277529, 19.312509], [-99.277189, 19.312096], [-99.277876, 19.311251], [-99.278165, 19.311341], [-99.277977, 19.310591], [-99.27906, 19.309261], [-99.278983, 19.305799], [-99.280297, 19.303785], [-99.281547, 19.301093], [-99.283361, 19.294014], [-99.28595, 19.291072], [-99.286428, 19.290587], [-99.287416, 19.290327], [-99.288379, 19.289483], [-99.288515, 19.289031], [-99.290381, 19.28911], [-99.292861, 19.290128], [-99.294573, 19.290463], [-99.298852, 19.290258], [-99.297534, 19.291758], [-99.293266, 19.292914], [-99.291093, 19.294993], [-99.290241, 19.296821], [-99.289611, 19.296931], [-99.28886, 19.298229], [-99.288253, 19.301425], [-99.287064, 19.304295], [-99.287902, 19.308725], [-99.287995, 19.311581], [-99.287207, 19.313682], [-99.286936, 19.313046], [-99.28677, 19.313309], [-99.286649, 19.313137], [-99.286838, 19.312142], [-99.28577, 19.311891], [-99.285467, 19.311418], [-99.285211, 19.311681], [-99.285613, 19.31115], [-99.285976, 19.31134], [-99.285758, 19.31058], [-99.285398, 19.31051], [-99.284847, 19.311237], [-99.284586, 19.310938], [-99.284439, 19.311191], [-99.284665, 19.311363], [-99.284202, 19.311415], [-99.284338, 19.311776], [-99.284055, 19.3118], [-99.283992, 19.312146], [-99.284387, 19.311769], [-99.284624, 19.311947], [-99.284383, 19.312804], [-99.284567, 19.313662], [-99.285383, 19.314411], [-99.284972, 19.314418], [-99.284931, 19.315033], [-99.28521, 19.315342], [-99.284803, 19.316529], [-99.283669, 19.317942], [-99.282965, 19.318527], [-99.282726, 19.319528], [-99.282954, 19.319805], [-99.282548, 19.319697], [-99.282396, 19.31995], [-99.282894, 19.320037], [-99.282709, 19.321532], [-99.285679, 19.317999], [-99.285913, 19.318092], [-99.28574, 19.31848], [-99.285181, 19.318703], [-99.285129, 19.31932], [-99.2845, 19.319486], [-99.283263, 19.321564], [-99.281707, 19.321948], [-99.281093, 19.322341], [-99.280963, 19.322999], [-99.280145, 19.322865], [-99.279994, 19.32307], [-99.28033, 19.323418], [-99.2799, 19.323843], [-99.278967, 19.323584], [-99.278591, 19.32385], [-99.278594, 19.32437], [-99.277318, 19.324981], [-99.277557, 19.324448], [-99.276632, 19.324157], [-99.277331, 19.324235], [-99.277488, 19.324023], [-99.276635, 19.323587], [-99.276387, 19.323928], [-99.276273, 19.323469], [-99.276342, 19.324251], [-99.276808, 19.32472], [-99.276627, 19.325226], [-99.27627, 19.324305], [-99.276002, 19.324258], [-99.276077, 19.323631], [-99.276533, 19.323038], [-99.276257, 19.323078], [-99.275601, 19.324037], [-99.276777, 19.325605], [-99.276541, 19.325716], [-99.275946, 19.324904], [-99.276295, 19.325789], [-99.276122, 19.326038], [-99.27459, 19.324507], [-99.274011, 19.323274], [-99.274383, 19.321697], [-99.275019, 19.321254], [-99.275114, 19.320582], [-99.275526, 19.320761], [-99.275272, 19.320901], [-99.275466, 19.321082], [-99.275055, 19.321895], [-99.274781, 19.321788], [-99.275249, 19.322069], [-99.275052, 19.322345], [-99.275439, 19.32272], [-99.275723, 19.322422], [-99.275412, 19.322295], [-99.276251, 19.321977], [-99.276041, 19.321515], [-99.276365, 19.321258], [-99.276576, 19.322143], [-99.277683, 19.321625], [-99.277101, 19.322242], [-99.277146, 19.322461], [-99.277751, 19.322378], [-99.278466, 19.321425], [-99.279133, 19.321467], [-99.27909, 19.320846], [-99.279502, 19.320982], [-99.28041, 19.320366], [-99.280287, 19.321538], [-99.280633, 19.321382], [-99.280703, 19.320296], [-99.280938, 19.320244], [-99.280978, 19.320734], [-99.281358, 19.320454], [-99.280966, 19.320199], [-99.281139, 19.319816], [-99.280787, 19.320039], [-99.280935, 19.319866], [-99.280606, 19.319733], [-99.28094, 19.319275], [-99.281489, 19.319205], [-99.280763, 19.318798], [-99.280937, 19.318647], [-99.28061, 19.318275], [-99.281212, 19.317864], [-99.28124, 19.317268], [-99.280574, 19.317395], [-99.280215, 19.317911], [-99.280574, 19.318451], [-99.280627, 19.31873], [-99.280585, 19.318525], [-99.279672, 19.318613], [-99.280243, 19.316998], [-99.280015, 19.31608], [-99.280359, 19.315883], [-99.280345, 19.316354], [-99.281024, 19.315319], [-99.280686, 19.314986], [-99.280182, 19.315686], [-99.280025, 19.315306], [-99.279623, 19.31525], [-99.280432, 19.314377], [-99.280051, 19.314176], [-99.280148, 19.313544], [-99.279494, 19.313868], [-99.279422, 19.313438], [-99.279926, 19.313339], [-99.279474, 19.312681], [-99.278984, 19.312713], [-99.279903, 19.311655], [-99.279437, 19.311797], [-99.278726, 19.311389], [-99.27869, 19.311845], [-99.278606, 19.311409], [-99.278634, 19.312255], [-99.278424, 19.312136], [-99.278065, 19.312826], [-99.277947, 19.312737], [-99.277902, 19.312583]], [[-99.277939, 19.312616], [-99.277917, 19.312613], [-99.277993, 19.312685], [-99.277939, 19.312616]], [[-99.274987, 19.323133], [-99.274956, 19.32263], [-99.274759, 19.322717], [-99.274987, 19.323133]], [[-99.275327, 19.322996], [-99.275508, 19.323333], [-99.27575, 19.323074], [-99.275644, 19.322974], [-99.275327, 19.322996]], [[-99.275968, 19.315801], [-99.275884, 19.315665], [-99.275826, 19.31578], [-99.275968, 19.315801]], [[-99.276364, 19.315819], [-99.276441, 19.315887], [-99.276433, 19.315807], [-99.276364, 19.315819]], [[-99.27659, 19.315322], [-99.276696, 19.315694], [-99.276898, 19.315368], [-99.27659, 19.315322]], [[-99.276851, 19.315875], [-99.276809, 19.315942], [-99.27687, 19.315951], [-99.276851, 19.315875]], [[-99.27709, 19.315439], [-99.276933, 19.315621], [-99.276929, 19.315706], [-99.277171, 19.315651], [-99.277179, 19.315455], [-99.27709, 19.315439]], [[-99.277305, 19.322675], [-99.277018, 19.322941], [-99.277514, 19.323466], [-99.277781, 19.322947], [-99.277305, 19.322675]], [[-99.278177, 19.322259], [-99.278692, 19.322303], [-99.278963, 19.321656], [-99.278613, 19.321697], [-99.278177, 19.322259]], [[-99.27836, 19.312053], [-99.278323, 19.311942], [-99.278293, 19.312069], [-99.27836, 19.312053]], [[-99.278838, 19.311098], [-99.279541, 19.311477], [-99.280006, 19.311237], [-99.278959, 19.310859], [-99.278838, 19.311098]], [[-99.280962, 19.3113], [-99.280092, 19.31169], [-99.28027, 19.312049], [-99.28053, 19.311607], [-99.280625, 19.312292], [-99.280328, 19.312741], [-99.279921, 19.312166], [-99.279618, 19.312402], [-99.280033, 19.312879], [-99.281053, 19.312873], [-99.281468, 19.312306], [-99.281729, 19.312341], [-99.280962, 19.3113]], [[-99.281835, 19.31421], [-99.281384, 19.31399], [-99.281364, 19.313489], [-99.281169, 19.313629], [-99.281039, 19.313964], [-99.281668, 19.314874], [-99.281947, 19.314818], [-99.281835, 19.31421]], [[-99.281462, 19.31975], [-99.28118, 19.31992], [-99.28142, 19.320081], [-99.281462, 19.31975]], [[-99.282193, 19.317177], [-99.282525, 19.316352], [-99.282119, 19.316031], [-99.281659, 19.316623], [-99.282193, 19.317177]], [[-99.282518, 19.319149], [-99.282298, 19.318798], [-99.282382, 19.319253], [-99.282518, 19.319149]], [[-99.283087, 19.31819], [-99.282333, 19.31824], [-99.282605, 19.319112], [-99.283087, 19.31819]], [[-99.282781, 19.305101], [-99.282909, 19.30538], [-99.282985, 19.305167], [-99.282781, 19.305101]], [[-99.283318, 19.315693], [-99.282787, 19.316489], [-99.282909, 19.316868], [-99.283306, 19.316485], [-99.283318, 19.315693]], [[-99.284246, 19.313349], [-99.283643, 19.31374], [-99.283543, 19.315592], [-99.283747, 19.31582], [-99.283168, 19.317809], [-99.283353, 19.318129], [-99.284521, 19.316429], [-99.284797, 19.315436], [-99.284745, 19.31426], [-99.284246, 19.313349]], [[-99.28382, 19.311992], [-99.283532, 19.312273], [-99.283845, 19.312293], [-99.28382, 19.311992]], [[-99.296986, 19.291294], [-99.296893, 19.291396], [-99.296991, 19.291397], [-99.296986, 19.291294]], [[-99.297588, 19.291405], [-99.297552, 19.291423], [-99.297586, 19.291423], [-99.297588, 19.291405]]], [[[-99.275574, 19.318713], [-99.275975, 19.318461], [-99.276258, 19.318453], [-99.276342, 19.318489], [-99.275574, 19.318713]]], [[[-99.279356, 19.329308], [-99.278703, 19.328696], [-99.279285, 19.327688], [-99.279864, 19.328038], [-99.279499, 19.328758], [-99.279966, 19.328702], [-99.280091, 19.329041], [-99.279821, 19.329342], [-99.279356, 19.329308]]], [[[-99.279333, 19.327629], [-99.280382, 19.326519], [-99.280199, 19.326205], [-99.280477, 19.325865], [-99.281446, 19.325797], [-99.281372, 19.325596], [-99.281984, 19.325344], [-99.280934, 19.326597], [-99.28067, 19.326556], [-99.280229, 19.327516], [-99.279625, 19.327779], [-99.279333, 19.327629]]], [[[-99.280781, 19.32536], [-99.282374, 19.324572], [-99.282532, 19.323919], [-99.284056, 19.322439], [-99.284712, 19.322677], [-99.282948, 19.324291], [-99.282779, 19.324916], [-99.28145, 19.325481], [-99.280781, 19.32536]]], [[[-99.285256, 19.322072], [-99.284988, 19.321888], [-99.285509, 19.32144], [-99.285436, 19.321039], [-99.285995, 19.320669], [-99.286105, 19.321131], [-99.286377, 19.321145], [-99.286365, 19.320374], [-99.286719, 19.320038], [-99.287027, 19.320444], [-99.286541, 19.320759], [-99.286643, 19.321205], [-99.285688, 19.321649], [-99.285895, 19.321824], [-99.285176, 19.322492], [-99.285256, 19.322072]], [[-99.286373, 19.320381], [-99.286671, 19.320394], [-99.286927, 19.320313], [-99.286373, 19.320381]], [[-99.286771, 19.320521], [-99.286809, 19.320415], [-99.286725, 19.320457], [-99.286771, 19.320521]]]]}}, {"type": "Feature", "properties": {"nombre": "Magdalena Petlacalco", "abrev": "EMP", "tenencia": "Ejido", "alcaldia": "Tlalpan", "sup_ha": 626.18, "no": 9}, "geometry": {"type": "MultiPolygon", "coordinates": [[[[-99.299456, 19.235589], [-99.296473, 19.233967], [-99.295192, 19.23201], [-99.293678, 19.231631], [-99.273758, 19.223212], [-99.276572, 19.221434], [-99.278879, 19.218821], [-99.282121, 19.217756], [-99.294268, 19.215342], [-99.299454, 19.2168], [-99.303417, 19.216809], [-99.312799, 19.230645], [-99.306812, 19.234284], [-99.303508, 19.235234], [-99.301902, 19.235221], [-99.300853, 19.234825], [-99.299456, 19.235589]], [[-99.295035, 19.230177], [-99.295249, 19.230409], [-99.295261, 19.23019], [-99.295035, 19.230177]], [[-99.290374, 19.23001], [-99.290446, 19.230204], [-99.290528, 19.230077], [-99.290374, 19.23001]], [[-99.295664, 19.229716], [-99.295735, 19.230069], [-99.295884, 19.229937], [-99.295664, 19.229716]], [[-99.296071, 19.229812], [-99.296258, 19.230084], [-99.296262, 19.229842], [-99.296071, 19.229812]], [[-99.295709, 19.230212], [-99.29593, 19.230339], [-99.295927, 19.230215], [-99.295709, 19.230212]], [[-99.294616, 19.221907], [-99.295216, 19.221422], [-99.294212, 19.219795], [-99.293925, 19.219742], [-99.292651, 19.22116], [-99.292588, 19.221591], [-99.293551, 19.221941], [-99.294616, 19.221907]], [[-99.290969, 19.220584], [-99.290918, 19.220301], [-99.290513, 19.220511], [-99.290614, 19.220572], [-99.290969, 19.220584]], [[-99.29615, 19.219288], [-99.296013, 19.219255], [-99.296102, 19.219333], [-99.29615, 19.219288]], [[-99.298257, 19.218065], [-99.297953, 19.218163], [-99.29821, 19.218316], [-99.297994, 19.218474], [-99.298123, 19.219103], [-99.298815, 19.219056], [-99.298392, 19.218722], [-99.298257, 19.218065]], [[-99.296213, 19.219049], [-99.296158, 19.218945], [-99.29611, 19.219009], [-99.296213, 19.219049]], [[-99.295729, 19.21885], [-99.295625, 19.218772], [-99.295633, 19.218843], [-99.295729, 19.21885]], [[-99.28584, 19.2188], [-99.286267, 19.218503], [-99.28593, 19.218104], [-99.285511, 19.218397], [-99.28584, 19.2188]], [[-99.297401, 19.217668], [-99.297926, 19.218146], [-99.298257, 19.21801], [-99.297984, 19.217489], [-99.297401, 19.217668]], [[-99.297614, 19.217585], [-99.297632, 19.217542], [-99.297592, 19.217551], [-99.297614, 19.217585]], [[-99.298182, 19.217412], [-99.298043, 19.217571], [-99.298177, 19.217568], [-99.298182, 19.217412]], [[-99.298252, 19.217495], [-99.298443, 19.217504], [-99.298533, 19.21785], [-99.298537, 19.217232], [-99.298252, 19.217495]], [[-99.297138, 19.218435], [-99.297479, 19.218662], [-99.297186, 19.218365], [-99.297138, 19.218435]], [[-99.296271, 19.218729], [-99.29618, 19.218659], [-99.29619, 19.218741], [-99.296271, 19.218729]], [[-99.297985, 19.217205], [-99.297897, 19.217165], [-99.297901, 19.217209], [-99.297985, 19.217205]], [[-99.297652, 19.217221], [-99.297662, 19.217124], [-99.297603, 19.217167], [-99.297652, 19.217221]], [[-99.298687, 19.217046], [-99.298794, 19.21699], [-99.298715, 19.216966], [-99.298687, 19.217046]], [[-99.297624, 19.216976], [-99.297668, 19.216914], [-99.297622, 19.216918], [-99.297624, 19.216976]], [[-99.300978, 19.216838], [-99.300922, 19.217011], [-99.301047, 19.216926], [-99.300978, 19.216838]], [[-99.297497, 19.216863], [-99.29743, 19.216714], [-99.29738, 19.216854], [-99.297497, 19.216863]], [[-99.295283, 19.216169], [-99.295168, 19.216039], [-99.295136, 19.216108], [-99.295283, 19.216169]]], [[[-99.313084, 19.230493], [-99.30375, 19.21681], [-99.304881, 19.216812], [-99.306946, 19.214005], [-99.316062, 19.221786], [-99.315434, 19.22924], [-99.313084, 19.230493]]]]}}, {"type": "Feature", "properties": {"nombre": "San Andrés Totoltepec", "abrev": "CSAT", "tenencia": "Comunidad", "alcaldia": "Tlalpan", "sup_ha": 271.01, "no": 10}, "geometry": {"type": "MultiPolygon", "coordinates": [[[[-99.196301, 19.237889], [-99.196627, 19.237839], [-99.196417, 19.237354], [-99.196931, 19.237471], [-99.197209, 19.238001], [-99.196301, 19.237889]]], [[[-99.193124, 19.239399], [-99.193357, 19.239122], [-99.193525, 19.239849], [-99.193124, 19.239399]]], [[[-99.190828, 19.239833], [-99.190774, 19.239438], [-99.189064, 19.239385], [-99.190426, 19.23906], [-99.190683, 19.238692], [-99.190517, 19.238276], [-99.190675, 19.238025], [-99.190953, 19.238302], [-99.191116, 19.237887], [-99.191261, 19.236483], [-99.192386, 19.235397], [-99.19299, 19.235471], [-99.191553, 19.236747], [-99.191379, 19.238081], [-99.190813, 19.238654], [-99.190957, 19.239401], [-99.190828, 19.239833]]], [[[-99.19083, 19.24458], [-99.188679, 19.243893], [-99.189189, 19.243816], [-99.188681, 19.243802], [-99.188413, 19.243337], [-99.18821, 19.243636], [-99.186483, 19.242901], [-99.186366, 19.243087], [-99.185291, 19.242928], [-99.185848, 19.242672], [-99.186379, 19.241336], [-99.187811, 19.241546], [-99.18773, 19.241015], [-99.187982, 19.240771], [-99.18813, 19.241041], [-99.187823, 19.241311], [-99.187938, 19.242196], [-99.188131, 19.242152], [-99.189292, 19.241055], [-99.188454, 19.241262], [-99.188801, 19.240906], [-99.188348, 19.240953], [-99.188186, 19.240439], [-99.189184, 19.240851], [-99.189442, 19.240314], [-99.189799, 19.240902], [-99.189335, 19.241504], [-99.189571, 19.241926], [-99.188966, 19.241901], [-99.188541, 19.24265], [-99.189571, 19.242658], [-99.190448, 19.242171], [-99.190692, 19.241707], [-99.191069, 19.241688], [-99.191194, 19.241329], [-99.190489, 19.241037], [-99.190168, 19.241334], [-99.189857, 19.241088], [-99.189864, 19.240608], [-99.190585, 19.240184], [-99.19074, 19.240998], [-99.191228, 19.241076], [-99.191468, 19.240429], [-99.192243, 19.241013], [-99.193244, 19.239643], [-99.193382, 19.240116], [-99.193056, 19.240344], [-99.19363, 19.240344], [-99.193761, 19.240814], [-99.193211, 19.241126], [-99.19395, 19.2415], [-99.193384, 19.241599], [-99.193021, 19.241166], [-99.191942, 19.241454], [-99.191375, 19.241324], [-99.191599, 19.241633], [-99.191342, 19.242253], [-99.191737, 19.24253], [-99.191243, 19.243194], [-99.191875, 19.243279], [-99.19116, 19.244444], [-99.19083, 19.24458]], [[-99.189527, 19.243367], [-99.189046, 19.243186], [-99.188751, 19.243423], [-99.189327, 19.243599], [-99.189527, 19.243367]]], [[[-99.195426, 19.244158], [-99.194529, 19.243597], [-99.194795, 19.243936], [-99.194486, 19.244388], [-99.193705, 19.244678], [-99.19323, 19.244364], [-99.192374, 19.244678], [-99.191343, 19.244637], [-99.192698, 19.244009], [-99.192785, 19.243246], [-99.194521, 19.242662], [-99.193453, 19.242186], [-99.193213, 19.242414], [-99.193471, 19.242626], [-99.19239, 19.242773], [-99.192562, 19.243181], [-99.192184, 19.243197], [-99.192132, 19.242611], [-99.192647, 19.242658], [-99.192561, 19.242415], [-99.193047, 19.242198], [-99.192663, 19.242023], [-99.194543, 19.242117], [-99.194909, 19.241679], [-99.19645, 19.242437], [-99.196485, 19.243687], [-99.195896, 19.244503], [-99.19573, 19.244998], [-99.195072, 19.244432], [-99.195426, 19.244158]], [[-99.195784, 19.24261], [-99.195994, 19.242498], [-99.196247, 19.242565], [-99.195957, 19.242201], [-99.195784, 19.24261]]], [[[-99.207939, 19.242768], [-99.207732, 19.241317], [-99.208227, 19.24078], [-99.209748, 19.241406], [-99.20971, 19.241664], [-99.210271, 19.241619], [-99.216367, 19.244063], [-99.216244, 19.244914], [-99.216393, 19.244422], [-99.217276, 19.244835], [-99.217314, 19.244564], [-99.217726, 19.244561], [-99.221906, 19.246035], [-99.222566, 19.246568], [-99.221701, 19.2467], [-99.220974, 19.246356], [-99.220611, 19.246702], [-99.220698, 19.247063], [-99.220957, 19.246751], [-99.220889, 19.247621], [-99.220439, 19.24749], [-99.220492, 19.247737], [-99.221529, 19.2479], [-99.221615, 19.247472], [-99.222687, 19.247389], [-99.222928, 19.246851], [-99.225113, 19.248487], [-99.225411, 19.249348], [-99.222827, 19.251383], [-99.222364, 19.251404], [-99.222585, 19.250767], [-99.22234, 19.251407], [-99.221417, 19.251725], [-99.221337, 19.250952], [-99.221703, 19.250833], [-99.221697, 19.250543], [-99.221312, 19.250538], [-99.221441, 19.2502], [-99.220502, 19.250033], [-99.219685, 19.250828], [-99.219614, 19.250527], [-99.218797, 19.250388], [-99.217757, 19.249534], [-99.21681, 19.251062], [-99.216991, 19.251344], [-99.218024, 19.251125], [-99.218554, 19.250222], [-99.218774, 19.250463], [-99.219268, 19.250698], [-99.219221, 19.251359], [-99.22135, 19.251315], [-99.221382, 19.251709], [-99.216402, 19.253514], [-99.213718, 19.252308], [-99.211341, 19.251904], [-99.210153, 19.250917], [-99.208679, 19.250378], [-99.208061, 19.248942], [-99.204068, 19.247506], [-99.202785, 19.246653], [-99.201786, 19.246922], [-99.20036, 19.24648], [-99.199782, 19.245013], [-99.199839, 19.245634], [-99.198982, 19.246249], [-99.19708, 19.245082], [-99.195797, 19.245082], [-99.196337, 19.24411], [-99.196739, 19.244358], [-99.19722, 19.244146], [-99.196566, 19.243659], [-99.19661, 19.243418], [-99.197269, 19.243617], [-99.197325, 19.243132], [-99.196505, 19.242456], [-99.197383, 19.241942], [-99.197682, 19.241163], [-99.195925, 19.241193], [-99.195771, 19.241852], [-99.19438, 19.241431], [-99.193779, 19.240565], [-99.193018, 19.237035], [-99.193775, 19.237289], [-99.193863, 19.236971], [-99.193498, 19.236888], [-99.193515, 19.236627], [-99.194201, 19.236496], [-99.194889, 19.23718], [-99.194575, 19.237554], [-99.195464, 19.237397], [-99.196658, 19.238547], [-99.196996, 19.238436], [-99.196771, 19.238195], [-99.197239, 19.23816], [-99.197528, 19.238785], [-99.198391, 19.238594], [-99.198732, 19.239898], [-99.198271, 19.239826], [-99.19759, 19.240237], [-99.198675, 19.24092], [-99.199202, 19.240796], [-99.19925, 19.240397], [-99.198825, 19.239949], [-99.198558, 19.238896], [-99.199369, 19.238593], [-99.199661, 19.238756], [-99.199609, 19.238479], [-99.20031, 19.237799], [-99.206533, 19.240126], [-99.206197, 19.240797], [-99.205698, 19.240649], [-99.203946, 19.241273], [-99.20445, 19.241808], [-99.204179, 19.242085], [-99.204882, 19.24323], [-99.20437, 19.243884], [-99.202591, 19.243507], [-99.20081, 19.242081], [-99.199079, 19.241804], [-99.199055, 19.241921], [-99.198483, 19.241152], [-99.19874, 19.241849], [-99.197824, 19.242572], [-99.198201, 19.243189], [-99.197825, 19.243384], [-99.198475, 19.243481], [-99.198288, 19.243887], [-99.198613, 19.243806], [-99.198716, 19.244082], [-99.20008, 19.24453], [-99.200371, 19.24386], [-99.201213, 19.244183], [-99.201489, 19.243573], [-99.200683, 19.243215], [-99.199485, 19.243545], [-99.198458, 19.243059], [-99.198731, 19.242734], [-99.19921, 19.24309], [-99.199261, 19.242749], [-99.198731, 19.242376], [-99.200052, 19.242329], [-99.199736, 19.242098], [-99.200089, 19.241986], [-99.202714, 19.243769], [-99.204785, 19.244134], [-99.208087, 19.243535], [-99.208326, 19.243376], [-99.207939, 19.242768]], [[-99.214438, 19.250541], [-99.214497, 19.250412], [-99.214435, 19.250423], [-99.214438, 19.250541]], [[-99.221916, 19.250735], [-99.222083, 19.250944], [-99.222097, 19.250838], [-99.221916, 19.250735]], [[-99.221677, 19.251435], [-99.221594, 19.251598], [-99.221669, 19.251592], [-99.221677, 19.251435]], [[-99.207, 19.246285], [-99.207078, 19.246338], [-99.207034, 19.246262], [-99.207, 19.246285]], [[-99.216116, 19.245302], [-99.216278, 19.245094], [-99.216108, 19.245094], [-99.216116, 19.245302]], [[-99.216598, 19.244915], [-99.216768, 19.244687], [-99.216673, 19.244666], [-99.216598, 19.244915]], [[-99.216502, 19.244766], [-99.216441, 19.244695], [-99.216433, 19.244764], [-99.216502, 19.244766]], [[-99.199313, 19.241273], [-99.199567, 19.240962], [-99.199983, 19.240048], [-99.199554, 19.240931], [-99.199313, 19.241273]], [[-99.20017, 19.240138], [-99.200216, 19.240254], [-99.200246, 19.240192], [-99.20017, 19.240138]], [[-99.193941, 19.237161], [-99.193972, 19.23704], [-99.193887, 19.237147], [-99.193941, 19.237161]], [[-99.194091, 19.23698], [-99.194132, 19.237102], [-99.194182, 19.237078], [-99.194091, 19.23698]], [[-99.193944, 19.23693], [-99.193984, 19.236879], [-99.193921, 19.236879], [-99.193944, 19.23693]], [[-99.193065, 19.237156], [-99.193085, 19.237136], [-99.193064, 19.237132], [-99.193065, 19.237156]]]]}}, {"type": "Feature", "properties": {"nombre": "Magdalena Petlacalco", "abrev": "CMP", "tenencia": "Comunidad", "alcaldia": "Tlalpan", "sup_ha": 35.05, "no": 11}, "geometry": {"type": "MultiPolygon", "coordinates": [[[[-99.181854, 19.232314], [-99.181887, 19.232014], [-99.182092, 19.232093], [-99.181854, 19.232314]]], [[[-99.183276, 19.233109], [-99.183547, 19.233075], [-99.183528, 19.232697], [-99.183043, 19.233063], [-99.182425, 19.232684], [-99.183006, 19.232463], [-99.183043, 19.232012], [-99.181751, 19.232], [-99.181647, 19.231541], [-99.181275, 19.231931], [-99.181207, 19.231928], [-99.180896, 19.23136], [-99.18104, 19.231242], [-99.180728, 19.231087], [-99.180929, 19.230116], [-99.180361, 19.229898], [-99.180484, 19.229452], [-99.179711, 19.229635], [-99.179618, 19.229391], [-99.179951, 19.228715], [-99.179602, 19.22849], [-99.179963, 19.228151], [-99.180252, 19.228674], [-99.180718, 19.228151], [-99.181063, 19.228119], [-99.181391, 19.22849], [-99.180959, 19.227855], [-99.181263, 19.227351], [-99.18171, 19.228001], [-99.182205, 19.227915], [-99.183063, 19.228751], [-99.184184, 19.228904], [-99.183273, 19.230471], [-99.182732, 19.230831], [-99.183079, 19.230908], [-99.183054, 19.231243], [-99.183368, 19.231159], [-99.183494, 19.230411], [-99.18458, 19.22921], [-99.18446, 19.228865], [-99.184725, 19.228587], [-99.185863, 19.228751], [-99.186896, 19.229848], [-99.18756, 19.229506], [-99.187397, 19.229119], [-99.188521, 19.228757], [-99.189555, 19.228899], [-99.189363, 19.230551], [-99.188727, 19.230212], [-99.186812, 19.231489], [-99.187542, 19.231506], [-99.18718, 19.232767], [-99.186646, 19.232231], [-99.186063, 19.232751], [-99.186032, 19.232388], [-99.185663, 19.232751], [-99.185211, 19.232131], [-99.184594, 19.232481], [-99.1846, 19.2331], [-99.1842, 19.2331], [-99.184311, 19.232652], [-99.183874, 19.233151], [-99.183276, 19.233109]], [[-99.183827, 19.232971], [-99.183912, 19.232923], [-99.183857, 19.232889], [-99.183827, 19.232971]], [[-99.183709, 19.232734], [-99.183843, 19.232747], [-99.18379, 19.232704], [-99.183709, 19.232734]], [[-99.183836, 19.232574], [-99.183888, 19.232502], [-99.183836, 19.232513], [-99.183836, 19.232574]], [[-99.18115, 19.231547], [-99.181146, 19.231506], [-99.181126, 19.231528], [-99.18115, 19.231547]], [[-99.181076, 19.231418], [-99.181065, 19.231372], [-99.181045, 19.231397], [-99.181076, 19.231418]], [[-99.182304, 19.23109], [-99.182435, 19.230146], [-99.182134, 19.230724], [-99.182304, 19.23109]], [[-99.180916, 19.230848], [-99.180912, 19.230728], [-99.18086, 19.230822], [-99.180916, 19.230848]], [[-99.181077, 19.230437], [-99.180988, 19.230334], [-99.180962, 19.230383], [-99.181077, 19.230437]], [[-99.180746, 19.22995], [-99.180662, 19.22966], [-99.180477, 19.229774], [-99.180746, 19.22995]], [[-99.180306, 19.229406], [-99.180283, 19.229285], [-99.180237, 19.229353], [-99.180306, 19.229406]], [[-99.18, 19.228609], [-99.179995, 19.228569], [-99.179975, 19.228581], [-99.18, 19.228609]], [[-99.181189, 19.231773], [-99.181182, 19.231841], [-99.181213, 19.231829], [-99.181189, 19.231773]], [[-99.181342, 19.23178], [-99.181363, 19.231805], [-99.181366, 19.23178], [-99.181342, 19.23178]]], [[[-99.183972, 19.242443], [-99.183546, 19.242204], [-99.184708, 19.241193], [-99.185999, 19.241259], [-99.186533, 19.240792], [-99.186711, 19.24109], [-99.185719, 19.24212], [-99.183972, 19.242443]]]]}}, {"type": "Feature", "properties": {"nombre": "San Miguel Ajusco", "abrev": "CSMA", "tenencia": "Comunidad", "alcaldia": "Tlalpan", "sup_ha": 5732.52, "no": 12}, "geometry": {"type": "MultiPolygon", "coordinates": [[[[-99.223975, 19.203393], [-99.224692, 19.202413], [-99.225676, 19.202722], [-99.22573, 19.2021], [-99.22507, 19.201898], [-99.226145, 19.200425], [-99.226501, 19.200928], [-99.227009, 19.201016], [-99.226763, 19.199697], [-99.229493, 19.201699], [-99.232629, 19.198712], [-99.233483, 19.199746], [-99.234687, 19.200173], [-99.234158, 19.201081], [-99.234278, 19.202172], [-99.233889, 19.202413], [-99.233916, 19.203603], [-99.23589, 19.202615], [-99.235533, 19.202002], [-99.236327, 19.20157], [-99.235861, 19.201283], [-99.235829, 19.199738], [-99.236496, 19.19948], [-99.236889, 19.199931], [-99.237508, 19.19936], [-99.238948, 19.199265], [-99.23909, 19.200443], [-99.238072, 19.201859], [-99.238301, 19.202149], [-99.238085, 19.202962], [-99.237239, 19.202954], [-99.236689, 19.203477], [-99.238791, 19.203938], [-99.239463, 19.204568], [-99.239823, 19.204209], [-99.241001, 19.204153], [-99.241292, 19.203401], [-99.24516, 19.201825], [-99.244271, 19.201257], [-99.24215, 19.200635], [-99.240945, 19.201684], [-99.240382, 19.198884], [-99.240679, 19.198529], [-99.241057, 19.198743], [-99.240981, 19.199414], [-99.242289, 19.198361], [-99.242617, 19.19867], [-99.242568, 19.199437], [-99.244528, 19.197831], [-99.244105, 19.197434], [-99.241721, 19.197148], [-99.242814, 19.195584], [-99.242741, 19.194249], [-99.240279, 19.193864], [-99.239188, 19.194226], [-99.239123, 19.194756], [-99.23816, 19.194135], [-99.23763, 19.194673], [-99.23725, 19.194356], [-99.236794, 19.194772], [-99.235551, 19.193414], [-99.236045, 19.19222], [-99.235705, 19.191922], [-99.235287, 19.192544], [-99.234685, 19.191876], [-99.23442, 19.189641], [-99.233245, 19.189542], [-99.23242, 19.191815], [-99.231154, 19.192475], [-99.23096, 19.193658], [-99.229869, 19.19468], [-99.229039, 19.194467], [-99.228387, 19.194665], [-99.227786, 19.195561], [-99.226636, 19.195611], [-99.226111, 19.195142], [-99.22703, 19.194123], [-99.227992, 19.193624], [-99.227963, 19.192407], [-99.227153, 19.191934], [-99.226796, 19.192254], [-99.22676, 19.191388], [-99.225789, 19.189076], [-99.226781, 19.187936], [-99.22639, 19.187654], [-99.230441, 19.185693], [-99.232442, 19.186288], [-99.233374, 19.187009], [-99.233424, 19.187852], [-99.234791, 19.187721], [-99.235314, 19.188209], [-99.235587, 19.189308], [-99.236106, 19.189377], [-99.236249, 19.188287], [-99.237218, 19.186555], [-99.237575, 19.186079], [-99.237938, 19.186215], [-99.238774, 19.185624], [-99.238995, 19.185057], [-99.239436, 19.185582], [-99.239899, 19.185555], [-99.240237, 19.186567], [-99.239678, 19.188828], [-99.241183, 19.189748], [-99.241976, 19.189439], [-99.242554, 19.189752], [-99.243123, 19.188989], [-99.244877, 19.18853], [-99.246035, 19.18871], [-99.251864, 19.191255], [-99.251866, 19.193044], [-99.250247, 19.192822], [-99.249514, 19.193097], [-99.249726, 19.194814], [-99.250302, 19.194562], [-99.250849, 19.195043], [-99.250157, 19.196031], [-99.249198, 19.196416], [-99.248786, 19.19875], [-99.249612, 19.197656], [-99.25063, 19.197305], [-99.251172, 19.197446], [-99.251424, 19.196912], [-99.252694, 19.196877], [-99.25533, 19.193627], [-99.257048, 19.194215], [-99.257109, 19.195756], [-99.256888, 19.196099], [-99.257413, 19.196462], [-99.257954, 19.196172], [-99.257954, 19.195332], [-99.258458, 19.195218], [-99.260905, 19.195535], [-99.262446, 19.19632], [-99.263869, 19.196206], [-99.264849, 19.197788], [-99.265887, 19.197782], [-99.266538, 19.197241], [-99.268264, 19.197812], [-99.299714, 19.211102], [-99.299699, 19.210877], [-99.268784, 19.197672], [-99.269231, 19.197848], [-99.269143, 19.196375], [-99.269264, 19.195978], [-99.269631, 19.195878], [-99.268872, 19.195233], [-99.267961, 19.195194], [-99.268104, 19.195599], [-99.26777, 19.195747], [-99.26731, 19.195563], [-99.26721, 19.195086], [-99.266628, 19.195313], [-99.267866, 19.197145], [-99.266509, 19.196574], [-99.266034, 19.19567], [-99.265129, 19.195337], [-99.265462, 19.194504], [-99.2662, 19.194742], [-99.266628, 19.194599], [-99.266795, 19.194076], [-99.267723, 19.194457], [-99.26832, 19.194347], [-99.268289, 19.194584], [-99.269053, 19.194089], [-99.269995, 19.194287], [-99.269993, 19.193788], [-99.269078, 19.193494], [-99.267905, 19.192614], [-99.268724, 19.191015], [-99.268667, 19.190825], [-99.268343, 19.19113], [-99.267886, 19.190368], [-99.267182, 19.190368], [-99.266535, 19.190806], [-99.265792, 19.190673], [-99.265297, 19.191586], [-99.266344, 19.191091], [-99.266192, 19.191491], [-99.266668, 19.191891], [-99.266916, 19.191034], [-99.267163, 19.190977], [-99.267677, 19.191986], [-99.267544, 19.192443], [-99.26505, 19.191834], [-99.264574, 19.191301], [-99.264707, 19.191034], [-99.265221, 19.190482], [-99.266858, 19.190197], [-99.267315, 19.189645], [-99.268191, 19.189531], [-99.269009, 19.188636], [-99.270856, 19.18835], [-99.271351, 19.187589], [-99.272938, 19.187573], [-99.272751, 19.187077], [-99.27323, 19.186475], [-99.271968, 19.184644], [-99.269818, 19.18353], [-99.268151, 19.183244], [-99.267625, 19.183408], [-99.267163, 19.184619], [-99.267707, 19.185693], [-99.269278, 19.186992], [-99.270432, 19.186778], [-99.270444, 19.187099], [-99.269528, 19.18723], [-99.269313, 19.187528], [-99.2686, 19.187242], [-99.268136, 19.18861], [-99.267327, 19.187956], [-99.266541, 19.187968], [-99.266553, 19.188586], [-99.267184, 19.188765], [-99.267124, 19.189229], [-99.265947, 19.189419], [-99.264114, 19.188705], [-99.263603, 19.189039], [-99.263424, 19.189574], [-99.262972, 19.189372], [-99.263627, 19.187861], [-99.264757, 19.187171], [-99.266518, 19.186861], [-99.267767, 19.187385], [-99.268338, 19.187944], [-99.268122, 19.187038], [-99.26602, 19.185094], [-99.265402, 19.18403], [-99.266579, 19.18403], [-99.267205, 19.183209], [-99.266888, 19.181394], [-99.266286, 19.18065], [-99.265885, 19.180924], [-99.265572, 19.180657], [-99.264516, 19.182172], [-99.265126, 19.184567], [-99.264008, 19.184877], [-99.264176, 19.183401], [-99.263318, 19.182664], [-99.263604, 19.181741], [-99.263142, 19.181685], [-99.262997, 19.180879], [-99.263283, 19.177884], [-99.26214, 19.176928], [-99.261739, 19.17616], [-99.25937, 19.175829], [-99.25868, 19.176233], [-99.258775, 19.177023], [-99.257252, 19.177582], [-99.256462, 19.176719], [-99.255565, 19.176583], [-99.255323, 19.176236], [-99.254981, 19.176567], [-99.255161, 19.176807], [-99.254791, 19.176939], [-99.253681, 19.17691], [-99.253183, 19.176469], [-99.253648, 19.176076], [-99.253828, 19.176337], [-99.253575, 19.176607], [-99.254716, 19.176657], [-99.255083, 19.17612], [-99.254694, 19.175743], [-99.257092, 19.176062], [-99.257596, 19.176478], [-99.259102, 19.175205], [-99.259926, 19.174849], [-99.26132, 19.174847], [-99.262364, 19.175398], [-99.262922, 19.176151], [-99.263807, 19.176156], [-99.264329, 19.176697], [-99.264659, 19.17777], [-99.264321, 19.178792], [-99.264985, 19.178857], [-99.265116, 19.179509], [-99.265944, 19.179978], [-99.266404, 19.179795], [-99.26689, 19.178371], [-99.266918, 19.177123], [-99.266169, 19.175405], [-99.267792, 19.174985], [-99.267897, 19.174535], [-99.266059, 19.174775], [-99.265673, 19.174439], [-99.267607, 19.173917], [-99.267476, 19.172948], [-99.267734, 19.172593], [-99.267029, 19.172299], [-99.266692, 19.17357], [-99.26456, 19.173824], [-99.264397, 19.174344], [-99.263745, 19.174619], [-99.261808, 19.17307], [-99.261296, 19.17325], [-99.261342, 19.171714], [-99.26, 19.171056], [-99.259438, 19.171273], [-99.259078, 19.170323], [-99.257979, 19.170464], [-99.257554, 19.171132], [-99.256726, 19.171048], [-99.256241, 19.171426], [-99.253458, 19.170847], [-99.250472, 19.169465], [-99.248904, 19.166104], [-99.248074, 19.167371], [-99.247306, 19.167062], [-99.246875, 19.167314], [-99.246434, 19.168393], [-99.24841, 19.168935], [-99.248318, 19.169625], [-99.24697, 19.169595], [-99.246394, 19.169843], [-99.245366, 19.172055], [-99.24663, 19.172532], [-99.24701, 19.173673], [-99.246381, 19.174092], [-99.246825, 19.176312], [-99.24594, 19.176373], [-99.245436, 19.177274], [-99.243794, 19.176198], [-99.2431, 19.176679], [-99.24273, 19.177361], [-99.244439, 19.178613], [-99.243121, 19.178834], [-99.242968, 19.180306], [-99.241805, 19.180676], [-99.24173, 19.182076], [-99.240674, 19.182923], [-99.240294, 19.182675], [-99.239628, 19.18282], [-99.239222, 19.182179], [-99.237311, 19.181607], [-99.236945, 19.182057], [-99.235429, 19.180818], [-99.234914, 19.181127], [-99.234145, 19.180768], [-99.235543, 19.180278], [-99.235452, 19.179805], [-99.234727, 19.179853], [-99.233493, 19.180596], [-99.232133, 19.180474], [-99.231948, 19.179952], [-99.232627, 19.179254], [-99.232444, 19.178235], [-99.231608, 19.179379], [-99.230693, 19.179654], [-99.231656, 19.177617], [-99.229296, 19.178964], [-99.22839, 19.178662], [-99.227037, 19.179393], [-99.224507, 19.179237], [-99.223452, 19.179604], [-99.221135, 19.179185], [-99.220151, 19.179475], [-99.217934, 19.178807], [-99.217128, 19.178002], [-99.21584, 19.178502], [-99.214829, 19.179331], [-99.213474, 19.179114], [-99.212882, 19.179616], [-99.213105, 19.18007], [-99.212151, 19.181851], [-99.211476, 19.182179], [-99.211295, 19.182736], [-99.21041, 19.183122], [-99.21016, 19.183957], [-99.209426, 19.183984], [-99.209414, 19.18456], [-99.20856, 19.184823], [-99.208401, 19.185475], [-99.207434, 19.185628], [-99.207158, 19.186616], [-99.206513, 19.187356], [-99.206067, 19.187333], [-99.206189, 19.187875], [-99.205121, 19.187947], [-99.204177, 19.189038], [-99.203551, 19.189038], [-99.203311, 19.189343], [-99.204417, 19.189286], [-99.204619, 19.189572], [-99.204058, 19.190572], [-99.20442, 19.192723], [-99.20267, 19.195363], [-99.201737, 19.195168], [-99.201632, 19.195718], [-99.202225, 19.196095], [-99.201503, 19.196336], [-99.200953, 19.19584], [-99.200612, 19.196313], [-99.20077, 19.19666], [-99.201424, 19.196736], [-99.201604, 19.197503], [-99.199952, 19.201447], [-99.198588, 19.201325], [-99.199294, 19.200707], [-99.198886, 19.200292], [-99.198233, 19.201352], [-99.197392, 19.201974], [-99.198508, 19.202748], [-99.198563, 19.20316], [-99.197993, 19.203805], [-99.19855, 19.20408], [-99.198184, 19.204476], [-99.198413, 19.204972], [-99.196971, 19.205296], [-99.195626, 19.202748], [-99.194707, 19.204129], [-99.194459, 19.20358], [-99.195164, 19.202569], [-99.195056, 19.202157], [-99.194457, 19.202004], [-99.193816, 19.202867], [-99.193478, 19.202264], [-99.19303, 19.202447], [-99.191875, 19.201342], [-99.191908, 19.201283], [-99.190949, 19.200974], [-99.191302, 19.200818], [-99.190867, 19.200276], [-99.190133, 19.200871], [-99.190873, 19.201634], [-99.19258, 19.20263], [-99.192098, 19.202829], [-99.19163, 19.20234], [-99.190896, 19.202393], [-99.191067, 19.203237], [-99.189524, 19.203694], [-99.188433, 19.204513], [-99.187755, 19.204584], [-99.187234, 19.205252], [-99.186588, 19.205073], [-99.18575, 19.205423], [-99.185024, 19.206964], [-99.18543, 19.207488], [-99.184994, 19.208179], [-99.184497, 19.208283], [-99.183967, 19.207951], [-99.183443, 19.208146], [-99.183527, 19.207709], [-99.183182, 19.20746], [-99.185755, 19.203377], [-99.190049, 19.194994], [-99.201537, 19.180241], [-99.204067, 19.176373], [-99.210847, 19.177995], [-99.210807, 19.178719], [-99.211953, 19.178086], [-99.213586, 19.178544], [-99.21427, 19.179116], [-99.214875, 19.179193], [-99.21556, 19.178639], [-99.21441, 19.178044], [-99.213786, 19.178334], [-99.212336, 19.177648], [-99.211852, 19.177915], [-99.210705, 19.177609], [-99.210503, 19.177304], [-99.210162, 19.177476], [-99.209941, 19.177228], [-99.20988, 19.177419], [-99.204273, 19.176068], [-99.219936, 19.151827], [-99.221398, 19.150968], [-99.229868, 19.151967], [-99.229523, 19.152268], [-99.230681, 19.152768], [-99.231721, 19.152203], [-99.236339, 19.153486], [-99.240475, 19.153401], [-99.249242, 19.154323], [-99.261976, 19.147907], [-99.266466, 19.14743], [-99.272267, 19.145622], [-99.274298, 19.145387], [-99.275815, 19.146752], [-99.276066, 19.147859], [-99.275891, 19.148419], [-99.276272, 19.148766], [-99.27584, 19.149312], [-99.276055, 19.14972], [-99.275897, 19.150422], [-99.275035, 19.150399], [-99.274441, 19.149648], [-99.27369, 19.150029], [-99.27361, 19.150361], [-99.272414, 19.150285], [-99.275752, 19.154019], [-99.280148, 19.154977], [-99.28287, 19.155087], [-99.283032, 19.154836], [-99.285821, 19.154328], [-99.285741, 19.152978], [-99.286433, 19.152501], [-99.286997, 19.15276], [-99.287249, 19.153394], [-99.288201, 19.15389], [-99.288697, 19.153851], [-99.288964, 19.153233], [-99.288409, 19.152905], [-99.289282, 19.152532], [-99.29185, 19.16113], [-99.290692, 19.160809], [-99.290467, 19.162148], [-99.290774, 19.163453], [-99.291613, 19.163415], [-99.291997, 19.164178], [-99.292809, 19.163903], [-99.293179, 19.164971], [-99.292456, 19.165338], [-99.292418, 19.166207], [-99.294207, 19.16792], [-99.295016, 19.171079], [-99.300141, 19.184449], [-99.300269, 19.185048], [-99.298714, 19.186555], [-99.29991, 19.186673], [-99.300788, 19.187348], [-99.303086, 19.191743], [-99.302504, 19.192533], [-99.303353, 19.193253], [-99.306518, 19.21226], [-99.307138, 19.213597], [-99.306866, 19.21364], [-99.30486, 19.216789], [-99.303728, 19.216786], [-99.303292, 19.216286], [-99.302975, 19.216416], [-99.303396, 19.216786], [-99.300805, 19.216779], [-99.300451, 19.215832], [-99.29963, 19.215192], [-99.299306, 19.21415], [-99.2986, 19.213654], [-99.297976, 19.213693], [-99.296181, 19.212777], [-99.293544, 19.212476], [-99.2928, 19.212953], [-99.293908, 19.213296], [-99.295819, 19.21312], [-99.29576, 19.213429], [-99.295197, 19.213334], [-99.295197, 19.21362], [-99.295973, 19.214662], [-99.296387, 19.214791], [-99.295939, 19.215443], [-99.294564, 19.215034], [-99.294066, 19.214315], [-99.293315, 19.214088], [-99.29312, 19.214727], [-99.29041, 19.215348], [-99.289435, 19.21412], [-99.288523, 19.215404], [-99.288855, 19.21622], [-99.287362, 19.21651], [-99.287087, 19.214846], [-99.288172, 19.21473], [-99.28813, 19.214475], [-99.287686, 19.213994], [-99.2869, 19.213864], [-99.287604, 19.213479], [-99.288512, 19.213784], [-99.287783, 19.212216], [-99.287059, 19.211949], [-99.286496, 19.212544], [-99.286496, 19.212869], [-99.28698, 19.212945], [-99.286658, 19.213307], [-99.285752, 19.212869], [-99.286174, 19.211854], [-99.286635, 19.212064], [-99.286938, 19.211644], [-99.285889, 19.2109], [-99.285426, 19.210652], [-99.285124, 19.211358], [-99.283936, 19.211038], [-99.282969, 19.2114], [-99.282647, 19.211038], [-99.282689, 19.211442], [-99.282145, 19.211404], [-99.281338, 19.210694], [-99.282365, 19.210637], [-99.282445, 19.210446], [-99.281821, 19.210237], [-99.282122, 19.210008], [-99.282988, 19.210233], [-99.283389, 19.209699], [-99.282525, 19.209794], [-99.282221, 19.209336], [-99.281718, 19.209432], [-99.281598, 19.209874], [-99.281115, 19.209474], [-99.280007, 19.209683], [-99.279645, 19.209893], [-99.279748, 19.210298], [-99.280492, 19.210084], [-99.281359, 19.211709], [-99.283919, 19.212472], [-99.283879, 19.213159], [-99.284665, 19.213635], [-99.284365, 19.214116], [-99.286076, 19.215169], [-99.285714, 19.216132], [-99.284824, 19.216485], [-99.283918, 19.216429], [-99.284136, 19.216012], [-99.284732, 19.215803], [-99.284675, 19.215464], [-99.284062, 19.215594], [-99.283397, 19.216336], [-99.28131, 19.216592], [-99.280986, 19.216035], [-99.281226, 19.215497], [-99.282695, 19.215054], [-99.283662, 19.21536], [-99.284102, 19.213811], [-99.283396, 19.213391], [-99.283034, 19.213849], [-99.282391, 19.21383], [-99.282492, 19.214101], [-99.28221, 19.214234], [-99.281605, 19.214196], [-99.281485, 19.213948], [-99.281928, 19.213853], [-99.282048, 19.213525], [-99.281726, 19.213334], [-99.281504, 19.213662], [-99.280215, 19.2137], [-99.27768, 19.214566], [-99.27736, 19.215348], [-99.276774, 19.215295], [-99.276936, 19.215943], [-99.276637, 19.216882], [-99.277079, 19.216901], [-99.277541, 19.216477], [-99.279053, 19.216744], [-99.280541, 19.216092], [-99.279978, 19.21663], [-99.280718, 19.216943], [-99.279744, 19.217118], [-99.27813, 19.218194], [-99.278769, 19.2189], [-99.27655, 19.22141], [-99.273737, 19.223188], [-99.270572, 19.224084], [-99.266299, 19.226373], [-99.266225, 19.227521], [-99.266989, 19.228257], [-99.266335, 19.228208], [-99.265395, 19.229005], [-99.266051, 19.230271], [-99.266661, 19.229836], [-99.267447, 19.230214], [-99.267216, 19.230211], [-99.267388, 19.230969], [-99.266738, 19.231568], [-99.264372, 19.232004], [-99.263839, 19.231581], [-99.263292, 19.23163], [-99.263278, 19.231897], [-99.263752, 19.23191], [-99.263766, 19.232171], [-99.25783, 19.237058], [-99.257611, 19.236295], [-99.256329, 19.236646], [-99.256582, 19.236872], [-99.256181, 19.237176], [-99.25622, 19.237696], [-99.256711, 19.236988], [-99.257277, 19.237496], [-99.255284, 19.239087], [-99.254111, 19.238942], [-99.253272, 19.238272], [-99.253988, 19.236764], [-99.253182, 19.236919], [-99.253126, 19.237511], [-99.252377, 19.238702], [-99.249526, 19.239289], [-99.251864, 19.235314], [-99.251557, 19.234929], [-99.250935, 19.235372], [-99.250756, 19.234815], [-99.250258, 19.234891], [-99.249833, 19.236154], [-99.248218, 19.237304], [-99.248182, 19.237019], [-99.247536, 19.23779], [-99.247517, 19.237168], [-99.248555, 19.236569], [-99.248607, 19.236218], [-99.248049, 19.235642], [-99.247523, 19.235917], [-99.247582, 19.234837], [-99.248165, 19.233729], [-99.248819, 19.233907], [-99.249236, 19.233251], [-99.249392, 19.232678], [-99.249005, 19.23198], [-99.250342, 19.231564], [-99.252347, 19.231805], [-99.25245, 19.23116], [-99.25218, 19.230955], [-99.252512, 19.230783], [-99.25245, 19.229585], [-99.252879, 19.228623], [-99.251406, 19.228467], [-99.250391, 19.23069], [-99.24997, 19.230092], [-99.250682, 19.229123], [-99.249749, 19.228387], [-99.249619, 19.227944], [-99.24836, 19.22738], [-99.249041, 19.225537], [-99.246932, 19.224793], [-99.246533, 19.22627], [-99.245581, 19.225694], [-99.244204, 19.226899], [-99.243947, 19.22746], [-99.245087, 19.228662], [-99.244721, 19.229226], [-99.243186, 19.228562], [-99.2429, 19.229531], [-99.242308, 19.229787], [-99.241828, 19.229459], [-99.240706, 19.229627], [-99.239684, 19.230927], [-99.239936, 19.232671], [-99.235205, 19.232221], [-99.235081, 19.231557], [-99.234166, 19.231236], [-99.23387, 19.232095], [-99.233615, 19.230256], [-99.234574, 19.230611], [-99.238061, 19.229962], [-99.238898, 19.230309], [-99.239262, 19.229066], [-99.238829, 19.228745], [-99.23934, 19.224217], [-99.239918, 19.223575], [-99.239827, 19.223059], [-99.240112, 19.222784], [-99.239373, 19.222557], [-99.238648, 19.222781], [-99.237584, 19.223672], [-99.237626, 19.22403], [-99.235857, 19.224466], [-99.235024, 19.224966], [-99.234317, 19.224915], [-99.234126, 19.224592], [-99.233885, 19.224731], [-99.234143, 19.225013], [-99.233144, 19.224847], [-99.232525, 19.223467], [-99.232973, 19.223923], [-99.232985, 19.223505], [-99.232506, 19.223039], [-99.23219, 19.221696], [-99.231597, 19.221169], [-99.231236, 19.218705], [-99.230357, 19.217919], [-99.231087, 19.216622], [-99.230502, 19.216439], [-99.230109, 19.215096], [-99.231015, 19.214587], [-99.231014, 19.214799], [-99.231467, 19.214811], [-99.231521, 19.214303], [-99.234429, 19.213925], [-99.236737, 19.213116], [-99.237728, 19.212293], [-99.238924, 19.209472], [-99.237308, 19.209023], [-99.236261, 19.208072], [-99.233631, 19.206726], [-99.231986, 19.207086], [-99.2314, 19.207917], [-99.230643, 19.208318], [-99.230162, 19.208241], [-99.229247, 19.207124], [-99.228501, 19.207616], [-99.227904, 19.206708], [-99.228375, 19.205773], [-99.226315, 19.204926], [-99.225863, 19.206668], [-99.226148, 19.20681], [-99.22553, 19.207167], [-99.224983, 19.206549], [-99.225458, 19.205692], [-99.225292, 19.205264], [-99.225627, 19.204308], [-99.225129, 19.203988], [-99.225155, 19.204415], [-99.224293, 19.204064], [-99.223769, 19.204488], [-99.224425, 19.205083], [-99.22396, 19.206372], [-99.221675, 19.20654], [-99.223975, 19.203393]], [[-99.223975, 19.203393], [-99.224475, 19.203366], [-99.224905, 19.203553], [-99.224943, 19.203721], [-99.225278, 19.202885], [-99.223975, 19.203393]], [[-99.18556, 19.204888], [-99.185492, 19.204957], [-99.185555, 19.204947], [-99.18556, 19.204888]], [[-99.186228, 19.204233], [-99.186199, 19.204138], [-99.186165, 19.204168], [-99.186228, 19.204233]], [[-99.186195, 19.203856], [-99.186274, 19.204013], [-99.186291, 19.203811], [-99.186195, 19.203856]], [[-99.186402, 19.204045], [-99.186264, 19.204179], [-99.186421, 19.204148], [-99.186402, 19.204045]], [[-99.186347, 19.202699], [-99.186593, 19.202595], [-99.186566, 19.202548], [-99.186347, 19.202699]], [[-99.186505, 19.204622], [-99.186685, 19.204726], [-99.186687, 19.204628], [-99.186505, 19.204622]], [[-99.186721, 19.202769], [-99.186591, 19.20287], [-99.186733, 19.202851], [-99.186721, 19.202769]], [[-99.186857, 19.204158], [-99.186737, 19.204251], [-99.186859, 19.204245], [-99.186857, 19.204158]], [[-99.187318, 19.203279], [-99.187133, 19.203455], [-99.187318, 19.203449], [-99.187318, 19.203279]], [[-99.187411, 19.200929], [-99.187421, 19.200991], [-99.187448, 19.200967], [-99.187411, 19.200929]], [[-99.187398, 19.201011], [-99.187409, 19.20104], [-99.18742, 19.201024], [-99.187398, 19.201011]], [[-99.188454, 19.200132], [-99.188467, 19.200248], [-99.188524, 19.20019], [-99.188454, 19.200132]], [[-99.188671, 19.201754], [-99.188595, 19.201819], [-99.188671, 19.201811], [-99.188671, 19.201754]], [[-99.188825, 19.200169], [-99.188865, 19.200247], [-99.188887, 19.200192], [-99.188825, 19.200169]], [[-99.188823, 19.200013], [-99.188957, 19.199839], [-99.188837, 19.199853], [-99.188823, 19.200013]], [[-99.188901, 19.199793], [-99.18888, 19.199666], [-99.188828, 19.199755], [-99.188901, 19.199793]], [[-99.189078, 19.199652], [-99.18909, 19.199902], [-99.189194, 19.199708], [-99.189078, 19.199652]], [[-99.189417, 19.202308], [-99.189334, 19.202377], [-99.189415, 19.202377], [-99.189417, 19.202308]], [[-99.18945, 19.201866], [-99.18939, 19.201956], [-99.189453, 19.201946], [-99.18945, 19.201866]], [[-99.18982, 19.19933], [-99.18958, 19.199979], [-99.19018, 19.199555], [-99.190364, 19.199769], [-99.190928, 19.199674], [-99.190858, 19.199384], [-99.18982, 19.19933]], [[-99.189531, 19.201552], [-99.189626, 19.201683], [-99.189632, 19.201558], [-99.189531, 19.201552]], [[-99.190849, 19.199724], [-99.19085, 19.199843], [-99.19089, 19.199828], [-99.190849, 19.199724]], [[-99.191016, 19.198076], [-99.19086, 19.198215], [-99.191016, 19.198211], [-99.191016, 19.198076]], [[-99.191081, 19.198985], [-99.191279, 19.198791], [-99.191226, 19.198638], [-99.191037, 19.198731], [-99.191081, 19.198985]], [[-99.191393, 19.201071], [-99.191457, 19.201044], [-99.19139, 19.201056], [-99.191393, 19.201071]], [[-99.192062, 19.201487], [-99.19209, 19.201409], [-99.192033, 19.201442], [-99.192062, 19.201487]], [[-99.192742, 19.200223], [-99.192471, 19.200326], [-99.192471, 19.200738], [-99.193015, 19.201615], [-99.193095, 19.200711], [-99.192742, 19.200223]], [[-99.192595, 19.195417], [-99.192496, 19.195333], [-99.19248, 19.195387], [-99.192595, 19.195417]], [[-99.194722, 19.194931], [-99.193726, 19.195334], [-99.193757, 19.195592], [-99.194582, 19.195936], [-99.195116, 19.195533], [-99.194722, 19.194931]], [[-99.194854, 19.190408], [-99.194809, 19.190537], [-99.194879, 19.190465], [-99.194854, 19.190408]], [[-99.194976, 19.191225], [-99.195135, 19.191053], [-99.194953, 19.191053], [-99.194976, 19.191225]], [[-99.196696, 19.19209], [-99.196698, 19.193162], [-99.197161, 19.193105], [-99.197262, 19.193582], [-99.197928, 19.193868], [-99.198491, 19.19473], [-99.198975, 19.19494], [-99.199578, 19.194268], [-99.199053, 19.193162], [-99.197945, 19.192243], [-99.197161, 19.192452], [-99.196696, 19.19209]], [[-99.196609, 19.203424], [-99.196572, 19.203557], [-99.196624, 19.203551], [-99.196609, 19.203424]], [[-99.196894, 19.194543], [-99.196914, 19.194261], [-99.196808, 19.194442], [-99.196894, 19.194543]], [[-99.19711, 19.203013], [-99.197086, 19.203097], [-99.19714, 19.203071], [-99.19711, 19.203013]], [[-99.197121, 19.203247], [-99.197116, 19.203357], [-99.197176, 19.203303], [-99.197121, 19.203247]], [[-99.197339, 19.203527], [-99.197324, 19.203591], [-99.19736, 19.203577], [-99.197339, 19.203527]], [[-99.197429, 19.203595], [-99.197437, 19.203708], [-99.19748, 19.203686], [-99.197429, 19.203595]], [[-99.197478, 19.194174], [-99.197495, 19.194285], [-99.197533, 19.194226], [-99.197478, 19.194174]], [[-99.197739, 19.193877], [-99.197462, 19.193911], [-99.197692, 19.193971], [-99.197739, 19.193877]], [[-99.198077, 19.204253], [-99.197984, 19.204366], [-99.198074, 19.204355], [-99.198077, 19.204253]], [[-99.198357, 19.184537], [-99.198327, 19.184567], [-99.198356, 19.184562], [-99.198357, 19.184537]], [[-99.198397, 19.184349], [-99.198451, 19.184426], [-99.198469, 19.184392], [-99.198397, 19.184349]], [[-99.200577, 19.193733], [-99.200562, 19.193802], [-99.200604, 19.193754], [-99.200577, 19.193733]], [[-99.201543, 19.194459], [-99.201592, 19.194607], [-99.201626, 19.194503], [-99.201543, 19.194459]], [[-99.203927, 19.191111], [-99.203708, 19.191089], [-99.203796, 19.191188], [-99.203927, 19.191111]], [[-99.219497, 19.157967], [-99.220163, 19.157213], [-99.219237, 19.156297], [-99.220395, 19.156533], [-99.220898, 19.155961], [-99.222029, 19.156415], [-99.223012, 19.156365], [-99.223313, 19.156102], [-99.222432, 19.15548], [-99.221802, 19.155766], [-99.220973, 19.155698], [-99.220267, 19.154981], [-99.219287, 19.155007], [-99.217902, 19.156083], [-99.218187, 19.156892], [-99.219497, 19.157967]], [[-99.223229, 19.17899], [-99.224295, 19.178014], [-99.225119, 19.177823], [-99.224255, 19.177722], [-99.223571, 19.17817], [-99.222804, 19.177884], [-99.221638, 19.178075], [-99.221659, 19.178651], [-99.222222, 19.178899], [-99.223229, 19.17899]], [[-99.223918, 19.205283], [-99.224196, 19.205407], [-99.223865, 19.205102], [-99.223918, 19.205283]], [[-99.224751, 19.203517], [-99.2248, 19.203686], [-99.22486, 19.203566], [-99.224751, 19.203517]], [[-99.225622, 19.203709], [-99.225358, 19.203416], [-99.225165, 19.20352], [-99.225622, 19.203709]], [[-99.226649, 19.177495], [-99.225623, 19.177823], [-99.226832, 19.178243], [-99.225846, 19.178719], [-99.225583, 19.178491], [-99.225363, 19.178662], [-99.225625, 19.179105], [-99.226872, 19.178567], [-99.227496, 19.178662], [-99.228039, 19.177571], [-99.227194, 19.177915], [-99.226649, 19.177495]], [[-99.22588, 19.173673], [-99.226222, 19.173783], [-99.227248, 19.17302], [-99.225737, 19.173097], [-99.22588, 19.173673]], [[-99.226322, 19.189778], [-99.226315, 19.189631], [-99.226243, 19.189688], [-99.226322, 19.189778]], [[-99.227354, 19.190274], [-99.227324, 19.190456], [-99.227414, 19.190374], [-99.227354, 19.190274]], [[-99.227351, 19.203736], [-99.227509, 19.20416], [-99.228659, 19.203935], [-99.227873, 19.202767], [-99.227351, 19.203736]], [[-99.229163, 19.189771], [-99.230866, 19.189305], [-99.231097, 19.188252], [-99.231621, 19.188699], [-99.23243, 19.188374], [-99.231984, 19.187058], [-99.231803, 19.187257], [-99.232064, 19.188176], [-99.231646, 19.188401], [-99.230729, 19.187806], [-99.230836, 19.188401], [-99.230015, 19.187982], [-99.229552, 19.188714], [-99.228564, 19.189382], [-99.229163, 19.189771]], [[-99.229674, 19.206395], [-99.231013, 19.205888], [-99.231585, 19.20472], [-99.229613, 19.205789], [-99.229674, 19.206395]], [[-99.23162, 19.206986], [-99.232953, 19.206437], [-99.232533, 19.205693], [-99.234181, 19.205441], [-99.234501, 19.205021], [-99.232375, 19.204846], [-99.232089, 19.20572], [-99.231316, 19.206109], [-99.231515, 19.206315], [-99.23086, 19.206788], [-99.230254, 19.206452], [-99.229685, 19.207437], [-99.230685, 19.207585], [-99.231097, 19.206937], [-99.23162, 19.206986]], [[-99.23068, 19.215503], [-99.23063, 19.215613], [-99.230718, 19.215561], [-99.23068, 19.215503]], [[-99.231193, 19.217928], [-99.231144, 19.217748], [-99.231073, 19.21786], [-99.231193, 19.217928]], [[-99.23136, 19.204787], [-99.231323, 19.204717], [-99.231304, 19.204735], [-99.23136, 19.204787]], [[-99.232181, 19.205019], [-99.232169, 19.205118], [-99.232227, 19.205073], [-99.232181, 19.205019]], [[-99.232243, 19.203805], [-99.233655, 19.203355], [-99.233235, 19.202836], [-99.233334, 19.201924], [-99.232539, 19.202012], [-99.232266, 19.20234], [-99.232243, 19.203805]], [[-99.232156, 19.187157], [-99.232262, 19.187289], [-99.232276, 19.187081], [-99.232156, 19.187157]], [[-99.232651, 19.177604], [-99.232442, 19.177626], [-99.232553, 19.177715], [-99.232651, 19.177604]], [[-99.23255, 19.178004], [-99.232545, 19.178114], [-99.232596, 19.178095], [-99.23255, 19.178004]], [[-99.232668, 19.177623], [-99.232699, 19.17768], [-99.232716, 19.177641], [-99.232668, 19.177623]], [[-99.232928, 19.177887], [-99.23292, 19.177958], [-99.232968, 19.177943], [-99.232928, 19.177887]], [[-99.233043, 19.199659], [-99.233039, 19.199537], [-99.232979, 19.199584], [-99.233043, 19.199659]], [[-99.233201, 19.1793], [-99.233059, 19.179437], [-99.233117, 19.17948], [-99.233201, 19.1793]], [[-99.233666, 19.189044], [-99.233715, 19.189167], [-99.23372, 19.189046], [-99.233666, 19.189044]], [[-99.233763, 19.206535], [-99.233922, 19.206524], [-99.233846, 19.206442], [-99.233763, 19.206535]], [[-99.233769, 19.188809], [-99.233851, 19.188906], [-99.233856, 19.188813], [-99.233769, 19.188809]], [[-99.233871, 19.188969], [-99.233842, 19.189004], [-99.233873, 19.189002], [-99.233871, 19.188969]], [[-99.234014, 19.189111], [-99.233896, 19.189212], [-99.234013, 19.189214], [-99.234014, 19.189111]], [[-99.234066, 19.188627], [-99.234123, 19.188701], [-99.234139, 19.188646], [-99.234066, 19.188627]], [[-99.234414, 19.231001], [-99.235049, 19.231215], [-99.234928, 19.230856], [-99.234414, 19.231001]], [[-99.234833, 19.205066], [-99.234548, 19.205787], [-99.234833, 19.20643], [-99.235357, 19.206501], [-99.237594, 19.207929], [-99.239307, 19.206977], [-99.239378, 19.206739], [-99.237784, 19.20593], [-99.237356, 19.205787], [-99.237118, 19.206073], [-99.234833, 19.205066]], [[-99.234776, 19.205064], [-99.234835, 19.205022], [-99.234778, 19.20502], [-99.234776, 19.205064]], [[-99.235371, 19.230561], [-99.235217, 19.230729], [-99.235429, 19.230724], [-99.235371, 19.230561]], [[-99.235476, 19.230952], [-99.235364, 19.231052], [-99.235482, 19.231021], [-99.235476, 19.230952]], [[-99.236599, 19.179354], [-99.236916, 19.179301], [-99.236981, 19.17899], [-99.236689, 19.17899], [-99.237046, 19.178727], [-99.236321, 19.178852], [-99.236226, 19.180155], [-99.236599, 19.179354]], [[-99.238496, 19.186974], [-99.237946, 19.186902], [-99.238236, 19.18797], [-99.237296, 19.188867], [-99.237061, 19.18966], [-99.238446, 19.188714], [-99.238496, 19.186974]], [[-99.237535, 19.231191], [-99.237463, 19.231233], [-99.237535, 19.23125], [-99.237535, 19.231191]], [[-99.237685, 19.231405], [-99.237725, 19.231577], [-99.237769, 19.231439], [-99.237685, 19.231405]], [[-99.237881, 19.178673], [-99.238264, 19.178778], [-99.237948, 19.179424], [-99.238145, 19.179437], [-99.23856, 19.178366], [-99.238178, 19.17852], [-99.238062, 19.178328], [-99.237881, 19.178673]], [[-99.238461, 19.217042], [-99.238253, 19.218484], [-99.238749, 19.218209], [-99.239117, 19.218358], [-99.238854, 19.217114], [-99.238461, 19.217042]], [[-99.238592, 19.232469], [-99.238604, 19.232536], [-99.238622, 19.232483], [-99.238592, 19.232469]], [[-99.239413, 19.19392], [-99.239342, 19.194024], [-99.239459, 19.19397], [-99.239413, 19.19392]], [[-99.239406, 19.181548], [-99.23992, 19.18169], [-99.240029, 19.181568], [-99.239553, 19.180977], [-99.239406, 19.181548]], [[-99.239664, 19.230141], [-99.239709, 19.230223], [-99.239739, 19.230175], [-99.239664, 19.230141]], [[-99.240187, 19.228827], [-99.240207, 19.2289], [-99.240232, 19.22888], [-99.240187, 19.228827]], [[-99.240286, 19.229277], [-99.240223, 19.229208], [-99.24022, 19.229275], [-99.240286, 19.229277]], [[-99.24036, 19.229131], [-99.240477, 19.229257], [-99.240507, 19.229204], [-99.24036, 19.229131]], [[-99.240686, 19.225102], [-99.240624, 19.22502], [-99.240606, 19.225078], [-99.240686, 19.225102]], [[-99.240877, 19.225043], [-99.240672, 19.224936], [-99.240666, 19.224984], [-99.240877, 19.225043]], [[-99.242865, 19.163846], [-99.243323, 19.163388], [-99.243781, 19.163476], [-99.243987, 19.162625], [-99.24504, 19.161492], [-99.244969, 19.161035], [-99.246068, 19.160489], [-99.245585, 19.1601], [-99.245425, 19.159425], [-99.24627, 19.158051], [-99.246064, 19.157834], [-99.245078, 19.158227], [-99.244761, 19.160123], [-99.244326, 19.16023], [-99.243458, 19.162103], [-99.242087, 19.163194], [-99.241719, 19.163152], [-99.241675, 19.163629], [-99.242339, 19.163758], [-99.242705, 19.163346], [-99.242865, 19.163846]], [[-99.242663, 19.165521], [-99.242821, 19.164193], [-99.242295, 19.164651], [-99.242137, 19.165372], [-99.242663, 19.165521]], [[-99.242186, 19.168527], [-99.24285, 19.168633], [-99.243375, 19.167172], [-99.243169, 19.166478], [-99.242186, 19.168527]], [[-99.245501, 19.222755], [-99.245976, 19.222502], [-99.244819, 19.222623], [-99.243729, 19.224763], [-99.242994, 19.224595], [-99.242448, 19.224713], [-99.242396, 19.225011], [-99.244097, 19.22506], [-99.244279, 19.224339], [-99.24604, 19.22286], [-99.245501, 19.222755]], [[-99.243, 19.172623], [-99.242916, 19.172535], [-99.242896, 19.17257], [-99.243, 19.172623]], [[-99.243199, 19.172574], [-99.243075, 19.17254], [-99.243176, 19.172605], [-99.243199, 19.172574]], [[-99.243089, 19.172629], [-99.243115, 19.172675], [-99.243128, 19.172645], [-99.243089, 19.172629]], [[-99.245866, 19.201528], [-99.246703, 19.201127], [-99.246964, 19.201501], [-99.247618, 19.200704], [-99.246911, 19.200334], [-99.245524, 19.200856], [-99.245866, 19.201528]], [[-99.245559, 19.169565], [-99.245549, 19.169667], [-99.245602, 19.169621], [-99.245559, 19.169565]], [[-99.246469, 19.168043], [-99.246507, 19.168125], [-99.246511, 19.168049], [-99.246469, 19.168043]], [[-99.246484, 19.168803], [-99.246541, 19.168879], [-99.246557, 19.168827], [-99.246484, 19.168803]], [[-99.247989, 19.161489], [-99.24655, 19.161641], [-99.247559, 19.162229], [-99.248247, 19.162029], [-99.248292, 19.162534], [-99.24878, 19.162733], [-99.249287, 19.161694], [-99.249161, 19.161355], [-99.248313, 19.161138], [-99.247853, 19.160226], [-99.247281, 19.160577], [-99.247258, 19.160966], [-99.247989, 19.161489]], [[-99.24779, 19.193871], [-99.24758, 19.193723], [-99.247111, 19.194516], [-99.247609, 19.194791], [-99.24779, 19.193871]], [[-99.247934, 19.166113], [-99.247853, 19.166092], [-99.247855, 19.166119], [-99.247934, 19.166113]], [[-99.248428, 19.236916], [-99.248355, 19.23705], [-99.248476, 19.236957], [-99.248428, 19.236916]], [[-99.248349, 19.196224], [-99.24859, 19.196127], [-99.248367, 19.196091], [-99.248349, 19.196224]], [[-99.248484, 19.196005], [-99.248582, 19.195908], [-99.248476, 19.195912], [-99.248484, 19.196005]], [[-99.24876, 19.196073], [-99.248632, 19.19617], [-99.248757, 19.196154], [-99.24876, 19.196073]], [[-99.248962, 19.195072], [-99.249045, 19.194996], [-99.248955, 19.195], [-99.248962, 19.195072]], [[-99.253503, 19.154778], [-99.251603, 19.155999], [-99.251923, 19.156476], [-99.251033, 19.157174], [-99.250071, 19.157414], [-99.250117, 19.157742], [-99.250621, 19.15796], [-99.252635, 19.156892], [-99.252406, 19.156671], [-99.252749, 19.156453], [-99.254876, 19.155778], [-99.254763, 19.155496], [-99.25396, 19.155583], [-99.254075, 19.155255], [-99.253617, 19.155278], [-99.253503, 19.154778]], [[-99.250577, 19.190861], [-99.250434, 19.190698], [-99.250384, 19.190813], [-99.250577, 19.190861]], [[-99.253981, 19.234781], [-99.253293, 19.234986], [-99.252328, 19.236604], [-99.251465, 19.236703], [-99.250498, 19.238492], [-99.25084, 19.238492], [-99.251937, 19.237225], [-99.253556, 19.236676], [-99.253844, 19.236154], [-99.253295, 19.235879], [-99.253981, 19.234781]], [[-99.25066, 19.192219], [-99.250593, 19.192095], [-99.250552, 19.192205], [-99.25066, 19.192219]], [[-99.250845, 19.192687], [-99.250675, 19.192589], [-99.250656, 19.192646], [-99.250845, 19.192687]], [[-99.250838, 19.191114], [-99.250779, 19.190995], [-99.250747, 19.191051], [-99.250838, 19.191114]], [[-99.250925, 19.227662], [-99.250834, 19.227693], [-99.250921, 19.227691], [-99.250925, 19.227662]], [[-99.25087, 19.192372], [-99.251056, 19.192309], [-99.2509, 19.192252], [-99.25087, 19.192372]], [[-99.251399, 19.192486], [-99.251308, 19.192376], [-99.251283, 19.192486], [-99.251399, 19.192486]], [[-99.251467, 19.226292], [-99.25144, 19.226317], [-99.251467, 19.226317], [-99.251467, 19.226292]], [[-99.251464, 19.22621], [-99.251483, 19.226244], [-99.251493, 19.226217], [-99.251464, 19.22621]], [[-99.251541, 19.226223], [-99.251599, 19.226261], [-99.251603, 19.226236], [-99.251541, 19.226223]], [[-99.253593, 19.232167], [-99.253674, 19.231629], [-99.253372, 19.231121], [-99.252874, 19.231188], [-99.252932, 19.231624], [-99.252592, 19.231583], [-99.251989, 19.232247], [-99.251828, 19.234639], [-99.252663, 19.233621], [-99.252244, 19.233346], [-99.25253, 19.232652], [-99.253146, 19.231833], [-99.253593, 19.232167]], [[-99.252029, 19.22749], [-99.252095, 19.227605], [-99.252135, 19.227484], [-99.252029, 19.22749]], [[-99.252663, 19.228345], [-99.253131, 19.228688], [-99.253482, 19.228311], [-99.252663, 19.228345]], [[-99.25373, 19.229444], [-99.253688, 19.228974], [-99.253592, 19.228871], [-99.253205, 19.229073], [-99.253285, 19.229421], [-99.25373, 19.229444]], [[-99.253497, 19.231191], [-99.253493, 19.231281], [-99.253521, 19.231269], [-99.253497, 19.231191]], [[-99.253599, 19.231069], [-99.25364, 19.230945], [-99.253533, 19.230957], [-99.253599, 19.231069]], [[-99.25484, 19.230554], [-99.254838, 19.229714], [-99.253768, 19.229928], [-99.253651, 19.230667], [-99.25484, 19.230554]], [[-99.254787, 19.238094], [-99.254377, 19.237706], [-99.253921, 19.237906], [-99.254283, 19.238402], [-99.254787, 19.238094]], [[-99.254424, 19.237602], [-99.254872, 19.237449], [-99.254851, 19.237085], [-99.254393, 19.237234], [-99.254424, 19.237602]], [[-99.254557, 19.228511], [-99.254464, 19.228633], [-99.254565, 19.228633], [-99.254557, 19.228511]], [[-99.255927, 19.153577], [-99.256959, 19.153295], [-99.256728, 19.153184], [-99.256865, 19.152703], [-99.257117, 19.152814], [-99.257598, 19.152444], [-99.257527, 19.151944], [-99.257184, 19.151898], [-99.256543, 19.152425], [-99.255627, 19.152272], [-99.254391, 19.152776], [-99.255171, 19.153447], [-99.255927, 19.153577]], [[-99.256686, 19.229737], [-99.256293, 19.229318], [-99.255011, 19.230039], [-99.255248, 19.230535], [-99.256058, 19.230386], [-99.256686, 19.229737]], [[-99.255461, 19.237695], [-99.255246, 19.237831], [-99.255425, 19.237858], [-99.255461, 19.237695]], [[-99.257523, 19.230706], [-99.256686, 19.230805], [-99.257054, 19.231923], [-99.257525, 19.23145], [-99.257523, 19.230706]], [[-99.257214, 19.233266], [-99.257424, 19.233911], [-99.257712, 19.233388], [-99.258235, 19.233537], [-99.258023, 19.232469], [-99.257605, 19.232446], [-99.257214, 19.233266]], [[-99.261313, 19.21939], [-99.261376, 19.219461], [-99.261401, 19.219428], [-99.261313, 19.21939]], [[-99.262076, 19.231875], [-99.263201, 19.231881], [-99.263226, 19.231663], [-99.262627, 19.231544], [-99.262868, 19.231025], [-99.262375, 19.23097], [-99.262076, 19.231875]], [[-99.263722, 19.228815], [-99.263842, 19.229077], [-99.263477, 19.229171], [-99.263717, 19.229374], [-99.264028, 19.22897], [-99.265009, 19.228959], [-99.263722, 19.228815]], [[-99.269259, 19.150208], [-99.268326, 19.148534], [-99.26664, 19.149064], [-99.265584, 19.148801], [-99.265408, 19.149018], [-99.264678, 19.148923], [-99.264125, 19.148614], [-99.263596, 19.148828], [-99.263747, 19.149499], [-99.265835, 19.149423], [-99.266415, 19.149709], [-99.266791, 19.149491], [-99.267245, 19.149804], [-99.267647, 19.149468], [-99.268353, 19.150018], [-99.269259, 19.150208]], [[-99.263829, 19.222428], [-99.263811, 19.22248], [-99.263829, 19.22247], [-99.263829, 19.222428]], [[-99.269231, 19.173844], [-99.270589, 19.173173], [-99.271418, 19.173577], [-99.271771, 19.173409], [-99.271643, 19.172116], [-99.272071, 19.171304], [-99.271487, 19.169751], [-99.271136, 19.169896], [-99.270129, 19.16956], [-99.270306, 19.170518], [-99.270032, 19.171044], [-99.268672, 19.170712], [-99.268191, 19.169995], [-99.267892, 19.170091], [-99.268092, 19.170594], [-99.268923, 19.171071], [-99.268925, 19.171861], [-99.269353, 19.171666], [-99.26958, 19.172097], [-99.269404, 19.172479], [-99.269807, 19.172692], [-99.270486, 19.171712], [-99.270686, 19.171807], [-99.270108, 19.172742], [-99.26928, 19.173291], [-99.269231, 19.173844]], [[-99.269685, 19.201601], [-99.269658, 19.201434], [-99.269583, 19.201541], [-99.269685, 19.201601]], [[-99.270492, 19.203513], [-99.27022, 19.203319], [-99.270047, 19.203563], [-99.270324, 19.203722], [-99.270492, 19.203513]], [[-99.270419, 19.202226], [-99.273286, 19.204858], [-99.273678, 19.205754], [-99.273602, 19.207841], [-99.274266, 19.20803], [-99.274591, 19.209257], [-99.275066, 19.209224], [-99.275774, 19.208165], [-99.276196, 19.206323], [-99.276946, 19.205052], [-99.275569, 19.203816], [-99.274834, 19.203687], [-99.271758, 19.201913], [-99.270768, 19.201783], [-99.270419, 19.202226]], [[-99.275426, 19.177182], [-99.273562, 19.176228], [-99.27336, 19.17563], [-99.272856, 19.175271], [-99.272605, 19.175466], [-99.272933, 19.17611], [-99.271828, 19.178121], [-99.272988, 19.179025], [-99.273719, 19.179002], [-99.274523, 19.178594], [-99.274897, 19.177468], [-99.275426, 19.177182]], [[-99.27407, 19.220696], [-99.273808, 19.220925], [-99.274205, 19.220792], [-99.27407, 19.220696]], [[-99.274462, 19.187798], [-99.275494, 19.18739], [-99.275744, 19.1867], [-99.273806, 19.186723], [-99.273959, 19.187512], [-99.274462, 19.187798]], [[-99.274099, 19.22098], [-99.274153, 19.220899], [-99.274052, 19.220923], [-99.274099, 19.22098]], [[-99.274168, 19.199257], [-99.274106, 19.199066], [-99.274049, 19.199204], [-99.274168, 19.199257]], [[-99.276347, 19.212274], [-99.276448, 19.212865], [-99.275867, 19.21247], [-99.274762, 19.212716], [-99.274657, 19.213269], [-99.275284, 19.214646], [-99.276068, 19.214204], [-99.276652, 19.214433], [-99.277497, 19.214299], [-99.281201, 19.213239], [-99.279973, 19.213071], [-99.279347, 19.212689], [-99.279971, 19.21198], [-99.279587, 19.210984], [-99.278378, 19.211198], [-99.275559, 19.210992], [-99.276425, 19.211297], [-99.27681, 19.212174], [-99.276347, 19.212274]], [[-99.274989, 19.199384], [-99.275116, 19.199074], [-99.27475, 19.199109], [-99.274775, 19.199277], [-99.274989, 19.199384]], [[-99.277051, 19.18538], [-99.275614, 19.18488], [-99.275338, 19.185098], [-99.275868, 19.185479], [-99.275567, 19.186028], [-99.275819, 19.186219], [-99.276648, 19.186074], [-99.277051, 19.18538]], [[-99.275803, 19.169284], [-99.275712, 19.169228], [-99.275709, 19.169278], [-99.275803, 19.169284]], [[-99.275962, 19.169289], [-99.275938, 19.169253], [-99.275938, 19.169289], [-99.275962, 19.169289]], [[-99.275955, 19.169214], [-99.276009, 19.169245], [-99.276001, 19.169206], [-99.275955, 19.169214]], [[-99.278979, 19.209573], [-99.276545, 19.209977], [-99.276082, 19.21032], [-99.276929, 19.210473], [-99.278256, 19.210164], [-99.278821, 19.210683], [-99.279202, 19.21045], [-99.278979, 19.209573]], [[-99.276208, 19.220862], [-99.276189, 19.220931], [-99.276235, 19.220894], [-99.276208, 19.220862]], [[-99.276635, 19.220616], [-99.276433, 19.220476], [-99.276423, 19.22061], [-99.276635, 19.220616]], [[-99.277333, 19.20054], [-99.278113, 19.200433], [-99.277344, 19.199677], [-99.277156, 19.19999], [-99.276477, 19.199765], [-99.276551, 19.200292], [-99.276879, 19.20017], [-99.277333, 19.20054]], [[-99.27672, 19.22041], [-99.276737, 19.220485], [-99.276764, 19.220457], [-99.27672, 19.22041]], [[-99.276843, 19.220336], [-99.276819, 19.22041], [-99.276879, 19.22037], [-99.276843, 19.220336]], [[-99.277377, 19.207011], [-99.277388, 19.206906], [-99.277335, 19.206931], [-99.277377, 19.207011]], [[-99.277562, 19.206761], [-99.277566, 19.206876], [-99.277624, 19.206811], [-99.277562, 19.206761]], [[-99.277577, 19.20703], [-99.277556, 19.206932], [-99.277514, 19.206987], [-99.277577, 19.20703]], [[-99.277728, 19.207036], [-99.277799, 19.20684], [-99.277666, 19.206891], [-99.277728, 19.207036]], [[-99.278139, 19.20709], [-99.278131, 19.206945], [-99.278063, 19.20704], [-99.278139, 19.20709]], [[-99.27887, 19.175408], [-99.280104, 19.176049], [-99.281235, 19.175092], [-99.282622, 19.175927], [-99.284222, 19.170449], [-99.285758, 19.170758], [-99.287194, 19.171784], [-99.288376, 19.171349], [-99.290087, 19.171563], [-99.290339, 19.171205], [-99.289328, 19.169343], [-99.288874, 19.168794], [-99.288119, 19.168866], [-99.286988, 19.169583], [-99.284272, 19.169969], [-99.281426, 19.168996], [-99.280974, 19.169232], [-99.281127, 19.170022], [-99.280575, 19.171102], [-99.281005, 19.17196], [-99.280678, 19.172727], [-99.279797, 19.173112], [-99.280604, 19.173852], [-99.27887, 19.175408]], [[-99.279773, 19.207229], [-99.279799, 19.207342], [-99.279847, 19.207277], [-99.279773, 19.207229]], [[-99.280214, 19.206947], [-99.280246, 19.206811], [-99.280157, 19.206886], [-99.280214, 19.206947]], [[-99.280466, 19.206856], [-99.28032, 19.206825], [-99.280398, 19.206911], [-99.280466, 19.206856]], [[-99.280598, 19.212525], [-99.281428, 19.212625], [-99.281579, 19.212365], [-99.280898, 19.212064], [-99.280598, 19.212525]], [[-99.285123, 19.210153], [-99.284558, 19.210023], [-99.28464, 19.210576], [-99.285123, 19.210153]], [[-99.286311, 19.21], [-99.287118, 19.210954], [-99.287318, 19.210763], [-99.288266, 19.211221], [-99.288809, 19.211068], [-99.287015, 19.209943], [-99.286311, 19.21]], [[-99.286675, 19.162625], [-99.288363, 19.163606], [-99.288512, 19.163243], [-99.288941, 19.163197], [-99.288687, 19.162553], [-99.287152, 19.162553], [-99.286498, 19.162126], [-99.286675, 19.162625]], [[-99.289214, 19.212808], [-99.289658, 19.213361], [-99.290625, 19.213418], [-99.290303, 19.212899], [-99.289416, 19.212617], [-99.289214, 19.212808]], [[-99.292039, 19.202676], [-99.293296, 19.202195], [-99.293721, 19.201238], [-99.291972, 19.201135], [-99.292136, 19.201371], [-99.291531, 19.20155], [-99.291293, 19.201936], [-99.291646, 19.201959], [-99.291735, 19.202542], [-99.292039, 19.202676]], [[-99.29233, 19.213726], [-99.292915, 19.214024], [-99.293088, 19.213851], [-99.292483, 19.213488], [-99.29233, 19.213726]], [[-99.296057, 19.207314], [-99.29695, 19.207147], [-99.296975, 19.20675], [-99.296685, 19.206704], [-99.296057, 19.207314]], [[-99.298381, 19.20802], [-99.298274, 19.207517], [-99.298894, 19.207849], [-99.298651, 19.207272], [-99.297579, 19.207635], [-99.297881, 19.20815], [-99.298381, 19.20802]], [[-99.298979, 19.205136], [-99.297877, 19.205266], [-99.297892, 19.205728], [-99.299918, 19.206197], [-99.298979, 19.205136]], [[-99.300351, 19.212789], [-99.302248, 19.215427], [-99.302656, 19.215369], [-99.301337, 19.213284], [-99.300833, 19.212808], [-99.300351, 19.212789]]], [[[-99.240136, 19.197663], [-99.240021, 19.197091], [-99.241541, 19.197156], [-99.24124, 19.197733], [-99.240136, 19.197663]]]]}}, {"type": "Feature", "properties": {"nombre": "Tláhuac", "abrev": "ETla", "tenencia": "Ejido", "alcaldia": "Tláhuac", "sup_ha": 407.41, "no": 13}, "geometry": {"type": "MultiPolygon", "coordinates": [[[[-98.986064, 19.258624], [-98.985723, 19.260493], [-98.987259, 19.261306], [-98.986588, 19.263062], [-98.974618, 19.261074], [-98.97539, 19.257625], [-98.984757, 19.260115], [-98.985142, 19.258268], [-98.985567, 19.258221], [-98.986064, 19.258624]]], [[[-98.962438, 19.275518], [-98.964658, 19.259675], [-98.965109, 19.259388], [-98.974235, 19.26112], [-98.973196, 19.267968], [-98.972683, 19.268226], [-98.97226, 19.267803], [-98.968776, 19.267315], [-98.967084, 19.27165], [-98.965983, 19.271513], [-98.965836, 19.273132], [-98.964942, 19.273975], [-98.964872, 19.275895], [-98.962438, 19.275518]]], [[[-98.992543, 19.272617], [-98.991412, 19.279491], [-98.989902, 19.279296], [-98.99004, 19.277352], [-98.98936, 19.279237], [-98.989537, 19.277132], [-98.989215, 19.279214], [-98.971948, 19.276981], [-98.972892, 19.2703], [-98.974587, 19.261237], [-98.986654, 19.263306], [-98.986557, 19.264431], [-98.98696, 19.265114], [-98.988403, 19.265753], [-98.989524, 19.266659], [-98.989738, 19.267884], [-98.990254, 19.268473], [-98.990034, 19.270195], [-98.991151, 19.270404], [-98.991708, 19.27131], [-98.991651, 19.273549], [-98.992, 19.272565], [-98.992543, 19.272617]], [[-98.990207, 19.279211], [-98.990178, 19.278307], [-98.99, 19.27921], [-98.990207, 19.279211]], [[-98.981695, 19.278056], [-98.988207, 19.278975], [-98.988946, 19.275044], [-98.988544, 19.275576], [-98.987663, 19.275483], [-98.987015, 19.274931], [-98.98569, 19.274817], [-98.984809, 19.274183], [-98.984308, 19.274245], [-98.983847, 19.274757], [-98.982316, 19.274599], [-98.981695, 19.278056]], [[-98.971988, 19.276758], [-98.981616, 19.278076], [-98.982159, 19.274723], [-98.979804, 19.274781], [-98.978798, 19.274217], [-98.97841, 19.273271], [-98.972774, 19.27249], [-98.971988, 19.276758]], [[-98.973332, 19.270591], [-98.973508, 19.269693], [-98.973189, 19.26972], [-98.973067, 19.270227], [-98.973332, 19.270591]]]]}}, {"type": "Feature", "properties": {"nombre": "Santiago Tepalcatlalpan", "abrev": "CST", "tenencia": "Comunidad", "alcaldia": "Xochimilco", "sup_ha": 153.22, "no": 14}, "geometry": {"type": "MultiPolygon", "coordinates": [[[[-99.149619, 19.220734], [-99.149373, 19.220094], [-99.149775, 19.21894], [-99.150567, 19.218689], [-99.150553, 19.218216], [-99.149987, 19.217599], [-99.15039, 19.217385], [-99.151051, 19.217513], [-99.151322, 19.217782], [-99.151285, 19.21869], [-99.151759, 19.218895], [-99.151343, 19.220336], [-99.152042, 19.222004], [-99.15131, 19.224343], [-99.150898, 19.22249], [-99.150288, 19.221288], [-99.149619, 19.220734]], [[-99.150406, 19.219834], [-99.150023, 19.219925], [-99.149617, 19.220436], [-99.150184, 19.220327], [-99.150406, 19.219834]]], [[[-99.132167, 19.228294], [-99.131313, 19.227748], [-99.132337, 19.227668], [-99.133079, 19.228001], [-99.133712, 19.227654], [-99.133748, 19.226919], [-99.13483, 19.227152], [-99.135057, 19.226623], [-99.135226, 19.226808], [-99.135636, 19.226463], [-99.135251, 19.225796], [-99.135011, 19.226406], [-99.134282, 19.226535], [-99.135208, 19.225372], [-99.135249, 19.223803], [-99.135006, 19.223304], [-99.135288, 19.222822], [-99.135077, 19.22261], [-99.135595, 19.222336], [-99.135941, 19.221681], [-99.13553, 19.221587], [-99.135561, 19.222027], [-99.134724, 19.222483], [-99.134964, 19.222619], [-99.133597, 19.223764], [-99.133597, 19.223094], [-99.134299, 19.222786], [-99.13495, 19.221349], [-99.136388, 19.220545], [-99.13626, 19.220179], [-99.135724, 19.220163], [-99.136239, 19.219947], [-99.136194, 19.219496], [-99.135254, 19.219946], [-99.1352, 19.219699], [-99.135804, 19.219533], [-99.13558, 19.219048], [-99.136024, 19.218977], [-99.135751, 19.218641], [-99.136484, 19.218722], [-99.136826, 19.217899], [-99.137169, 19.218405], [-99.137765, 19.217374], [-99.138117, 19.217783], [-99.138765, 19.21643], [-99.137403, 19.2166], [-99.136793, 19.215932], [-99.134751, 19.21541], [-99.134978, 19.214471], [-99.136088, 19.213905], [-99.136385, 19.21479], [-99.136995, 19.215287], [-99.137508, 19.215088], [-99.137479, 19.214763], [-99.138621, 19.215042], [-99.138468, 19.213804], [-99.139624, 19.215313], [-99.140277, 19.215217], [-99.139696, 19.215706], [-99.139993, 19.216093], [-99.140177, 19.215959], [-99.139828, 19.215716], [-99.140444, 19.215193], [-99.146049, 19.212587], [-99.145146, 19.213447], [-99.144556, 19.213402], [-99.144157, 19.213755], [-99.144516, 19.215388], [-99.14422, 19.215508], [-99.143692, 19.214922], [-99.143094, 19.214769], [-99.143083, 19.214498], [-99.142568, 19.214424], [-99.141256, 19.215712], [-99.141045, 19.217321], [-99.141597, 19.218689], [-99.142275, 19.218728], [-99.143291, 19.218285], [-99.145239, 19.218485], [-99.146268, 19.219805], [-99.146842, 19.22007], [-99.146147, 19.221876], [-99.141558, 19.221947], [-99.141558, 19.222229], [-99.140795, 19.222028], [-99.1405, 19.222511], [-99.139059, 19.222392], [-99.138712, 19.22309], [-99.138582, 19.222813], [-99.137183, 19.222787], [-99.136166, 19.223763], [-99.136308, 19.225507], [-99.135418, 19.226959], [-99.134482, 19.22755], [-99.132167, 19.228294]], [[-99.134733, 19.227242], [-99.134008, 19.227145], [-99.133902, 19.22766], [-99.134569, 19.227439], [-99.134733, 19.227242]], [[-99.137929, 19.222181], [-99.138498, 19.222149], [-99.138646, 19.221891], [-99.13798, 19.22191], [-99.138482, 19.221966], [-99.137929, 19.222181]], [[-99.137664, 19.222155], [-99.13773, 19.222107], [-99.137664, 19.22211], [-99.137664, 19.222155]], [[-99.138229, 19.221353], [-99.137579, 19.221305], [-99.13738, 19.221667], [-99.137537, 19.221731], [-99.138229, 19.221353]], [[-99.142806, 19.221285], [-99.14327, 19.221191], [-99.143369, 19.220812], [-99.143824, 19.220671], [-99.143462, 19.220631], [-99.142806, 19.221285]], [[-99.140718, 19.221183], [-99.141117, 19.220824], [-99.140508, 19.221094], [-99.140718, 19.221183]], [[-99.13746, 19.221071], [-99.138303, 19.220712], [-99.138569, 19.220396], [-99.138156, 19.220464], [-99.137657, 19.220305], [-99.137155, 19.220423], [-99.13746, 19.221071]], [[-99.138064, 19.220331], [-99.138567, 19.220339], [-99.138675, 19.220487], [-99.138553, 19.220746], [-99.138909, 19.220788], [-99.138911, 19.220264], [-99.137729, 19.219714], [-99.138064, 19.220331]], [[-99.137799, 19.219372], [-99.138822, 19.219701], [-99.137922, 19.21912], [-99.137799, 19.219372]], [[-99.136608, 19.219612], [-99.136846, 19.219597], [-99.137255, 19.219206], [-99.136916, 19.219113], [-99.136608, 19.219612]], [[-99.13854, 19.21935], [-99.139399, 19.21981], [-99.139322, 19.219333], [-99.138538, 19.219171], [-99.138332, 19.218894], [-99.13854, 19.21935]], [[-99.137212, 19.21908], [-99.137153, 19.21891], [-99.137033, 19.219028], [-99.137212, 19.21908]], [[-99.137268, 19.218673], [-99.137395, 19.218854], [-99.137491, 19.218662], [-99.137268, 19.218673]], [[-99.138089, 19.218627], [-99.138319, 19.218604], [-99.138483, 19.218098], [-99.138232, 19.218102], [-99.138089, 19.218627]], [[-99.13739, 19.218552], [-99.137892, 19.218187], [-99.137867, 19.218098], [-99.13739, 19.218552]], [[-99.138634, 19.218045], [-99.138812, 19.218211], [-99.138528, 19.218701], [-99.139074, 19.218809], [-99.139413, 19.217909], [-99.138901, 19.217926], [-99.13932, 19.217741], [-99.139359, 19.217555], [-99.138634, 19.218045]], [[-99.139884, 19.217426], [-99.13946, 19.217982], [-99.139769, 19.218023], [-99.139917, 19.218435], [-99.13971, 19.219122], [-99.140369, 19.218446], [-99.140321, 19.217842], [-99.140107, 19.218159], [-99.140103, 19.21787], [-99.13975, 19.21794], [-99.139988, 19.217839], [-99.139884, 19.217426]], [[-99.138604, 19.217545], [-99.139268, 19.216411], [-99.139894, 19.216126], [-99.139688, 19.215831], [-99.138827, 19.216629], [-99.138604, 19.217545]], [[-99.140554, 19.216842], [-99.140236, 19.217243], [-99.140662, 19.218523], [-99.140471, 19.217085], [-99.140554, 19.216842]], [[-99.13911, 19.216998], [-99.139097, 19.216944], [-99.139076, 19.216969], [-99.13911, 19.216998]], [[-99.139703, 19.21865], [-99.139444, 19.218365], [-99.139624, 19.218642], [-99.138797, 19.219], [-99.13889, 19.219144], [-99.139502, 19.219052], [-99.139703, 19.21865]], [[-99.140537, 19.219155], [-99.140487, 19.219452], [-99.140593, 19.219461], [-99.140734, 19.219313], [-99.140537, 19.219155]], [[-99.145426, 19.219433], [-99.145301, 19.219422], [-99.14539, 19.219481], [-99.145426, 19.219433]], [[-99.145231, 19.219486], [-99.145367, 19.219471], [-99.145256, 19.21942], [-99.145231, 19.219486]], [[-99.14009, 19.219527], [-99.139633, 19.219368], [-99.139605, 19.219719], [-99.139882, 19.219464], [-99.140091, 19.219822], [-99.14009, 19.219527]], [[-99.145114, 19.219652], [-99.145432, 19.220224], [-99.146096, 19.220017], [-99.145114, 19.219652]], [[-99.143281, 19.220293], [-99.142729, 19.220289], [-99.142537, 19.220984], [-99.142944, 19.221096], [-99.142852, 19.220572], [-99.143174, 19.220588], [-99.143281, 19.220293]], [[-99.145629, 19.22053], [-99.145346, 19.220609], [-99.145421, 19.220898], [-99.144973, 19.220749], [-99.145339, 19.221321], [-99.146094, 19.220948], [-99.145629, 19.22053]], [[-99.140211, 19.220557], [-99.140367, 19.220323], [-99.140261, 19.220184], [-99.140014, 19.220303], [-99.140211, 19.220557]], [[-99.139681, 19.22034], [-99.139859, 19.220036], [-99.13952, 19.220174], [-99.139681, 19.22034]], [[-99.142677, 19.218704], [-99.142639, 19.218641], [-99.142591, 19.21865], [-99.142677, 19.218704]], [[-99.143763, 19.218431], [-99.144, 19.218655], [-99.145086, 19.218562], [-99.143763, 19.218431]], [[-99.140142, 19.215798], [-99.140097, 19.215711], [-99.140091, 19.215781], [-99.140142, 19.215798]], [[-99.143156, 19.21411], [-99.143847, 19.214636], [-99.143493, 19.21406], [-99.143156, 19.21411]], [[-99.139128, 19.215356], [-99.138765, 19.215321], [-99.138835, 19.215801], [-99.138941, 19.215745], [-99.139128, 19.215356]], [[-99.137804, 19.215501], [-99.137524, 19.215671], [-99.138101, 19.215789], [-99.13811, 19.215742], [-99.137804, 19.215501]]], [[[-99.132801, 19.230673], [-99.131218, 19.230553], [-99.131078, 19.229284], [-99.132545, 19.229035], [-99.13117, 19.228754], [-99.131077, 19.228415], [-99.132871, 19.228573], [-99.134833, 19.227817], [-99.135991, 19.226954], [-99.136695, 19.225297], [-99.136526, 19.22379], [-99.137089, 19.223125], [-99.138423, 19.223225], [-99.139705, 19.224387], [-99.140804, 19.224293], [-99.142023, 19.22355], [-99.142928, 19.223526], [-99.14228, 19.223741], [-99.140529, 19.225196], [-99.139547, 19.225253], [-99.138619, 19.22493], [-99.138025, 19.225138], [-99.137912, 19.226185], [-99.137559, 19.226282], [-99.137744, 19.226625], [-99.137491, 19.226874], [-99.137124, 19.226726], [-99.137334, 19.227016], [-99.136991, 19.227266], [-99.136671, 19.227141], [-99.136396, 19.227593], [-99.136708, 19.227768], [-99.134792, 19.229241], [-99.134631, 19.229095], [-99.134694, 19.229332], [-99.134021, 19.229959], [-99.133281, 19.230022], [-99.132801, 19.230673]], [[-99.131492, 19.229814], [-99.131831, 19.229554], [-99.13136, 19.229606], [-99.131492, 19.229814]], [[-99.131766, 19.229458], [-99.132231, 19.229652], [-99.132741, 19.229458], [-99.132608, 19.229348], [-99.132359, 19.229415], [-99.132311, 19.229374], [-99.131859, 19.229415], [-99.131766, 19.229458]], [[-99.137556, 19.225848], [-99.137783, 19.225806], [-99.137625, 19.225665], [-99.137556, 19.225848]]], [[[-99.150052, 19.230641], [-99.144445, 19.230635], [-99.143465, 19.229819], [-99.143795, 19.229253], [-99.144401, 19.229146], [-99.144952, 19.229629], [-99.1458, 19.229708], [-99.147557, 19.229206], [-99.145289, 19.227804], [-99.146128, 19.228016], [-99.146524, 19.22669], [-99.145924, 19.22649], [-99.145597, 19.225934], [-99.146343, 19.225592], [-99.146132, 19.225419], [-99.146689, 19.225344], [-99.147066, 19.224315], [-99.147413, 19.224348], [-99.147499, 19.223683], [-99.147204, 19.223583], [-99.147278, 19.223354], [-99.147047, 19.223454], [-99.147199, 19.223236], [-99.146593, 19.223131], [-99.147106, 19.222064], [-99.146564, 19.221958], [-99.147251, 19.220456], [-99.147507, 19.22065], [-99.14797, 19.220348], [-99.147924, 19.22004], [-99.147482, 19.219959], [-99.1477, 19.219489], [-99.148089, 19.219509], [-99.147798, 19.219276], [-99.149069, 19.219896], [-99.14829, 19.220252], [-99.148321, 19.220494], [-99.14941, 19.220728], [-99.150724, 19.222467], [-99.151053, 19.223691], [-99.150897, 19.224348], [-99.151415, 19.224892], [-99.151302, 19.226405], [-99.151643, 19.228497], [-99.150052, 19.230641]], [[-99.147819, 19.225683], [-99.147776, 19.225684], [-99.1478, 19.225705], [-99.147819, 19.225683]]], [[[-99.139941, 19.218371], [-99.140103, 19.218167], [-99.139933, 19.218391], [-99.139941, 19.218371]]]]}}, {"type": "Feature", "properties": {"nombre": "Santa Cecilia Tepetlapa", "abrev": "CSCT", "tenencia": "Comunidad", "alcaldia": "Xochimilco", "sup_ha": 56.0, "no": 15}, "geometry": {"type": "MultiPolygon", "coordinates": [[[[-99.087013, 19.207996], [-99.086094, 19.207506], [-99.085653, 19.206562], [-99.086685, 19.206436], [-99.086861, 19.205736], [-99.089227, 19.205849], [-99.089108, 19.207391], [-99.088378, 19.207888], [-99.087013, 19.207996]]], [[[-99.093421, 19.210633], [-99.092353, 19.210425], [-99.092132, 19.210866], [-99.090954, 19.210885], [-99.091329, 19.210265], [-99.092252, 19.209695], [-99.092556, 19.209386], [-99.092498, 19.208852], [-99.092019, 19.208242], [-99.092528, 19.207912], [-99.09283, 19.207521], [-99.093284, 19.205479], [-99.093676, 19.205528], [-99.093648, 19.206059], [-99.093944, 19.204152], [-99.093308, 19.204088], [-99.093346, 19.205126], [-99.092808, 19.207394], [-99.091933, 19.208245], [-99.092498, 19.209342], [-99.091211, 19.210276], [-99.090773, 19.210905], [-99.091189, 19.208111], [-99.09059, 19.207213], [-99.090488, 19.205808], [-99.089694, 19.206121], [-99.089429, 19.20575], [-99.090498, 19.205266], [-99.090322, 19.204889], [-99.090734, 19.204893], [-99.090975, 19.20353], [-99.091786, 19.203491], [-99.093844, 19.202319], [-99.095058, 19.203695], [-99.097582, 19.204909], [-99.097911, 19.205647], [-99.09699, 19.205734], [-99.096378, 19.206119], [-99.09616, 19.208293], [-99.095525, 19.208412], [-99.09492, 19.209867], [-99.094581, 19.209872], [-99.094556, 19.210159], [-99.094928, 19.210185], [-99.094692, 19.211316], [-99.094186, 19.211412], [-99.093421, 19.210633]], [[-99.094762, 19.20409], [-99.094489, 19.204042], [-99.094266, 19.204225], [-99.094032, 19.204048], [-99.094205, 19.204297], [-99.094743, 19.204182], [-99.094878, 19.204582], [-99.094762, 19.20409]]], [[[-99.094853, 19.21486], [-99.095174, 19.213009], [-99.094966, 19.212161], [-99.094436, 19.211637], [-99.094937, 19.211266], [-99.095031, 19.210349], [-99.095312, 19.210748], [-99.095277, 19.209905], [-99.095063, 19.209905], [-99.095222, 19.209398], [-99.09555, 19.210648], [-99.095211, 19.211754], [-99.095481, 19.211784], [-99.096017, 19.213296], [-99.095508, 19.213733], [-99.095521, 19.214581], [-99.094853, 19.21486]]]]}}, {"type": "Feature", "properties": {"nombre": "Santa Ana Tlacotenco", "abrev": "ESATla", "tenencia": "Ejido", "alcaldia": "Milpa Alta", "sup_ha": 49.54, "no": 16}, "geometry": {"type": "MultiPolygon", "coordinates": [[[[-98.975247, 19.166593], [-98.974756, 19.165862], [-98.974183, 19.165912], [-98.974734, 19.165539], [-98.97573, 19.165934], [-98.974818, 19.165306], [-98.974957, 19.165018], [-98.975896, 19.165073], [-98.975798, 19.165826], [-98.976153, 19.166063], [-98.975247, 19.166593]]], [[[-98.962303, 19.161985], [-98.96284, 19.161672], [-98.963187, 19.161758], [-98.963318, 19.162071], [-98.962303, 19.161985]]], [[[-98.963008, 19.161636], [-98.962505, 19.161696], [-98.962266, 19.161952], [-98.96184, 19.161346], [-98.962548, 19.160738], [-98.963024, 19.160937], [-98.963462, 19.160832], [-98.964038, 19.160467], [-98.963449, 19.160954], [-98.963976, 19.161752], [-98.963407, 19.162039], [-98.9633, 19.161787], [-98.963008, 19.161636]]], [[[-98.965063, 19.160849], [-98.965454, 19.160659], [-98.964191, 19.160352], [-98.964679, 19.160139], [-98.965385, 19.160316], [-98.966111, 19.160877], [-98.965138, 19.161073], [-98.965063, 19.160849]], [[-98.965566, 19.160796], [-98.965523, 19.160704], [-98.965504, 19.160787], [-98.965566, 19.160796]]], [[[-98.975816, 19.160611], [-98.976343, 19.160844], [-98.975084, 19.160678], [-98.974503, 19.160051], [-98.975249, 19.159182], [-98.975127, 19.160238], [-98.975816, 19.160611]]], [[[-98.962655, 19.160165], [-98.962347, 19.15992], [-98.962328, 19.160171], [-98.961599, 19.160487], [-98.961014, 19.160134], [-98.960563, 19.158961], [-98.960719, 19.157813], [-98.961311, 19.157999], [-98.961251, 19.158499], [-98.962229, 19.159233], [-98.962739, 19.158908], [-98.962268, 19.158213], [-98.963363, 19.158122], [-98.963735, 19.157869], [-98.963283, 19.157539], [-98.963519, 19.157465], [-98.964309, 19.157795], [-98.964724, 19.158421], [-98.963919, 19.158265], [-98.963774, 19.15882], [-98.964583, 19.160124], [-98.963074, 19.160863], [-98.962608, 19.16069], [-98.962655, 19.160165]], [[-98.963827, 19.159623], [-98.963767, 19.159315], [-98.963487, 19.159315], [-98.963285, 19.16003], [-98.963827, 19.159623]]], [[[-98.975816, 19.160611], [-98.975816, 19.160611], [-98.975818, 19.160611], [-98.975816, 19.160611]]], [[[-98.968036, 19.159092], [-98.967894, 19.158568], [-98.968706, 19.157935], [-98.967887, 19.157741], [-98.967845, 19.158528], [-98.966881, 19.158196], [-98.966909, 19.158478], [-98.966624, 19.158547], [-98.966197, 19.158041], [-98.96587, 19.158622], [-98.965529, 19.158564], [-98.965677, 19.157815], [-98.965943, 19.157913], [-98.966148, 19.157454], [-98.965925, 19.157132], [-98.966178, 19.156485], [-98.965372, 19.156461], [-98.965887, 19.156114], [-98.965455, 19.155625], [-98.965948, 19.154878], [-98.96634, 19.155349], [-98.966017, 19.155751], [-98.966279, 19.155933], [-98.966761, 19.155492], [-98.966912, 19.154765], [-98.966469, 19.154879], [-98.966631, 19.154258], [-98.967118, 19.15455], [-98.967491, 19.154354], [-98.96774, 19.154612], [-98.968421, 19.154541], [-98.96857, 19.153992], [-98.968863, 19.154438], [-98.968672, 19.154878], [-98.969034, 19.154859], [-98.969276, 19.154295], [-98.969698, 19.154983], [-98.969116, 19.155072], [-98.969629, 19.155395], [-98.970143, 19.155123], [-98.97027, 19.15586], [-98.97004, 19.15592], [-98.970013, 19.155566], [-98.968825, 19.156719], [-98.969756, 19.156769], [-98.970381, 19.156491], [-98.970399, 19.156765], [-98.969973, 19.156992], [-98.970121, 19.157261], [-98.970585, 19.157219], [-98.970638, 19.158094], [-98.971396, 19.158126], [-98.971631, 19.15729], [-98.972022, 19.157915], [-98.9697, 19.159226], [-98.969778, 19.158913], [-98.969222, 19.158924], [-98.969381, 19.159369], [-98.968296, 19.159857], [-98.968312, 19.159144], [-98.968036, 19.159092]], [[-98.969011, 19.155902], [-98.969075, 19.155375], [-98.968007, 19.155131], [-98.967705, 19.155694], [-98.967863, 19.156539], [-98.968497, 19.156465], [-98.969011, 19.155902]]], [[[-98.960542, 19.158306], [-98.959735, 19.158006], [-98.960549, 19.157976], [-98.960542, 19.158306]]], [[[-98.962973, 19.157596], [-98.961516, 19.157021], [-98.960803, 19.157176], [-98.960533, 19.156637], [-98.960615, 19.155304], [-98.960477, 19.154957], [-98.961342, 19.154606], [-98.961338, 19.154245], [-98.960451, 19.154437], [-98.960514, 19.153887], [-98.960017, 19.153677], [-98.959772, 19.154188], [-98.959096, 19.154157], [-98.959947, 19.152483], [-98.962337, 19.152868], [-98.962329, 19.153447], [-98.961659, 19.153548], [-98.961609, 19.153787], [-98.962118, 19.154512], [-98.961636, 19.154508], [-98.961299, 19.154981], [-98.961841, 19.15539], [-98.962379, 19.155108], [-98.962447, 19.155789], [-98.962888, 19.15578], [-98.962492, 19.156367], [-98.961833, 19.156391], [-98.961883, 19.156984], [-98.962142, 19.156766], [-98.96269, 19.156951], [-98.962973, 19.157596]], [[-98.961249, 19.155556], [-98.961479, 19.155391], [-98.961318, 19.155343], [-98.961249, 19.155556]]], [[[-98.96017, 19.155865], [-98.959311, 19.15616], [-98.959249, 19.155881], [-98.959632, 19.155862], [-98.960111, 19.155209], [-98.959651, 19.155016], [-98.959202, 19.155274], [-98.959233, 19.154648], [-98.960475, 19.154788], [-98.960381, 19.156272], [-98.96017, 19.155865]]], [[[-98.959679, 19.152706], [-98.958936, 19.152347], [-98.958968, 19.152177], [-98.959888, 19.152511], [-98.959679, 19.152706]]], [[[-98.9587, 19.152506], [-98.958157, 19.150956], [-98.958714, 19.150837], [-98.959688, 19.151522], [-98.958861, 19.151796], [-98.9587, 19.152506]]], [[[-98.961613, 19.152443], [-98.961873, 19.151431], [-98.962, 19.150861], [-98.962342, 19.151767], [-98.962986, 19.151531], [-98.962965, 19.151765], [-98.962299, 19.151889], [-98.962667, 19.152263], [-98.961613, 19.152443]]], [[[-98.964078, 19.152078], [-98.963715, 19.151695], [-98.963061, 19.151865], [-98.963135, 19.151438], [-98.96424, 19.151487], [-98.964078, 19.152078]]], [[[-98.961093, 19.149966], [-98.960431, 19.14927], [-98.959344, 19.149353], [-98.958656, 19.148967], [-98.958696, 19.148465], [-98.958963, 19.148301], [-98.95971, 19.149115], [-98.960833, 19.149247], [-98.961271, 19.149761], [-98.961093, 19.149966]], [[-98.959226, 19.149125], [-98.959188, 19.149059], [-98.959161, 19.149092], [-98.959226, 19.149125]]], [[[-98.9622, 19.148877], [-98.961094, 19.148947], [-98.962217, 19.148425], [-98.9622, 19.148877]]], [[[-98.960317, 19.148357], [-98.960315, 19.148075], [-98.961545, 19.147969], [-98.961434, 19.148304], [-98.960317, 19.148357]]]]}}, {"type": "Feature", "properties": {"nombre": "San Salvador Cuauhtenco", "abrev": "CSSC", "tenencia": "Comunidad", "alcaldia": "Milpa Alta", "sup_ha": 1247.81, "no": 17}, "geometry": {"type": "MultiPolygon", "coordinates": [[[[-99.094043, 19.099094], [-99.093842, 19.066736], [-99.135095, 19.08873], [-99.108728, 19.095193], [-99.094043, 19.099094]]], [[[-99.094669, 19.151792], [-99.094669, 19.151792], [-99.094669, 19.151776], [-99.094669, 19.151792]]], [[[-99.094669, 19.151792], [-99.095061, 19.150613], [-99.09463, 19.150069], [-99.094464, 19.133702], [-99.101051, 19.132747], [-99.103883, 19.139985], [-99.106192, 19.143293], [-99.106331, 19.144291], [-99.107183, 19.144787], [-99.109817, 19.148485], [-99.109671, 19.14861], [-99.109411, 19.14819], [-99.10927, 19.148537], [-99.108868, 19.148129], [-99.107612, 19.148059], [-99.107016, 19.149344], [-99.107373, 19.149923], [-99.108178, 19.149809], [-99.107525, 19.151306], [-99.108308, 19.15136], [-99.109295, 19.150098], [-99.108301, 19.149719], [-99.108735, 19.148934], [-99.109482, 19.149256], [-99.110487, 19.150276], [-99.110714, 19.14977], [-99.111057, 19.150261], [-99.110699, 19.150313], [-99.110995, 19.150891], [-99.111498, 19.150892], [-99.112158, 19.152344], [-99.112604, 19.152476], [-99.117614, 19.159652], [-99.116879, 19.160197], [-99.116198, 19.159621], [-99.1165, 19.160565], [-99.111336, 19.164194], [-99.108128, 19.164391], [-99.103607, 19.16351], [-99.102895, 19.16319], [-99.103159, 19.161877], [-99.104144, 19.160089], [-99.10367, 19.159711], [-99.102461, 19.159844], [-99.101847, 19.160349], [-99.101658, 19.160054], [-99.101377, 19.159088], [-99.102438, 19.158208], [-99.102477, 19.157398], [-99.102314, 19.157064], [-99.101593, 19.156875], [-99.101669, 19.157389], [-99.101337, 19.157792], [-99.100529, 19.157204], [-99.101472, 19.155853], [-99.100912, 19.15593], [-99.100336, 19.157064], [-99.099366, 19.156272], [-99.098818, 19.155179], [-99.098519, 19.155215], [-99.098383, 19.156031], [-99.096905, 19.155747], [-99.097073, 19.156905], [-99.096528, 19.157257], [-99.096144, 19.15714], [-99.09626, 19.156248], [-99.096104, 19.155716], [-99.095378, 19.155312], [-99.095641, 19.154869], [-99.095288, 19.154034], [-99.094703, 19.154391], [-99.094669, 19.151792]], [[-99.108459, 19.151902], [-99.109128, 19.151924], [-99.109145, 19.151548], [-99.10964, 19.151476], [-99.109608, 19.150951], [-99.108489, 19.151443], [-99.108459, 19.151902]], [[-99.106376, 19.151506], [-99.106812, 19.151303], [-99.10658, 19.151198], [-99.106376, 19.151506]], [[-99.096777, 19.152299], [-99.097386, 19.152472], [-99.09647, 19.152521], [-99.096247, 19.152674], [-99.096462, 19.15304], [-99.097518, 19.152573], [-99.097382, 19.152054], [-99.096777, 19.152299]], [[-99.099094, 19.152625], [-99.099418, 19.15274], [-99.099727, 19.152255], [-99.099138, 19.1522], [-99.099094, 19.152625]], [[-99.098988, 19.152668], [-99.098745, 19.152924], [-99.099052, 19.153178], [-99.098988, 19.152668]], [[-99.097705, 19.153404], [-99.097518, 19.154175], [-99.099157, 19.154021], [-99.09839, 19.153522], [-99.097705, 19.153404]], [[-99.101441, 19.154855], [-99.101341, 19.155245], [-99.101918, 19.155348], [-99.102028, 19.154884], [-99.101441, 19.154855]], [[-99.100846, 19.155642], [-99.100612, 19.155158], [-99.100128, 19.155402], [-99.100321, 19.155767], [-99.100846, 19.155642]], [[-99.106384, 19.157206], [-99.10698, 19.158478], [-99.107478, 19.15827], [-99.106384, 19.157206]], [[-99.098869, 19.150664], [-99.098058, 19.150304], [-99.098346, 19.151186], [-99.098869, 19.150664]], [[-99.097418, 19.149404], [-99.09707, 19.14946], [-99.097046, 19.149736], [-99.097318, 19.149705], [-99.097418, 19.149404]], [[-99.099588, 19.148606], [-99.099828, 19.146888], [-99.098746, 19.146972], [-99.098414, 19.146374], [-99.097624, 19.146642], [-99.097638, 19.147325], [-99.09862, 19.147819], [-99.099237, 19.147814], [-99.099287, 19.148569], [-99.099588, 19.148606]], [[-99.105979, 19.14494], [-99.105555, 19.144527], [-99.105221, 19.144639], [-99.105065, 19.14424], [-99.104743, 19.144623], [-99.104704, 19.144959], [-99.105013, 19.145006], [-99.104748, 19.1454], [-99.105333, 19.146191], [-99.105631, 19.146051], [-99.105979, 19.14494]]], [[[-99.107428, 19.168596], [-99.107801, 19.167421], [-99.107343, 19.167039], [-99.10757, 19.166523], [-99.106362, 19.166711], [-99.1064, 19.167086], [-99.105794, 19.167938], [-99.105303, 19.167831], [-99.104973, 19.166747], [-99.104482, 19.166719], [-99.104718, 19.167704], [-99.103007, 19.167331], [-99.103594, 19.165462], [-99.104384, 19.16502], [-99.104586, 19.164244], [-99.105812, 19.1645], [-99.105452, 19.165135], [-99.105643, 19.165417], [-99.106358, 19.16455], [-99.108253, 19.16498], [-99.108314, 19.16712], [-99.108725, 19.167238], [-99.109261, 19.167295], [-99.109543, 19.166853], [-99.109483, 19.164726], [-99.110512, 19.164863], [-99.11245, 19.163967], [-99.114984, 19.166405], [-99.113252, 19.167366], [-99.112866, 19.16665], [-99.111782, 19.166687], [-99.111883, 19.167034], [-99.110437, 19.166613], [-99.108877, 19.168164], [-99.108915, 19.168961], [-99.107428, 19.168596]], [[-99.111302, 19.166433], [-99.11193, 19.165867], [-99.111772, 19.16568], [-99.111086, 19.166022], [-99.111302, 19.166433]], [[-99.110603, 19.166115], [-99.11022, 19.165587], [-99.110869, 19.165655], [-99.110911, 19.165374], [-99.110028, 19.16549], [-99.110253, 19.166419], [-99.110603, 19.166115]], [[-99.113395, 19.165632], [-99.113482, 19.166034], [-99.113198, 19.166082], [-99.113649, 19.166267], [-99.114025, 19.165865], [-99.113395, 19.165632]]]]}}, {"type": "Feature", "properties": {"nombre": "Topilejo", "abrev": "ETop", "tenencia": "Ejido", "alcaldia": "Tlalpan", "sup_ha": 205.19, "no": 18}, "geometry": {"type": "MultiPolygon", "coordinates": [[[[-99.15103, 19.150022], [-99.151442, 19.149434], [-99.151219, 19.149331], [-99.152222, 19.149695], [-99.152784, 19.148195], [-99.152332, 19.149674], [-99.153133, 19.149941], [-99.152767, 19.151709], [-99.150556, 19.150917], [-99.151042, 19.150573], [-99.15103, 19.150022]]], [[[-99.167355, 19.10454], [-99.166718, 19.105039], [-99.164563, 19.104971], [-99.164273, 19.105107], [-99.16464, 19.105356], [-99.163562, 19.105332], [-99.164601, 19.106253], [-99.164894, 19.107019], [-99.165178, 19.10709], [-99.165103, 19.107392], [-99.168558, 19.108609], [-99.167871, 19.11023], [-99.167398, 19.110218], [-99.16676, 19.111984], [-99.165361, 19.111481], [-99.165459, 19.111727], [-99.164998, 19.112241], [-99.165861, 19.112275], [-99.166117, 19.112742], [-99.164667, 19.112286], [-99.164908, 19.111709], [-99.164241, 19.111079], [-99.163851, 19.111213], [-99.16372, 19.110967], [-99.163685, 19.111694], [-99.163508, 19.111939], [-99.16346, 19.111], [-99.163153, 19.111805], [-99.163578, 19.112246], [-99.162751, 19.111861], [-99.163118, 19.11111], [-99.162528, 19.11161], [-99.160614, 19.111016], [-99.1599, 19.110477], [-99.159896, 19.109752], [-99.158945, 19.10931], [-99.158498, 19.109681], [-99.157678, 19.111719], [-99.157986, 19.110928], [-99.157673, 19.110747], [-99.157896, 19.109778], [-99.158707, 19.109379], [-99.15849, 19.109166], [-99.157903, 19.109642], [-99.157443, 19.110719], [-99.157843, 19.109299], [-99.157429, 19.109426], [-99.15695, 19.110457], [-99.157208, 19.110629], [-99.156171, 19.11023], [-99.156532, 19.110108], [-99.157179, 19.109016], [-99.157076, 19.109847], [-99.157531, 19.109091], [-99.157156, 19.108868], [-99.156318, 19.10983], [-99.156495, 19.109998], [-99.156017, 19.110171], [-99.155496, 19.111961], [-99.157246, 19.112511], [-99.157594, 19.111768], [-99.157389, 19.112492], [-99.157901, 19.112829], [-99.154244, 19.111783], [-99.154072, 19.111965], [-99.153389, 19.11229], [-99.154158, 19.111754], [-99.152822, 19.111242], [-99.152087, 19.112735], [-99.151592, 19.112734], [-99.15081, 19.114378], [-99.149834, 19.113797], [-99.147928, 19.117852], [-99.147648, 19.120507], [-99.147084, 19.122628], [-99.146719, 19.122554], [-99.146255, 19.124461], [-99.146337, 19.126279], [-99.147146, 19.126638], [-99.147439, 19.127821], [-99.146924, 19.130456], [-99.147152, 19.130641], [-99.147533, 19.130094], [-99.147941, 19.130183], [-99.147726, 19.130567], [-99.147378, 19.130437], [-99.14751, 19.130743], [-99.147203, 19.130954], [-99.146826, 19.130725], [-99.1463, 19.1319], [-99.147544, 19.132759], [-99.1471, 19.135688], [-99.149493, 19.136269], [-99.14761, 19.136094], [-99.147092, 19.135781], [-99.147047, 19.136342], [-99.147431, 19.136826], [-99.147191, 19.137497], [-99.149001, 19.138825], [-99.14861, 19.13974], [-99.148663, 19.140845], [-99.149452, 19.141098], [-99.149048, 19.141558], [-99.148267, 19.141707], [-99.147126, 19.144124], [-99.146957, 19.145647], [-99.14739, 19.145845], [-99.14696, 19.14593], [-99.147942, 19.148323], [-99.148937, 19.1483], [-99.149179, 19.147493], [-99.149348, 19.148376], [-99.149726, 19.148628], [-99.150699, 19.148178], [-99.1499, 19.147736], [-99.150025, 19.147451], [-99.15074, 19.147603], [-99.151003, 19.147401], [-99.150348, 19.147095], [-99.150626, 19.146969], [-99.150303, 19.146662], [-99.151022, 19.146299], [-99.151132, 19.14563], [-99.152152, 19.145785], [-99.15161, 19.146117], [-99.151763, 19.146433], [-99.151107, 19.147283], [-99.150826, 19.148446], [-99.151202, 19.148689], [-99.151119, 19.149249], [-99.149654, 19.148893], [-99.149378, 19.14925], [-99.149695, 19.149653], [-99.149601, 19.150298], [-99.150065, 19.150661], [-99.149326, 19.150625], [-99.148793, 19.150366], [-99.147251, 19.147523], [-99.14646, 19.145012], [-99.148011, 19.141217], [-99.146155, 19.136483], [-99.145922, 19.134], [-99.146625, 19.127867], [-99.145748, 19.124121], [-99.148377, 19.112663], [-99.152385, 19.110739], [-99.156771, 19.107298], [-99.161909, 19.105148], [-99.163553, 19.105227], [-99.163904, 19.104744], [-99.16367, 19.10507], [-99.164428, 19.104788], [-99.166922, 19.104824], [-99.167126, 19.104661], [-99.16682, 19.10455], [-99.167355, 19.10454]], [[-99.165077, 19.107461], [-99.16494, 19.108647], [-99.165491, 19.109054], [-99.165758, 19.108815], [-99.16508, 19.10807], [-99.165997, 19.108758], [-99.165314, 19.108101], [-99.166157, 19.108473], [-99.16627, 19.107914], [-99.165077, 19.107461]], [[-99.162393, 19.108904], [-99.162105, 19.108324], [-99.161243, 19.10839], [-99.160891, 19.109326], [-99.161757, 19.109691], [-99.162393, 19.108904]], [[-99.155105, 19.110145], [-99.154678, 19.110877], [-99.153393, 19.110173], [-99.152852, 19.111231], [-99.155401, 19.11197], [-99.155989, 19.110126], [-99.155105, 19.110145]]], [[[-99.150999, 19.150023], [-99.151014, 19.150028], [-99.150999, 19.150033], [-99.150999, 19.150023]]], [[[-99.152252, 19.145822], [-99.152171, 19.145773], [-99.151562, 19.145553], [-99.152053, 19.145664], [-99.152252, 19.145822]]], [[[-99.149506, 19.141156], [-99.149739, 19.141182], [-99.149765, 19.1413], [-99.149506, 19.141156]]], [[[-99.155637, 19.125692], [-99.154182, 19.12518], [-99.154143, 19.124775], [-99.154689, 19.124402], [-99.154568, 19.125065], [-99.155322, 19.124839], [-99.15493, 19.124518], [-99.155644, 19.123729], [-99.155156, 19.123674], [-99.155012, 19.124095], [-99.154415, 19.123393], [-99.15525, 19.123479], [-99.158234, 19.124653], [-99.157949, 19.124609], [-99.157761, 19.125276], [-99.157806, 19.124637], [-99.155684, 19.123798], [-99.155202, 19.124487], [-99.155651, 19.124909], [-99.155924, 19.124827], [-99.155637, 19.125692]]], [[[-99.160444, 19.125609], [-99.159273, 19.125049], [-99.160377, 19.12545], [-99.160804, 19.124347], [-99.160471, 19.123604], [-99.161003, 19.123484], [-99.161344, 19.122851], [-99.161736, 19.122791], [-99.162095, 19.123042], [-99.161922, 19.123585], [-99.161366, 19.124123], [-99.160926, 19.124073], [-99.160444, 19.125609]]], [[[-99.163475, 19.114842], [-99.165097, 19.11491], [-99.165187, 19.114668], [-99.165415, 19.115246], [-99.165797, 19.115068], [-99.16544, 19.11482], [-99.165607, 19.114642], [-99.165817, 19.115061], [-99.167245, 19.114443], [-99.166951, 19.114076], [-99.168001, 19.114329], [-99.167027, 19.114882], [-99.167646, 19.115563], [-99.166982, 19.11495], [-99.166006, 19.115343], [-99.167552, 19.115769], [-99.169919, 19.11767], [-99.170752, 19.117603], [-99.171, 19.117093], [-99.172042, 19.118477], [-99.171307, 19.120723], [-99.172433, 19.121031], [-99.172262, 19.121663], [-99.172931, 19.121702], [-99.173191, 19.121508], [-99.172658, 19.121276], [-99.173539, 19.121076], [-99.173894, 19.120166], [-99.173362, 19.121683], [-99.172685, 19.121792], [-99.172392, 19.122373], [-99.172569, 19.121805], [-99.172153, 19.121625], [-99.172207, 19.121147], [-99.171579, 19.120876], [-99.169814, 19.122801], [-99.165628, 19.123401], [-99.16259, 19.120525], [-99.160475, 19.120038], [-99.160401, 19.120604], [-99.16109, 19.12087], [-99.160987, 19.120985], [-99.159404, 19.120397], [-99.159143, 19.120072], [-99.159454, 19.120215], [-99.159559, 19.119484], [-99.159935, 19.119116], [-99.158852, 19.117915], [-99.158454, 19.117835], [-99.158722, 19.11722], [-99.157719, 19.117611], [-99.15719, 19.117459], [-99.15698, 19.117956], [-99.157041, 19.117057], [-99.157821, 19.117255], [-99.158179, 19.116873], [-99.1586, 19.116981], [-99.15898, 19.117271], [-99.158771, 19.117616], [-99.159333, 19.117908], [-99.160303, 19.119394], [-99.161185, 19.119529], [-99.160701, 19.119953], [-99.162514, 19.120413], [-99.163033, 19.120661], [-99.162852, 19.120151], [-99.161962, 19.119756], [-99.162904, 19.12004], [-99.162922, 19.119787], [-99.161374, 19.118555], [-99.161262, 19.116684], [-99.162204, 19.115217], [-99.163475, 19.114842]]], [[[-99.164719, 19.114641], [-99.164894, 19.113997], [-99.165338, 19.11413], [-99.165069, 19.114376], [-99.165263, 19.114552], [-99.164719, 19.114641]]], [[[-99.165032, 19.113862], [-99.165225, 19.112745], [-99.165553, 19.113341], [-99.166747, 19.113972], [-99.16551, 19.113413], [-99.165575, 19.113711], [-99.165032, 19.113862]]], [[[-99.176584, 19.108564], [-99.176185, 19.108488], [-99.175552, 19.107302], [-99.177496, 19.109577], [-99.177028, 19.109495], [-99.176584, 19.108564]]], [[[-99.172104, 19.108003], [-99.172931, 19.106185], [-99.17395, 19.106624], [-99.17375, 19.106582], [-99.173036, 19.108372], [-99.172104, 19.108003]]], [[[-99.167377, 19.104523], [-99.167369, 19.10454], [-99.167355, 19.10454], [-99.167377, 19.104523]]], [[[-99.167377, 19.104523], [-99.167527, 19.104298], [-99.167648, 19.104342], [-99.16759, 19.104352], [-99.167377, 19.104523]]], [[[-99.171296, 19.104445], [-99.170112, 19.103822], [-99.171307, 19.104216], [-99.171296, 19.104445]]], [[[-99.167649, 19.103914], [-99.167657, 19.103907], [-99.167619, 19.104021], [-99.167649, 19.103914]]]]}}, {"type": "Feature", "properties": {"nombre": "Guarda o Parres", "abrev": "EGOP", "tenencia": "Ejido", "alcaldia": "Tlalpan", "sup_ha": 29.0, "no": 19}, "geometry": {"type": "MultiPolygon", "coordinates": [[[[-99.181535, 19.113988], [-99.180839, 19.113175], [-99.182647, 19.113687], [-99.182332, 19.114145], [-99.181535, 19.113988]]], [[[-99.182451, 19.114175], [-99.182718, 19.11369], [-99.182965, 19.113765], [-99.182733, 19.114262], [-99.182451, 19.114175]]], [[[-99.183033, 19.114372], [-99.183258, 19.113878], [-99.184434, 19.114775], [-99.18413, 19.115216], [-99.183033, 19.114372]]], [[[-99.187603, 19.117531], [-99.186915, 19.116885], [-99.186461, 19.117043], [-99.184967, 19.116329], [-99.184208, 19.115302], [-99.184487, 19.114817], [-99.187905, 19.117497], [-99.187603, 19.117531]]], [[[-99.188575, 19.121683], [-99.187704, 19.121524], [-99.187512, 19.120641], [-99.187723, 19.120371], [-99.188503, 19.121054], [-99.188383, 19.121338], [-99.188575, 19.121683]]], [[[-99.18865, 19.121815], [-99.188531, 19.121133], [-99.188678, 19.121477], [-99.189118, 19.121359], [-99.189559, 19.122744], [-99.188597, 19.12242], [-99.18865, 19.121815]]], [[[-99.185733, 19.132885], [-99.184197, 19.131898], [-99.183735, 19.131875], [-99.18434, 19.131368], [-99.18485, 19.131519], [-99.185573, 19.130147], [-99.186648, 19.129222], [-99.186512, 19.128536], [-99.187128, 19.128239], [-99.186407, 19.127602], [-99.18706, 19.125717], [-99.187438, 19.125892], [-99.188452, 19.125654], [-99.188503, 19.125007], [-99.187299, 19.124836], [-99.186951, 19.124148], [-99.186943, 19.123344], [-99.187699, 19.121544], [-99.188411, 19.121657], [-99.188572, 19.122468], [-99.189595, 19.122809], [-99.189992, 19.124113], [-99.185733, 19.132885]]]]}}, {"type": "Feature", "properties": {"nombre": "San Andrés Totoltepec", "abrev": "ESATo", "tenencia": "Ejido", "alcaldia": "Tlalpan", "sup_ha": 195.62, "no": 20}, "geometry": {"type": "MultiPolygon", "coordinates": [[[[-99.240591, 19.255621], [-99.238451, 19.251253], [-99.24135, 19.254493], [-99.241007, 19.2557], [-99.240591, 19.255621]]], [[[-99.240591, 19.255621], [-99.239803, 19.255881], [-99.234558, 19.249129], [-99.235068, 19.24886], [-99.240591, 19.255621]]], [[[-99.225921, 19.264663], [-99.226012, 19.263173], [-99.227289, 19.261438], [-99.229466, 19.26167], [-99.231311, 19.262278], [-99.229991, 19.263252], [-99.230022, 19.263051], [-99.228962, 19.262951], [-99.227299, 19.263096], [-99.226449, 19.264865], [-99.225921, 19.264663]]], [[[-99.213757, 19.26836], [-99.210462, 19.266146], [-99.209806, 19.264267], [-99.207876, 19.262328], [-99.21057, 19.259793], [-99.21209, 19.25951], [-99.214484, 19.257358], [-99.216892, 19.253232], [-99.222281, 19.251437], [-99.223828, 19.251712], [-99.223819, 19.253872], [-99.221603, 19.263984], [-99.220657, 19.263816], [-99.220041, 19.266618], [-99.214968, 19.267774], [-99.215013, 19.268877], [-99.213757, 19.26836]]]]}}, {"type": "Feature", "properties": {"nombre": "San Miguel Xicalco", "abrev": "ESMX", "tenencia": "Ejido", "alcaldia": "Tlalpan", "sup_ha": 25.09, "no": 21}, "geometry": {"type": "MultiPolygon", "coordinates": [[[[-99.184527, 19.220535], [-99.185284, 19.220105], [-99.185595, 19.220598], [-99.185039, 19.221334], [-99.184527, 19.220535]]], [[[-99.180589, 19.226407], [-99.178057, 19.22599], [-99.177941, 19.225952], [-99.177849, 19.225914], [-99.177802, 19.22564], [-99.17698, 19.225406], [-99.177353, 19.224925], [-99.176436, 19.224122], [-99.182242, 19.219842], [-99.182628, 19.22136], [-99.183312, 19.221241], [-99.183385, 19.220847], [-99.183697, 19.221071], [-99.183463, 19.220638], [-99.183818, 19.221012], [-99.18305, 19.221518], [-99.183541, 19.222286], [-99.185083, 19.221366], [-99.185558, 19.222119], [-99.184738, 19.2226], [-99.184341, 19.221971], [-99.183957, 19.223108], [-99.183605, 19.222506], [-99.182522, 19.222395], [-99.182092, 19.223246], [-99.181225, 19.22359], [-99.181657, 19.224849], [-99.181068, 19.224464], [-99.180226, 19.224975], [-99.179752, 19.225671], [-99.177889, 19.225601], [-99.177939, 19.225918], [-99.180013, 19.226282], [-99.1807, 19.225555], [-99.181953, 19.225725], [-99.182255, 19.224891], [-99.181977, 19.224735], [-99.182118, 19.22494], [-99.18202, 19.225174], [-99.181789, 19.224865], [-99.181966, 19.224696], [-99.18207, 19.224688], [-99.182404, 19.224916], [-99.18209, 19.225812], [-99.181429, 19.226214], [-99.180779, 19.226081], [-99.180589, 19.226407]], [[-99.180303, 19.226309], [-99.180271, 19.226094], [-99.18016, 19.226221], [-99.180303, 19.226309]], [[-99.177543, 19.224587], [-99.177204, 19.22429], [-99.177007, 19.224474], [-99.177341, 19.224769], [-99.177543, 19.224587]], [[-99.176646, 19.224261], [-99.176635, 19.224172], [-99.17659, 19.224231], [-99.176646, 19.224261]]]]}}, {"type": "Feature", "properties": {"nombre": "San Miguel Topilejo", "abrev": "CSMTop", "tenencia": "Comunidad", "alcaldia": "Tlalpan", "sup_ha": 6761.28, "no": 22}, "geometry": {"type": "MultiPolygon", "coordinates": [[[[-99.133975, 19.145502], [-99.133797, 19.139875], [-99.134321, 19.140222], [-99.135259, 19.139202], [-99.134361, 19.138713], [-99.133791, 19.139667], [-99.133866, 19.132774], [-99.134914, 19.133017], [-99.134677, 19.133763], [-99.135136, 19.134049], [-99.135014, 19.134788], [-99.134703, 19.134912], [-99.135025, 19.134895], [-99.135354, 19.135591], [-99.135479, 19.134168], [-99.136597, 19.132276], [-99.137525, 19.131796], [-99.136129, 19.13118], [-99.136898, 19.130595], [-99.138435, 19.132502], [-99.138267, 19.133107], [-99.139945, 19.134157], [-99.141274, 19.133912], [-99.141404, 19.134488], [-99.140833, 19.135538], [-99.142001, 19.135958], [-99.14031, 19.136166], [-99.140354, 19.138207], [-99.13986, 19.13778], [-99.139439, 19.13823], [-99.13869, 19.13802], [-99.138373, 19.138362], [-99.138524, 19.137824], [-99.138093, 19.137722], [-99.137805, 19.139003], [-99.138001, 19.139689], [-99.13761, 19.139807], [-99.137404, 19.139357], [-99.135989, 19.137575], [-99.135742, 19.137497], [-99.135805, 19.138947], [-99.137249, 19.139279], [-99.137652, 19.141316], [-99.139095, 19.140404], [-99.138839, 19.142393], [-99.136611, 19.141209], [-99.136209, 19.141601], [-99.136786, 19.141797], [-99.136952, 19.142463], [-99.136643, 19.142738], [-99.136354, 19.142307], [-99.13505, 19.142596], [-99.134445, 19.143224], [-99.135271, 19.143868], [-99.134815, 19.146499], [-99.133975, 19.145502]], [[-99.135316, 19.137507], [-99.13566, 19.13701], [-99.136594, 19.137142], [-99.137057, 19.137812], [-99.138147, 19.135541], [-99.137528, 19.135449], [-99.137254, 19.135852], [-99.135735, 19.136493], [-99.135224, 19.135938], [-99.134681, 19.136025], [-99.135305, 19.136646], [-99.135316, 19.137507]]], [[[-99.149361, 19.157763], [-99.146784, 19.156962], [-99.145483, 19.157556], [-99.144951, 19.156563], [-99.145132, 19.154855], [-99.1446, 19.154141], [-99.145241, 19.153601], [-99.144818, 19.152085], [-99.14566, 19.149259], [-99.143751, 19.148124], [-99.143843, 19.146575], [-99.144708, 19.145428], [-99.143996, 19.145232], [-99.144562, 19.144301], [-99.144407, 19.142948], [-99.144756, 19.142193], [-99.143048, 19.136732], [-99.143328, 19.134111], [-99.142099, 19.132983], [-99.141655, 19.131912], [-99.13785, 19.129983], [-99.137326, 19.129256], [-99.136934, 19.127367], [-99.134214, 19.124383], [-99.135686, 19.088903], [-99.1393, 19.08903], [-99.190192, 19.093609], [-99.18564, 19.100384], [-99.180119, 19.112982], [-99.178958, 19.11153], [-99.178641, 19.109859], [-99.178321, 19.110109], [-99.177273, 19.109318], [-99.174712, 19.106113], [-99.174219, 19.105999], [-99.173609, 19.105207], [-99.173484, 19.104242], [-99.172962, 19.104046], [-99.172726, 19.104502], [-99.171792, 19.10378], [-99.167923, 19.102844], [-99.167186, 19.102325], [-99.166382, 19.10299], [-99.164973, 19.103359], [-99.1639, 19.104126], [-99.163575, 19.104872], [-99.157364, 19.106217], [-99.156024, 19.106912], [-99.154232, 19.109116], [-99.153332, 19.109962], [-99.152726, 19.110001], [-99.152037, 19.110863], [-99.149236, 19.111618], [-99.148804, 19.111329], [-99.147262, 19.1115], [-99.147045, 19.112838], [-99.146351, 19.113444], [-99.1466, 19.115179], [-99.147402, 19.116317], [-99.146576, 19.119976], [-99.145189, 19.123762], [-99.146567, 19.127719], [-99.146167, 19.128559], [-99.145783, 19.136236], [-99.147795, 19.140665], [-99.147382, 19.141352], [-99.147128, 19.143376], [-99.14646, 19.145012], [-99.147251, 19.147523], [-99.148793, 19.150366], [-99.150097, 19.151036], [-99.150245, 19.152464], [-99.150944, 19.154206], [-99.151696, 19.154484], [-99.151697, 19.15607], [-99.151404, 19.156331], [-99.151753, 19.15715], [-99.151496, 19.158271], [-99.15189, 19.159995], [-99.151457, 19.16026], [-99.149672, 19.159791], [-99.149362, 19.159213], [-99.149361, 19.157763]], [[-99.146925, 19.150772], [-99.146301, 19.151296], [-99.145527, 19.15272], [-99.146387, 19.154146], [-99.146758, 19.154131], [-99.147268, 19.153226], [-99.146925, 19.150772]], [[-99.146925, 19.150772], [-99.146854, 19.150093], [-99.146419, 19.150116], [-99.146344, 19.15048], [-99.146925, 19.150772]], [[-99.14676, 19.116276], [-99.146948, 19.116092], [-99.146744, 19.116097], [-99.14676, 19.116276]], [[-99.149371, 19.152298], [-99.147961, 19.150513], [-99.147776, 19.151102], [-99.148256, 19.151667], [-99.149009, 19.154195], [-99.149372, 19.153511], [-99.149371, 19.152298]]], [[[-99.140387, 19.141217], [-99.14055, 19.138616], [-99.141746, 19.138668], [-99.142312, 19.141098], [-99.1423, 19.143136], [-99.141942, 19.143189], [-99.141695, 19.142771], [-99.141997, 19.142679], [-99.14201, 19.142183], [-99.140387, 19.141217]]], [[[-99.142102, 19.136407], [-99.142424, 19.136177], [-99.142645, 19.136407], [-99.142505, 19.136942], [-99.142887, 19.137229], [-99.143478, 19.139409], [-99.142673, 19.139454], [-99.142116, 19.138763], [-99.142102, 19.136407]]], [[[-99.164024, 19.153734], [-99.166133, 19.148855], [-99.170191, 19.150563], [-99.170462, 19.150027], [-99.170778, 19.148565], [-99.170032, 19.147264], [-99.167494, 19.145911], [-99.169336, 19.141261], [-99.173848, 19.143718], [-99.175647, 19.142306], [-99.177971, 19.141388], [-99.177055, 19.139449], [-99.177523, 19.138874], [-99.176616, 19.138301], [-99.17645, 19.137713], [-99.177023, 19.13734], [-99.17672, 19.136766], [-99.178197, 19.134024], [-99.185381, 19.133372], [-99.186091, 19.133873], [-99.178099, 19.141682], [-99.174492, 19.145865], [-99.17389, 19.144893], [-99.173284, 19.144632], [-99.173755, 19.143768], [-99.173489, 19.14357], [-99.172587, 19.145579], [-99.172053, 19.147783], [-99.172581, 19.148252], [-99.171992, 19.149194], [-99.172536, 19.149419], [-99.171278, 19.151423], [-99.171168, 19.152073], [-99.168653, 19.152994], [-99.164024, 19.153734]]], [[[-99.197762, 19.174583], [-99.198731, 19.172312], [-99.199404, 19.172827], [-99.200287, 19.172697], [-99.201457, 19.173052], [-99.202099, 19.172573], [-99.201789, 19.172072], [-99.200642, 19.172083], [-99.199629, 19.17077], [-99.199376, 19.168129], [-99.198395, 19.169192], [-99.198494, 19.169392], [-99.199075, 19.169076], [-99.197854, 19.170799], [-99.196742, 19.169222], [-99.196687, 19.167522], [-99.196952, 19.167522], [-99.197079, 19.166905], [-99.194572, 19.165867], [-99.19424, 19.16614], [-99.192574, 19.163153], [-99.191158, 19.16282], [-99.190951, 19.163232], [-99.190681, 19.163215], [-99.190573, 19.162276], [-99.190993, 19.160749], [-99.190156, 19.160459], [-99.189904, 19.160788], [-99.18952, 19.160687], [-99.189637, 19.160162], [-99.18876, 19.159884], [-99.188759, 19.161719], [-99.188043, 19.1626], [-99.186253, 19.162291], [-99.184803, 19.161533], [-99.184249, 19.160499], [-99.185379, 19.158455], [-99.18528, 19.157633], [-99.18117, 19.156878], [-99.180638, 19.156397], [-99.179271, 19.156461], [-99.174861, 19.154051], [-99.173947, 19.154249], [-99.173989, 19.155321], [-99.173143, 19.155245], [-99.17263, 19.155609], [-99.171233, 19.157504], [-99.170901, 19.157016], [-99.171533, 19.155036], [-99.170506, 19.155018], [-99.169952, 19.154358], [-99.170163, 19.153784], [-99.172065, 19.154089], [-99.172749, 19.153338], [-99.172652, 19.15297], [-99.173481, 19.151632], [-99.173336, 19.15081], [-99.172529, 19.149831], [-99.174723, 19.145894], [-99.179838, 19.14053], [-99.208439, 19.112683], [-99.208732, 19.112379], [-99.208285, 19.111907], [-99.208738, 19.111769], [-99.209013, 19.110813], [-99.209831, 19.111433], [-99.210876, 19.111612], [-99.211033, 19.112102], [-99.211799, 19.11156], [-99.2126, 19.110463], [-99.212308, 19.109918], [-99.212539, 19.109689], [-99.212931, 19.109899], [-99.213112, 19.109659], [-99.213625, 19.109735], [-99.213544, 19.109238], [-99.213966, 19.108415], [-99.21469, 19.107951], [-99.214206, 19.107622], [-99.21425, 19.106575], [-99.217435, 19.103268], [-99.217979, 19.103804], [-99.217703, 19.104283], [-99.219407, 19.105105], [-99.219482, 19.105982], [-99.218878, 19.105849], [-99.218914, 19.106079], [-99.218496, 19.106141], [-99.217843, 19.105904], [-99.217768, 19.105557], [-99.218521, 19.105019], [-99.217942, 19.104589], [-99.217326, 19.104542], [-99.217591, 19.105462], [-99.217278, 19.106144], [-99.217756, 19.105988], [-99.218121, 19.106717], [-99.217417, 19.106407], [-99.216223, 19.107377], [-99.216966, 19.108153], [-99.217267, 19.107298], [-99.217865, 19.107306], [-99.218336, 19.106417], [-99.218674, 19.106261], [-99.219262, 19.106516], [-99.218375, 19.108785], [-99.218765, 19.108844], [-99.21902, 19.109318], [-99.218234, 19.109528], [-99.219453, 19.109488], [-99.220281, 19.108177], [-99.219925, 19.106171], [-99.220891, 19.106414], [-99.221214, 19.106942], [-99.222261, 19.107018], [-99.222542, 19.106501], [-99.222664, 19.107362], [-99.22188, 19.10807], [-99.223731, 19.107762], [-99.224595, 19.106843], [-99.223206, 19.107346], [-99.224092, 19.106401], [-99.225198, 19.106536], [-99.225823, 19.107071], [-99.225759, 19.107562], [-99.225033, 19.108284], [-99.22464, 19.108268], [-99.224658, 19.108603], [-99.225203, 19.110324], [-99.225587, 19.11035], [-99.225689, 19.111204], [-99.225946, 19.111231], [-99.226452, 19.110724], [-99.226248, 19.108907], [-99.22716, 19.107522], [-99.228681, 19.107201], [-99.229063, 19.107602], [-99.232799, 19.104261], [-99.232798, 19.105041], [-99.230808, 19.106822], [-99.231132, 19.107807], [-99.229749, 19.108845], [-99.22842, 19.108043], [-99.226791, 19.108849], [-99.226733, 19.110723], [-99.226151, 19.111489], [-99.226695, 19.111814], [-99.227317, 19.110971], [-99.230215, 19.111102], [-99.232427, 19.109377], [-99.232364, 19.108153], [-99.231921, 19.107828], [-99.233757, 19.104698], [-99.240389, 19.108472], [-99.239449, 19.110368], [-99.238243, 19.111262], [-99.237317, 19.111034], [-99.237117, 19.111378], [-99.238989, 19.111701], [-99.23603, 19.111705], [-99.23593, 19.112202], [-99.235327, 19.112356], [-99.237141, 19.113733], [-99.237724, 19.113364], [-99.238205, 19.112353], [-99.239331, 19.111835], [-99.240076, 19.112369], [-99.240317, 19.112019], [-99.241135, 19.112426], [-99.241773, 19.11594], [-99.242915, 19.115924], [-99.243187, 19.116354], [-99.243125, 19.115708], [-99.243561, 19.116405], [-99.245136, 19.11549], [-99.245968, 19.116228], [-99.247283, 19.115855], [-99.248371, 19.116031], [-99.249031, 19.115469], [-99.251488, 19.116709], [-99.251287, 19.117484], [-99.251721, 19.117962], [-99.252435, 19.117903], [-99.25449, 19.119142], [-99.255124, 19.119207], [-99.256073, 19.117934], [-99.269681, 19.126142], [-99.266862, 19.12913], [-99.264602, 19.131048], [-99.264176, 19.132041], [-99.265285, 19.132936], [-99.266098, 19.132689], [-99.268418, 19.12923], [-99.269221, 19.128697], [-99.270984, 19.129071], [-99.271888, 19.128338], [-99.271961, 19.127942], [-99.271027, 19.127117], [-99.271143, 19.126746], [-99.27559, 19.129578], [-99.27176, 19.132181], [-99.270454, 19.132218], [-99.270349, 19.132431], [-99.271042, 19.136047], [-99.271253, 19.136012], [-99.271094, 19.135517], [-99.27295, 19.135235], [-99.272987, 19.134711], [-99.274984, 19.132836], [-99.275732, 19.133157], [-99.272566, 19.13596], [-99.274101, 19.137464], [-99.271763, 19.138493], [-99.272028, 19.139103], [-99.273267, 19.139703], [-99.273704, 19.139323], [-99.274157, 19.139659], [-99.274294, 19.140297], [-99.273299, 19.141009], [-99.273844, 19.141682], [-99.273911, 19.141116], [-99.274153, 19.141481], [-99.274696, 19.141236], [-99.275315, 19.141472], [-99.275569, 19.144513], [-99.272708, 19.145003], [-99.274314, 19.145385], [-99.272499, 19.145499], [-99.266466, 19.147442], [-99.261976, 19.147919], [-99.249242, 19.154335], [-99.240475, 19.153413], [-99.236339, 19.153498], [-99.231721, 19.152215], [-99.221398, 19.15098], [-99.219936, 19.151839], [-99.204289, 19.176045], [-99.197762, 19.174583]], [[-99.182142, 19.145786], [-99.18053, 19.144901], [-99.17829, 19.144626], [-99.17829, 19.144927], [-99.180491, 19.146217], [-99.1818, 19.146503], [-99.182277, 19.146143], [-99.182142, 19.145786]], [[-99.182585, 19.148862], [-99.182201, 19.148087], [-99.181366, 19.148356], [-99.180399, 19.147678], [-99.180056, 19.148112], [-99.180108, 19.148453], [-99.181347, 19.149255], [-99.18179, 19.149341], [-99.182585, 19.148862]], [[-99.186656, 19.159932], [-99.187342, 19.158875], [-99.187009, 19.158089], [-99.186614, 19.158314], [-99.186234, 19.158092], [-99.1853, 19.160073], [-99.186589, 19.160674], [-99.186656, 19.159932]], [[-99.188641, 19.139968], [-99.188117, 19.139222], [-99.188721, 19.139327], [-99.188579, 19.138437], [-99.187452, 19.13841], [-99.187805, 19.139289], [-99.186788, 19.139511], [-99.186608, 19.139922], [-99.187224, 19.139808], [-99.18678, 19.140228], [-99.188641, 19.139968]], [[-99.188409, 19.159254], [-99.189254, 19.159533], [-99.190348, 19.158269], [-99.188409, 19.159254]], [[-99.197618, 19.127814], [-99.197672, 19.127766], [-99.197628, 19.127766], [-99.197618, 19.127814]], [[-99.207358, 19.117031], [-99.207954, 19.116248], [-99.208042, 19.115336], [-99.207363, 19.115843], [-99.206881, 19.116953], [-99.207358, 19.117031]], [[-99.218193, 19.114505], [-99.218923, 19.115413], [-99.22033, 19.113713], [-99.219482, 19.110617], [-99.218638, 19.111574], [-99.218996, 19.113141], [-99.218193, 19.114505]], [[-99.220985, 19.111453], [-99.220428, 19.113056], [-99.221591, 19.112833], [-99.220779, 19.112529], [-99.220779, 19.112153], [-99.222513, 19.111284], [-99.221179, 19.110311], [-99.22062, 19.110861], [-99.220985, 19.111453]], [[-99.221814, 19.112609], [-99.222278, 19.113215], [-99.222592, 19.113072], [-99.222063, 19.112367], [-99.221814, 19.112609]], [[-99.223195, 19.111846], [-99.223575, 19.111917], [-99.223703, 19.111573], [-99.223195, 19.111846]]], [[[-99.17457, 19.202607], [-99.17287, 19.200871], [-99.173052, 19.200473], [-99.17249, 19.199993], [-99.172463, 19.198463], [-99.172046, 19.197526], [-99.174564, 19.196142], [-99.175084, 19.196433], [-99.173883, 19.198189], [-99.173794, 19.199366], [-99.174239, 19.201747], [-99.17509, 19.202631], [-99.17457, 19.202607]], [[-99.172654, 19.198122], [-99.172846, 19.198272], [-99.172854, 19.198129], [-99.172654, 19.198122]], [[-99.172939, 19.198546], [-99.172708, 19.198272], [-99.172729, 19.198539], [-99.172939, 19.198546]], [[-99.173643, 19.201069], [-99.173508, 19.201054], [-99.173579, 19.201126], [-99.173643, 19.201069]]], [[[-99.179191, 19.181054], [-99.178108, 19.180361], [-99.176548, 19.180626], [-99.174508, 19.17948], [-99.173777, 19.1785], [-99.173483, 19.177924], [-99.173696, 19.177777], [-99.173143, 19.177257], [-99.172718, 19.176038], [-99.174228, 19.175893], [-99.174201, 19.174339], [-99.173406, 19.173865], [-99.175568, 19.172256], [-99.180248, 19.170934], [-99.18147, 19.170913], [-99.182779, 19.171485], [-99.184953, 19.173363], [-99.18485, 19.175802], [-99.185983, 19.175202], [-99.18636, 19.17547], [-99.1863, 19.175915], [-99.187272, 19.1759], [-99.187283, 19.177234], [-99.185365, 19.177049], [-99.184872, 19.178491], [-99.18525, 19.178879], [-99.186513, 19.178835], [-99.187323, 19.178295], [-99.188718, 19.178537], [-99.189846, 19.177773], [-99.190033, 19.177021], [-99.189015, 19.176999], [-99.188468, 19.176301], [-99.18763, 19.175954], [-99.187577, 19.174294], [-99.18819, 19.175008], [-99.18821, 19.175867], [-99.188828, 19.176231], [-99.189766, 19.176166], [-99.189933, 19.175884], [-99.190393, 19.176193], [-99.191487, 19.178202], [-99.190861, 19.179085], [-99.190912, 19.177866], [-99.190465, 19.176629], [-99.190541, 19.177216], [-99.189488, 19.179061], [-99.18804, 19.178585], [-99.18651, 19.179339], [-99.184731, 19.179365], [-99.18446, 19.180295], [-99.183328, 19.180086], [-99.183797, 19.17916], [-99.18236, 19.180022], [-99.179191, 19.181054]]], [[[-99.179242, 19.205161], [-99.17629, 19.20349], [-99.176157, 19.202915], [-99.174491, 19.201636], [-99.174015, 19.199346], [-99.174125, 19.198255], [-99.175296, 19.196551], [-99.179537, 19.19892], [-99.180644, 19.199245], [-99.180929, 19.198579], [-99.182176, 19.198454], [-99.183086, 19.198773], [-99.183993, 19.199848], [-99.18493, 19.199315], [-99.186719, 19.197068], [-99.186338, 19.196827], [-99.18459, 19.197292], [-99.184407, 19.196108], [-99.185271, 19.195041], [-99.187653, 19.195488], [-99.188717, 19.195018], [-99.191132, 19.192791], [-99.19059, 19.192088], [-99.191725, 19.190845], [-99.19188, 19.190153], [-99.193663, 19.188981], [-99.194038, 19.186805], [-99.19503, 19.185381], [-99.19459, 19.185489], [-99.19461, 19.185095], [-99.194, 19.185006], [-99.194043, 19.183948], [-99.194394, 19.183326], [-99.193475, 19.182275], [-99.195031, 19.179278], [-99.194972, 19.178853], [-99.195631, 19.177478], [-99.196323, 19.177537], [-99.198164, 19.175089], [-99.204057, 19.1764], [-99.201537, 19.180253], [-99.184214, 19.202495], [-99.183851, 19.202445], [-99.184027, 19.201905], [-99.183483, 19.202125], [-99.183292, 19.201949], [-99.183322, 19.202302], [-99.18299, 19.202465], [-99.183149, 19.203862], [-99.182219, 19.205057], [-99.180752, 19.204658], [-99.179242, 19.205161]], [[-99.193149, 19.189973], [-99.192991, 19.190026], [-99.193111, 19.190069], [-99.193149, 19.189973]]], [[[-99.187337, 19.170332], [-99.186864, 19.170141], [-99.186653, 19.170476], [-99.185329, 19.169487], [-99.184578, 19.169831], [-99.183608, 19.170821], [-99.183154, 19.170878], [-99.182999, 19.170438], [-99.181876, 19.169545], [-99.182161, 19.169047], [-99.181412, 19.168904], [-99.182094, 19.168576], [-99.181732, 19.167883], [-99.180495, 19.168417], [-99.180553, 19.168863], [-99.180103, 19.168759], [-99.180117, 19.168221], [-99.180787, 19.168146], [-99.180786, 19.166673], [-99.181732, 19.166997], [-99.182194, 19.166442], [-99.181423, 19.166126], [-99.183098, 19.164681], [-99.186174, 19.165024], [-99.187091, 19.165717], [-99.186429, 19.16775], [-99.187647, 19.167921], [-99.189288, 19.168627], [-99.188375, 19.171105], [-99.18754, 19.171527], [-99.18737, 19.172465], [-99.186444, 19.172274], [-99.186091, 19.171806], [-99.187337, 19.170332]], [[-99.183808, 19.169119], [-99.183425, 19.168717], [-99.183574, 19.167963], [-99.183766, 19.167799], [-99.18427, 19.168066], [-99.18425, 19.168736], [-99.185358, 19.168868], [-99.185679, 19.168199], [-99.185498, 19.167398], [-99.185868, 19.166965], [-99.185772, 19.166622], [-99.184659, 19.166496], [-99.184602, 19.165891], [-99.184316, 19.165774], [-99.183042, 19.166335], [-99.181874, 19.167667], [-99.181995, 19.168183], [-99.183547, 19.16998], [-99.183808, 19.169119]]], [[[-99.182423, 19.113627], [-99.180524, 19.113097], [-99.184518, 19.103918], [-99.185084, 19.103932], [-99.185071, 19.103066], [-99.186059, 19.102065], [-99.186122, 19.101371], [-99.185698, 19.101243], [-99.187574, 19.098262], [-99.18777, 19.09944], [-99.187211, 19.101541], [-99.188258, 19.102064], [-99.189655, 19.102189], [-99.189452, 19.098647], [-99.187811, 19.09791], [-99.190434, 19.094036], [-99.192464, 19.094186], [-99.191835, 19.094799], [-99.19178, 19.095772], [-99.192419, 19.096352], [-99.192059, 19.097414], [-99.194715, 19.097339], [-99.194503, 19.098096], [-99.195314, 19.098214], [-99.195432, 19.097371], [-99.19634, 19.097618], [-99.196745, 19.097391], [-99.19646, 19.09678], [-99.197082, 19.096399], [-99.196947, 19.095037], [-99.196553, 19.095069], [-99.196079, 19.09636], [-99.195336, 19.096396], [-99.195305, 19.097151], [-99.194852, 19.097116], [-99.194883, 19.095833], [-99.1959, 19.095503], [-99.195849, 19.094692], [-99.196298, 19.094571], [-99.199314, 19.095291], [-99.201262, 19.097625], [-99.202773, 19.097048], [-99.201541, 19.09672], [-99.200175, 19.095147], [-99.204774, 19.09583], [-99.204403, 19.097022], [-99.203871, 19.097463], [-99.204028, 19.097871], [-99.206148, 19.096065], [-99.206988, 19.096159], [-99.203541, 19.098347], [-99.20352, 19.0978], [-99.203017, 19.097944], [-99.20253, 19.098901], [-99.202689, 19.097838], [-99.202152, 19.097527], [-99.200888, 19.098644], [-99.200902, 19.099918], [-99.199069, 19.10118], [-99.197966, 19.100054], [-99.196625, 19.100934], [-99.196782, 19.099642], [-99.196346, 19.099346], [-99.19638, 19.098802], [-99.195447, 19.098552], [-99.195171, 19.099437], [-99.194315, 19.098959], [-99.194025, 19.10021], [-99.194502, 19.099702], [-99.195402, 19.099624], [-99.195361, 19.100716], [-99.194931, 19.101413], [-99.196041, 19.101564], [-99.196117, 19.103011], [-99.194643, 19.103983], [-99.186802, 19.107414], [-99.182423, 19.113627]], [[-99.187858, 19.104116], [-99.18823, 19.102661], [-99.187856, 19.103037], [-99.187174, 19.102391], [-99.186735, 19.103], [-99.187713, 19.103619], [-99.187167, 19.10437], [-99.186472, 19.104036], [-99.186816, 19.104939], [-99.187858, 19.104116]], [[-99.190564, 19.102161], [-99.190401, 19.101282], [-99.189986, 19.101801], [-99.190564, 19.102161]], [[-99.193222, 19.100768], [-99.192724, 19.100012], [-99.192338, 19.100344], [-99.191857, 19.100169], [-99.192419, 19.099979], [-99.191727, 19.099931], [-99.191372, 19.098852], [-99.191076, 19.099599], [-99.190479, 19.09975], [-99.190282, 19.100524], [-99.191061, 19.100825], [-99.190609, 19.100896], [-99.190914, 19.101795], [-99.19198, 19.101325], [-99.193981, 19.102298], [-99.194211, 19.101977], [-99.193931, 19.101056], [-99.193222, 19.100768]], [[-99.190819, 19.098883], [-99.190945, 19.098014], [-99.190384, 19.098745], [-99.190819, 19.098883]], [[-99.1923, 19.104815], [-99.191871, 19.1035], [-99.191646, 19.105019], [-99.1923, 19.104815]], [[-99.192907, 19.102332], [-99.19241, 19.102925], [-99.192838, 19.103183], [-99.193663, 19.102829], [-99.193456, 19.10236], [-99.192907, 19.102332]], [[-99.200252, 19.098502], [-99.199159, 19.098819], [-99.200531, 19.099361], [-99.200252, 19.098502]]], [[[-99.2033, 19.112115], [-99.201912, 19.112249], [-99.198619, 19.11407], [-99.195939, 19.113785], [-99.194202, 19.113287], [-99.192819, 19.113886], [-99.191875, 19.113379], [-99.1903, 19.111468], [-99.190173, 19.110452], [-99.190676, 19.110242], [-99.191935, 19.111287], [-99.192941, 19.111166], [-99.195078, 19.109938], [-99.195454, 19.109071], [-99.195265, 19.108264], [-99.197183, 19.108591], [-99.198004, 19.109895], [-99.198931, 19.109197], [-99.199777, 19.109397], [-99.199615, 19.108483], [-99.19839, 19.108375], [-99.198265, 19.107218], [-99.200186, 19.106645], [-99.200391, 19.106919], [-99.199492, 19.107563], [-99.200446, 19.107795], [-99.201011, 19.107609], [-99.200758, 19.106146], [-99.201427, 19.106605], [-99.202365, 19.106022], [-99.20068, 19.105394], [-99.20013, 19.105684], [-99.200028, 19.105021], [-99.200988, 19.104933], [-99.201321, 19.105354], [-99.20154, 19.104996], [-99.201795, 19.105427], [-99.201942, 19.105016], [-99.202572, 19.105552], [-99.202352, 19.104932], [-99.203076, 19.104315], [-99.204597, 19.103905], [-99.205498, 19.104436], [-99.204679, 19.104776], [-99.203361, 19.107245], [-99.202989, 19.107371], [-99.20217, 19.106433], [-99.201465, 19.106586], [-99.20206, 19.107359], [-99.201873, 19.108167], [-99.202266, 19.108235], [-99.202546, 19.109134], [-99.202993, 19.10889], [-99.203399, 19.109557], [-99.204063, 19.109786], [-99.204866, 19.109178], [-99.205922, 19.110107], [-99.207137, 19.10865], [-99.206774, 19.107619], [-99.207327, 19.107042], [-99.206943, 19.105758], [-99.207221, 19.104667], [-99.208294, 19.103485], [-99.210111, 19.104227], [-99.21152, 19.103015], [-99.21066, 19.100831], [-99.209471, 19.100659], [-99.209003, 19.101102], [-99.208735, 19.10197], [-99.208867, 19.103028], [-99.207865, 19.102888], [-99.207352, 19.101696], [-99.206607, 19.102224], [-99.205878, 19.102203], [-99.20867, 19.099743], [-99.209127, 19.09866], [-99.208536, 19.099584], [-99.205933, 19.101909], [-99.203731, 19.103509], [-99.20223, 19.104123], [-99.201436, 19.104098], [-99.200575, 19.103583], [-99.200379, 19.103339], [-99.200664, 19.10222], [-99.200132, 19.101883], [-99.201189, 19.101277], [-99.201479, 19.101545], [-99.202327, 19.100834], [-99.202991, 19.100664], [-99.20288, 19.100303], [-99.208351, 19.096518], [-99.209876, 19.096425], [-99.209233, 19.098409], [-99.210085, 19.096393], [-99.214059, 19.095781], [-99.214506, 19.095814], [-99.214216, 19.096101], [-99.21487, 19.096482], [-99.216427, 19.095956], [-99.218978, 19.096143], [-99.219254, 19.09771], [-99.2199, 19.097911], [-99.219892, 19.098387], [-99.220585, 19.09741], [-99.219726, 19.096197], [-99.221662, 19.096339], [-99.22321, 19.097735], [-99.218996, 19.101453], [-99.21702, 19.100131], [-99.218187, 19.10044], [-99.218079, 19.099704], [-99.217672, 19.0998], [-99.217012, 19.098942], [-99.216267, 19.099095], [-99.214773, 19.098752], [-99.214197, 19.098122], [-99.213896, 19.098373], [-99.213481, 19.097914], [-99.213616, 19.097364], [-99.212845, 19.09675], [-99.212951, 19.098061], [-99.215269, 19.099978], [-99.214549, 19.100445], [-99.214171, 19.099767], [-99.212924, 19.09891], [-99.213343, 19.099759], [-99.213656, 19.099787], [-99.213545, 19.101232], [-99.212895, 19.101587], [-99.213061, 19.102109], [-99.213796, 19.102651], [-99.213842, 19.103392], [-99.214355, 19.103003], [-99.214377, 19.102295], [-99.214944, 19.102649], [-99.215322, 19.102494], [-99.214831, 19.102111], [-99.214984, 19.101104], [-99.215151, 19.100607], [-99.215454, 19.100625], [-99.215882, 19.100036], [-99.217287, 19.100717], [-99.217, 19.101119], [-99.21774, 19.100975], [-99.217348, 19.10175], [-99.217816, 19.10185], [-99.218013, 19.102403], [-99.217162, 19.103306], [-99.217084, 19.1029], [-99.216465, 19.102476], [-99.215943, 19.102612], [-99.21703, 19.103445], [-99.214141, 19.106505], [-99.212723, 19.106149], [-99.212362, 19.105147], [-99.212146, 19.105213], [-99.211803, 19.104669], [-99.212049, 19.104231], [-99.212973, 19.104506], [-99.213478, 19.103818], [-99.21207, 19.103328], [-99.210836, 19.104472], [-99.211486, 19.104759], [-99.212014, 19.106001], [-99.209875, 19.107902], [-99.209227, 19.10722], [-99.208676, 19.107488], [-99.20826, 19.108552], [-99.207908, 19.10859], [-99.208059, 19.110129], [-99.207539, 19.11089], [-99.206915, 19.111306], [-99.206281, 19.11112], [-99.205691, 19.11026], [-99.204512, 19.110261], [-99.20413, 19.111869], [-99.204371, 19.112027], [-99.2033, 19.112115]], [[-99.200622, 19.10794], [-99.199952, 19.107821], [-99.199742, 19.108308], [-99.200608, 19.108351], [-99.200215, 19.108198], [-99.200622, 19.10794]], [[-99.207896, 19.107321], [-99.209768, 19.106325], [-99.209881, 19.105656], [-99.208682, 19.105106], [-99.207827, 19.105414], [-99.2076, 19.106716], [-99.207896, 19.107321]], [[-99.211881, 19.101108], [-99.212422, 19.100303], [-99.212165, 19.100447], [-99.212003, 19.10005], [-99.212355, 19.099697], [-99.211138, 19.100024], [-99.2113, 19.100512], [-99.211671, 19.100593], [-99.21132, 19.10119], [-99.211881, 19.101108]], [[-99.213618, 19.096387], [-99.213796, 19.097632], [-99.214008, 19.097617], [-99.213618, 19.096387]], [[-99.214452, 19.104322], [-99.214994, 19.104439], [-99.21545, 19.104158], [-99.215202, 19.103255], [-99.215972, 19.103697], [-99.216286, 19.103416], [-99.216028, 19.102919], [-99.214574, 19.103183], [-99.214452, 19.104322]]], [[[-99.2033, 19.112115], [-99.207262, 19.113405], [-99.187676, 19.132395], [-99.186823, 19.130968], [-99.189992, 19.124125], [-99.189771, 19.123415], [-99.190536, 19.123605], [-99.190794, 19.124638], [-99.190236, 19.125226], [-99.190041, 19.12626], [-99.190676, 19.126948], [-99.191008, 19.126761], [-99.190751, 19.126161], [-99.191278, 19.125156], [-99.193435, 19.124293], [-99.193208, 19.123978], [-99.192829, 19.124184], [-99.193745, 19.122247], [-99.192164, 19.121382], [-99.19055, 19.12213], [-99.189947, 19.122819], [-99.189559, 19.122756], [-99.18796, 19.11769], [-99.18926, 19.116499], [-99.190459, 19.11669], [-99.191222, 19.115923], [-99.190995, 19.115449], [-99.191161, 19.115277], [-99.191719, 19.115492], [-99.191628, 19.115076], [-99.192699, 19.114243], [-99.193227, 19.114099], [-99.19372, 19.114859], [-99.194004, 19.114875], [-99.195289, 19.116159], [-99.196811, 19.116085], [-99.197869, 19.114309], [-99.198585, 19.114272], [-99.201602, 19.112476], [-99.2033, 19.112115]], [[-99.194742, 19.115896], [-99.194717, 19.115675], [-99.19437, 19.11569], [-99.194391, 19.115915], [-99.194742, 19.115896]]], [[[-99.19479, 19.09513], [-99.194399, 19.094329], [-99.1955, 19.094453], [-99.195527, 19.094991], [-99.19479, 19.09513]]], [[[-99.206249, 19.103732], [-99.206136, 19.1031], [-99.20385, 19.103698], [-99.205179, 19.1028], [-99.2075, 19.102423], [-99.207625, 19.10311], [-99.206768, 19.103924], [-99.206249, 19.103732]]], [[[-99.226677, 19.104162], [-99.226283, 19.103417], [-99.225046, 19.103461], [-99.223915, 19.103994], [-99.223756, 19.104385], [-99.22222, 19.103665], [-99.220836, 19.103457], [-99.220418, 19.102941], [-99.218462, 19.102201], [-99.21926, 19.101994], [-99.219768, 19.101037], [-99.223368, 19.097877], [-99.229002, 19.102886], [-99.228383, 19.104136], [-99.227472, 19.104705], [-99.225939, 19.10505], [-99.226677, 19.104162]], [[-99.222321, 19.10308], [-99.224328, 19.10292], [-99.224584, 19.102331], [-99.223119, 19.101573], [-99.222817, 19.101745], [-99.221776, 19.101445], [-99.221082, 19.101733], [-99.221023, 19.103139], [-99.222035, 19.103396], [-99.222321, 19.10308]]], [[[-99.219925, 19.106135], [-99.21979, 19.10548], [-99.220165, 19.104404], [-99.221267, 19.103887], [-99.220145, 19.105167], [-99.220448, 19.105875], [-99.220066, 19.105703], [-99.219925, 19.106135]]], [[[-99.278708, 19.133261], [-99.276836, 19.133055], [-99.276591, 19.131313], [-99.276041, 19.131593], [-99.27595, 19.131141], [-99.276402, 19.130782], [-99.276877, 19.130832], [-99.277164, 19.130341], [-99.278856, 19.131479], [-99.279131, 19.13194], [-99.278708, 19.133261]]]]}}, {"type": "Feature", "properties": {"nombre": "San Francisco Tlanepantla", "abrev": "CSFT", "tenencia": "Comunidad", "alcaldia": "Xochimilco", "sup_ha": 336.65, "no": 23}, "geometry": {"type": "MultiPolygon", "coordinates": [[[[-99.123058, 19.18095], [-99.121706, 19.179769], [-99.120485, 19.180306], [-99.120096, 19.181207], [-99.118346, 19.181734], [-99.118056, 19.180041], [-99.118617, 19.17977], [-99.118084, 19.178429], [-99.117306, 19.177938], [-99.117167, 19.177439], [-99.116584, 19.177604], [-99.115942, 19.177392], [-99.115908, 19.176879], [-99.116293, 19.177154], [-99.117292, 19.176816], [-99.117803, 19.177817], [-99.11941, 19.178393], [-99.120239, 19.17765], [-99.121095, 19.176378], [-99.120469, 19.175259], [-99.119854, 19.175161], [-99.119916, 19.176131], [-99.120504, 19.177094], [-99.120167, 19.177291], [-99.119512, 19.175143], [-99.119103, 19.174768], [-99.119208, 19.175222], [-99.118614, 19.175192], [-99.118848, 19.174812], [-99.118601, 19.174126], [-99.117788, 19.173814], [-99.11734, 19.17325], [-99.117095, 19.172123], [-99.116964, 19.173647], [-99.11643, 19.174468], [-99.116565, 19.17474], [-99.116076, 19.174786], [-99.115614, 19.176594], [-99.114411, 19.17649], [-99.114324, 19.175931], [-99.11484, 19.175489], [-99.1144, 19.175129], [-99.113569, 19.175115], [-99.113044, 19.174409], [-99.113597, 19.174145], [-99.113522, 19.174642], [-99.113837, 19.17472], [-99.114235, 19.174137], [-99.114529, 19.174891], [-99.115121, 19.175034], [-99.115098, 19.175548], [-99.115856, 19.175551], [-99.115912, 19.174258], [-99.115359, 19.174215], [-99.11506, 19.173416], [-99.115208, 19.173153], [-99.115468, 19.173371], [-99.11518, 19.173438], [-99.115276, 19.1738], [-99.116105, 19.173872], [-99.115934, 19.174512], [-99.116259, 19.174628], [-99.116625, 19.173463], [-99.116467, 19.172828], [-99.116833, 19.172098], [-99.116511, 19.170725], [-99.117425, 19.169276], [-99.117992, 19.169714], [-99.117892, 19.170241], [-99.118184, 19.170728], [-99.118759, 19.170597], [-99.118805, 19.169834], [-99.118906, 19.170687], [-99.119619, 19.1709], [-99.119169, 19.170818], [-99.118784, 19.171267], [-99.118392, 19.171276], [-99.118378, 19.171746], [-99.119085, 19.172363], [-99.119445, 19.172194], [-99.119945, 19.172488], [-99.119536, 19.173047], [-99.119351, 19.172709], [-99.118308, 19.17238], [-99.118148, 19.171423], [-99.117913, 19.171173], [-99.117622, 19.171323], [-99.117394, 19.170379], [-99.117172, 19.170424], [-99.117011, 19.170652], [-99.117405, 19.171421], [-99.11793, 19.171359], [-99.117447, 19.172095], [-99.117874, 19.172632], [-99.117717, 19.173035], [-99.118727, 19.173794], [-99.119119, 19.173784], [-99.118816, 19.174407], [-99.121044, 19.174888], [-99.121187, 19.176139], [-99.121471, 19.176123], [-99.12153, 19.174648], [-99.121872, 19.174308], [-99.121436, 19.173285], [-99.120601, 19.172265], [-99.119981, 19.172043], [-99.119968, 19.172453], [-99.11944, 19.172139], [-99.119369, 19.171667], [-99.119947, 19.171463], [-99.119859, 19.171032], [-99.12039, 19.170846], [-99.120376, 19.170376], [-99.120134, 19.170282], [-99.120049, 19.170792], [-99.119878, 19.170539], [-99.120177, 19.169893], [-99.120632, 19.170443], [-99.120409, 19.171388], [-99.121661, 19.172587], [-99.122129, 19.172528], [-99.122075, 19.173043], [-99.122455, 19.17302], [-99.122831, 19.173409], [-99.122237, 19.174372], [-99.122306, 19.175623], [-99.121914, 19.175618], [-99.122113, 19.176251], [-99.122691, 19.176334], [-99.123162, 19.177034], [-99.122979, 19.17646], [-99.123704, 19.176146], [-99.124523, 19.177135], [-99.124946, 19.176709], [-99.123847, 19.175885], [-99.123605, 19.175383], [-99.124026, 19.175297], [-99.124436, 19.176061], [-99.124195, 19.175337], [-99.12463, 19.174817], [-99.124402, 19.174826], [-99.124337, 19.174297], [-99.124933, 19.174478], [-99.125257, 19.175021], [-99.125616, 19.174942], [-99.125705, 19.175453], [-99.126353, 19.175477], [-99.126332, 19.175034], [-99.124243, 19.172976], [-99.122955, 19.173174], [-99.122578, 19.172763], [-99.123286, 19.171824], [-99.123179, 19.17106], [-99.123624, 19.171578], [-99.124309, 19.171377], [-99.124576, 19.171792], [-99.124195, 19.171818], [-99.124543, 19.172152], [-99.124944, 19.17207], [-99.124924, 19.171672], [-99.123718, 19.171009], [-99.123862, 19.17048], [-99.122757, 19.170449], [-99.123139, 19.170971], [-99.123132, 19.171837], [-99.122884, 19.172227], [-99.122539, 19.17211], [-99.122124, 19.17242], [-99.121997, 19.172108], [-99.122528, 19.171386], [-99.121545, 19.171344], [-99.121766, 19.171128], [-99.120977, 19.17064], [-99.120495, 19.169674], [-99.120153, 19.169368], [-99.120099, 19.169821], [-99.119801, 19.169359], [-99.119649, 19.169498], [-99.119656, 19.16905], [-99.120521, 19.169231], [-99.120591, 19.169004], [-99.119304, 19.16643], [-99.120849, 19.163834], [-99.121201, 19.163836], [-99.121673, 19.164349], [-99.121489, 19.163853], [-99.121951, 19.163533], [-99.121568, 19.162516], [-99.121776, 19.162122], [-99.122196, 19.16283], [-99.122509, 19.16272], [-99.121882, 19.16193], [-99.122336, 19.161105], [-99.122296, 19.160327], [-99.122892, 19.15919], [-99.123312, 19.159332], [-99.123708, 19.160126], [-99.123913, 19.159374], [-99.123135, 19.158724], [-99.124296, 19.156507], [-99.124705, 19.1564], [-99.124591, 19.155944], [-99.124946, 19.155266], [-99.12567, 19.155503], [-99.12526, 19.155964], [-99.125357, 19.156275], [-99.125614, 19.156062], [-99.126244, 19.157164], [-99.126771, 19.157131], [-99.126758, 19.156706], [-99.127402, 19.155877], [-99.126547, 19.155878], [-99.127555, 19.154594], [-99.126938, 19.154723], [-99.126866, 19.155186], [-99.126604, 19.155034], [-99.126015, 19.155557], [-99.1259, 19.154748], [-99.125641, 19.155091], [-99.125909, 19.154583], [-99.127, 19.154194], [-99.127055, 19.153781], [-99.128284, 19.15292], [-99.128194, 19.15363], [-99.127637, 19.153804], [-99.127302, 19.154338], [-99.128922, 19.15334], [-99.128818, 19.152865], [-99.132071, 19.153102], [-99.132195, 19.154004], [-99.131868, 19.154092], [-99.130938, 19.153507], [-99.131154, 19.153815], [-99.130721, 19.155418], [-99.131456, 19.154905], [-99.131812, 19.154166], [-99.132445, 19.154067], [-99.132637, 19.153141], [-99.133752, 19.153216], [-99.133975, 19.153432], [-99.133805, 19.15422], [-99.133697, 19.153986], [-99.133, 19.154133], [-99.133684, 19.15458], [-99.132592, 19.155061], [-99.132159, 19.155848], [-99.132933, 19.156636], [-99.13369, 19.156682], [-99.133562, 19.157215], [-99.133118, 19.156979], [-99.133528, 19.157836], [-99.133701, 19.157499], [-99.134002, 19.158367], [-99.13418, 19.158209], [-99.13419, 19.158713], [-99.133606, 19.158911], [-99.133092, 19.158573], [-99.132886, 19.158176], [-99.133253, 19.15749], [-99.132899, 19.156986], [-99.132337, 19.15703], [-99.132425, 19.156777], [-99.132022, 19.156587], [-99.132232, 19.156252], [-99.131568, 19.155885], [-99.130641, 19.15679], [-99.130871, 19.157027], [-99.130766, 19.157999], [-99.130378, 19.157755], [-99.129741, 19.15828], [-99.129856, 19.158483], [-99.129583, 19.158361], [-99.129411, 19.158504], [-99.129851, 19.158818], [-99.130119, 19.158723], [-99.129969, 19.158457], [-99.130723, 19.158601], [-99.130928, 19.15704], [-99.131496, 19.156326], [-99.132031, 19.156429], [-99.131851, 19.156839], [-99.132153, 19.15744], [-99.132447, 19.157456], [-99.131996, 19.157758], [-99.132368, 19.158114], [-99.131959, 19.159896], [-99.132209, 19.160158], [-99.132951, 19.159928], [-99.131832, 19.161705], [-99.132429, 19.162132], [-99.132381, 19.161619], [-99.132699, 19.161512], [-99.132882, 19.162271], [-99.132292, 19.162564], [-99.131988, 19.162197], [-99.13174, 19.163336], [-99.131014, 19.164466], [-99.130373, 19.164539], [-99.130067, 19.164327], [-99.13033, 19.164289], [-99.130744, 19.163693], [-99.131207, 19.163591], [-99.131497, 19.162842], [-99.131315, 19.162543], [-99.131541, 19.162151], [-99.131016, 19.162177], [-99.131789, 19.160859], [-99.130919, 19.161193], [-99.130631, 19.160841], [-99.129622, 19.161923], [-99.129604, 19.162356], [-99.128935, 19.161758], [-99.128668, 19.161955], [-99.128035, 19.163598], [-99.129813, 19.163728], [-99.129894, 19.162971], [-99.130191, 19.163786], [-99.130765, 19.162241], [-99.130521, 19.162772], [-99.129925, 19.162566], [-99.130955, 19.161547], [-99.130984, 19.162202], [-99.131151, 19.162379], [-99.130787, 19.16352], [-99.130233, 19.164252], [-99.129991, 19.163992], [-99.128943, 19.164261], [-99.130305, 19.165487], [-99.13174, 19.165721], [-99.132232, 19.165541], [-99.132643, 19.165791], [-99.132531, 19.166157], [-99.131063, 19.1657], [-99.132195, 19.166431], [-99.133383, 19.166235], [-99.133724, 19.166644], [-99.134332, 19.166313], [-99.134406, 19.170224], [-99.132415, 19.170064], [-99.130012, 19.169409], [-99.129936, 19.169819], [-99.130327, 19.170085], [-99.130217, 19.170871], [-99.129769, 19.171065], [-99.129883, 19.170491], [-99.12915, 19.17046], [-99.128794, 19.169903], [-99.129391, 19.16951], [-99.129347, 19.168746], [-99.127234, 19.168414], [-99.126581, 19.167925], [-99.126799, 19.167252], [-99.127661, 19.167311], [-99.127694, 19.167766], [-99.128908, 19.168265], [-99.129408, 19.16746], [-99.129374, 19.166843], [-99.129679, 19.167643], [-99.129194, 19.167839], [-99.129306, 19.16808], [-99.130268, 19.168192], [-99.130468, 19.168781], [-99.130802, 19.168193], [-99.130535, 19.167489], [-99.131227, 19.167069], [-99.131797, 19.167326], [-99.131679, 19.167825], [-99.132585, 19.16817], [-99.132503, 19.168736], [-99.132115, 19.168781], [-99.133614, 19.169039], [-99.133784, 19.168658], [-99.1333, 19.168509], [-99.13376, 19.168244], [-99.133337, 19.167903], [-99.133847, 19.167421], [-99.133129, 19.166793], [-99.130006, 19.166584], [-99.12964, 19.166031], [-99.130125, 19.165652], [-99.128438, 19.164232], [-99.128571, 19.165281], [-99.129181, 19.165266], [-99.129749, 19.166354], [-99.129048, 19.166046], [-99.128826, 19.165641], [-99.127862, 19.165558], [-99.12787, 19.165274], [-99.12848, 19.165061], [-99.127264, 19.165063], [-99.127195, 19.163562], [-99.126534, 19.163435], [-99.12685, 19.164999], [-99.126635, 19.165351], [-99.12701, 19.165558], [-99.126161, 19.165957], [-99.126013, 19.166352], [-99.126763, 19.167222], [-99.126508, 19.167888], [-99.125785, 19.167095], [-99.124913, 19.166817], [-99.125113, 19.167512], [-99.125895, 19.168106], [-99.126078, 19.167761], [-99.126471, 19.167933], [-99.126508, 19.168875], [-99.127407, 19.169181], [-99.128234, 19.170099], [-99.128754, 19.169936], [-99.129128, 19.171003], [-99.129897, 19.171133], [-99.12965, 19.171292], [-99.129938, 19.171735], [-99.128535, 19.171119], [-99.128724, 19.172001], [-99.129139, 19.171805], [-99.12985, 19.17249], [-99.130133, 19.171707], [-99.130437, 19.172516], [-99.130857, 19.17208], [-99.132006, 19.172156], [-99.131598, 19.171844], [-99.131646, 19.171215], [-99.132809, 19.171865], [-99.132943, 19.173315], [-99.133656, 19.173245], [-99.133913, 19.173524], [-99.134462, 19.17322], [-99.134477, 19.174043], [-99.133846, 19.174231], [-99.13286, 19.173972], [-99.131731, 19.174272], [-99.130764, 19.173427], [-99.131991, 19.175058], [-99.132085, 19.175688], [-99.132351, 19.175423], [-99.132605, 19.175625], [-99.132795, 19.176342], [-99.132545, 19.176618], [-99.132966, 19.176742], [-99.132618, 19.177225], [-99.13311, 19.177283], [-99.133533, 19.177572], [-99.133859, 19.178219], [-99.133792, 19.178863], [-99.133099, 19.177389], [-99.132365, 19.177238], [-99.132311, 19.176343], [-99.131738, 19.176696], [-99.130924, 19.17657], [-99.131457, 19.177899], [-99.131098, 19.177794], [-99.131062, 19.177426], [-99.130563, 19.177385], [-99.130357, 19.176701], [-99.129905, 19.176617], [-99.129281, 19.175969], [-99.129262, 19.175304], [-99.130541, 19.175149], [-99.130317, 19.174781], [-99.129313, 19.174384], [-99.128541, 19.174545], [-99.128977, 19.173816], [-99.128873, 19.172917], [-99.127912, 19.171298], [-99.127713, 19.172055], [-99.128824, 19.172922], [-99.128769, 19.173592], [-99.127213, 19.172357], [-99.127603, 19.173446], [-99.12765, 19.174791], [-99.126964, 19.174969], [-99.126523, 19.175847], [-99.127933, 19.176983], [-99.129088, 19.179228], [-99.12984, 19.17966], [-99.13015, 19.180148], [-99.129752, 19.180424], [-99.129866, 19.180729], [-99.13076, 19.180287], [-99.130496, 19.179709], [-99.131014, 19.179878], [-99.131282, 19.180685], [-99.13146, 19.180519], [-99.131075, 19.181537], [-99.130405, 19.181847], [-99.131047, 19.182168], [-99.131305, 19.183064], [-99.131668, 19.182359], [-99.132157, 19.182649], [-99.132443, 19.181594], [-99.132591, 19.181899], [-99.133258, 19.181575], [-99.133717, 19.181763], [-99.133574, 19.181493], [-99.133963, 19.181947], [-99.133634, 19.182725], [-99.133309, 19.18271], [-99.133451, 19.183157], [-99.133083, 19.184028], [-99.132689, 19.18305], [-99.131345, 19.183402], [-99.131373, 19.183821], [-99.131658, 19.183614], [-99.131788, 19.184003], [-99.132117, 19.183733], [-99.132338, 19.184168], [-99.132687, 19.183665], [-99.132825, 19.183915], [-99.132481, 19.184172], [-99.133032, 19.184036], [-99.132936, 19.184374], [-99.13211, 19.184563], [-99.132024, 19.185185], [-99.131365, 19.185802], [-99.131173, 19.185259], [-99.131859, 19.184354], [-99.130901, 19.184287], [-99.130655, 19.184762], [-99.130421, 19.18385], [-99.130666, 19.183266], [-99.130968, 19.184014], [-99.131316, 19.183577], [-99.1306, 19.182662], [-99.130247, 19.182842], [-99.13021, 19.183589], [-99.13014, 19.183492], [-99.130228, 19.183156], [-99.130138, 19.182605], [-99.129925, 19.182552], [-99.130184, 19.183164], [-99.130103, 19.183524], [-99.129937, 19.183298], [-99.129716, 19.183498], [-99.129806, 19.183962], [-99.130157, 19.183763], [-99.130144, 19.18411], [-99.129417, 19.184429], [-99.129534, 19.183711], [-99.129261, 19.183033], [-99.129828, 19.181957], [-99.129251, 19.181573], [-99.128611, 19.181679], [-99.128375, 19.18122], [-99.12861, 19.181074], [-99.127807, 19.1802], [-99.127671, 19.1798], [-99.128188, 19.179479], [-99.127524, 19.178615], [-99.127804, 19.178504], [-99.128601, 19.179395], [-99.127966, 19.17842], [-99.127479, 19.178546], [-99.127273, 19.178964], [-99.126901, 19.178933], [-99.12624, 19.179507], [-99.126506, 19.179828], [-99.127125, 19.179605], [-99.127321, 19.181306], [-99.127953, 19.18087], [-99.127907, 19.180566], [-99.128149, 19.18167], [-99.128459, 19.18161], [-99.129015, 19.182091], [-99.12873, 19.182257], [-99.128117, 19.182025], [-99.12791, 19.182358], [-99.126989, 19.181562], [-99.127067, 19.180831], [-99.125842, 19.180687], [-99.12551, 19.18023], [-99.125802, 19.17952], [-99.124683, 19.17952], [-99.124692, 19.179229], [-99.123855, 19.179031], [-99.121776, 19.177352], [-99.121429, 19.176651], [-99.120977, 19.176597], [-99.119944, 19.178239], [-99.12001, 19.178529], [-99.120662, 19.17919], [-99.1209, 19.179093], [-99.120612, 19.177534], [-99.120828, 19.177219], [-99.121821, 19.178778], [-99.122174, 19.178764], [-99.12224, 19.178309], [-99.122804, 19.178268], [-99.12324, 19.179251], [-99.124064, 19.179359], [-99.123491, 19.179949], [-99.122284, 19.179517], [-99.123164, 19.180669], [-99.123381, 19.180445], [-99.123432, 19.18092], [-99.123058, 19.18095]], [[-99.119168, 19.180855], [-99.118501, 19.181005], [-99.118536, 19.181613], [-99.119168, 19.180855]], [[-99.120792, 19.179943], [-99.120666, 19.180067], [-99.120763, 19.180104], [-99.120792, 19.179943]], [[-99.123144, 19.165618], [-99.123015, 19.165357], [-99.122536, 19.165472], [-99.122887, 19.164934], [-99.122725, 19.164455], [-99.122088, 19.164612], [-99.121932, 19.164936], [-99.122315, 19.165401], [-99.122678, 19.165703], [-99.123144, 19.165618]], [[-99.125665, 19.171953], [-99.126296, 19.171784], [-99.126391, 19.171296], [-99.125703, 19.170471], [-99.125048, 19.170883], [-99.125665, 19.171953]], [[-99.126951, 19.170237], [-99.127515, 19.170701], [-99.127839, 19.170296], [-99.12749, 19.169782], [-99.126972, 19.169896], [-99.126951, 19.170237]], [[-99.127978, 19.181724], [-99.128264, 19.182023], [-99.128564, 19.181803], [-99.127978, 19.181724]], [[-99.128216, 19.15643], [-99.128593, 19.155478], [-99.12851, 19.15542], [-99.128094, 19.155684], [-99.128216, 19.15643]], [[-99.130024, 19.175502], [-99.129755, 19.176006], [-99.130075, 19.176274], [-99.13012, 19.176161], [-99.130024, 19.175502]], [[-99.130096, 19.175356], [-99.130099, 19.175466], [-99.130238, 19.175413], [-99.130096, 19.175356]]], [[[-99.126014, 19.155663], [-99.126207, 19.155641], [-99.126442, 19.156023], [-99.12622, 19.156019], [-99.126014, 19.155663]]], [[[-99.126353, 19.153782], [-99.126277, 19.15253], [-99.126894, 19.152795], [-99.12701, 19.153324], [-99.126353, 19.153782]]], [[[-99.128462, 19.150589], [-99.128382, 19.15021], [-99.128001, 19.149641], [-99.129264, 19.147011], [-99.129527, 19.147584], [-99.129895, 19.147323], [-99.130722, 19.147508], [-99.130104, 19.148787], [-99.130999, 19.148626], [-99.130961, 19.148255], [-99.131486, 19.147783], [-99.131977, 19.146717], [-99.131903, 19.146257], [-99.132101, 19.14634], [-99.132285, 19.145826], [-99.132119, 19.145061], [-99.13284, 19.144908], [-99.132999, 19.144224], [-99.133401, 19.144005], [-99.133136, 19.143708], [-99.133464, 19.143465], [-99.133436, 19.14263], [-99.132906, 19.142004], [-99.132182, 19.142062], [-99.132027, 19.141737], [-99.133699, 19.138543], [-99.133917, 19.144139], [-99.133551, 19.14409], [-99.133922, 19.144412], [-99.133937, 19.145217], [-99.133463, 19.145048], [-99.132435, 19.145754], [-99.132889, 19.14585], [-99.132292, 19.146538], [-99.132863, 19.146386], [-99.133019, 19.147314], [-99.132321, 19.147665], [-99.13273, 19.148447], [-99.133134, 19.14863], [-99.132988, 19.150373], [-99.133677, 19.151068], [-99.133318, 19.148702], [-99.133528, 19.148049], [-99.133244, 19.147975], [-99.133209, 19.148324], [-99.132998, 19.147849], [-99.133565, 19.14711], [-99.133877, 19.147193], [-99.134064, 19.151979], [-99.133757, 19.151883], [-99.132868, 19.150386], [-99.132513, 19.150195], [-99.132373, 19.150577], [-99.132142, 19.150524], [-99.132366, 19.150024], [-99.132184, 19.149394], [-99.132773, 19.149346], [-99.132765, 19.148897], [-99.132117, 19.149016], [-99.131916, 19.148726], [-99.132747, 19.148479], [-99.132244, 19.147936], [-99.131818, 19.148212], [-99.131957, 19.148576], [-99.131598, 19.149642], [-99.130873, 19.149946], [-99.130961, 19.150247], [-99.131177, 19.150708], [-99.131828, 19.150478], [-99.132242, 19.150662], [-99.132137, 19.151158], [-99.132804, 19.151361], [-99.132933, 19.151016], [-99.133475, 19.151751], [-99.131771, 19.151438], [-99.131439, 19.15095], [-99.130988, 19.150941], [-99.12999, 19.15171], [-99.130419, 19.152423], [-99.130755, 19.152203], [-99.13132, 19.152649], [-99.128335, 19.152433], [-99.127779, 19.152787], [-99.127989, 19.151759], [-99.127469, 19.15174], [-99.127012, 19.15132], [-99.127751, 19.149906], [-99.12838, 19.150561], [-99.128222, 19.151158], [-99.128612, 19.151086], [-99.128658, 19.151599], [-99.128999, 19.151776], [-99.128836, 19.150815], [-99.129274, 19.151076], [-99.128838, 19.150392], [-99.128705, 19.15073], [-99.128462, 19.150589]], [[-99.128515, 19.14984], [-99.128358, 19.150126], [-99.128405, 19.150147], [-99.128515, 19.14984]], [[-99.128444, 19.149439], [-99.128776, 19.150014], [-99.128979, 19.149745], [-99.129224, 19.150056], [-99.129584, 19.148273], [-99.128746, 19.149424], [-99.128444, 19.149439]]], [[[-99.127037, 19.153305], [-99.127096, 19.15289], [-99.127539, 19.152904], [-99.127353, 19.152297], [-99.127729, 19.152822], [-99.127037, 19.153305]]], [[[-99.12858, 19.177583], [-99.12709, 19.175935], [-99.127365, 19.175914], [-99.12767, 19.17516], [-99.128232, 19.175534], [-99.127703, 19.175476], [-99.127394, 19.175956], [-99.128137, 19.176082], [-99.12858, 19.177583]]], [[[-99.128421, 19.152914], [-99.128407, 19.152835], [-99.128502, 19.152842], [-99.128421, 19.152914]]], [[[-99.131064, 19.186987], [-99.130001, 19.18662], [-99.129704, 19.18584], [-99.12929, 19.186013], [-99.129864, 19.1847], [-99.129441, 19.184483], [-99.130171, 19.18414], [-99.13046, 19.184317], [-99.130508, 19.184881], [-99.13033, 19.18443], [-99.129712, 19.184444], [-99.130258, 19.184738], [-99.130302, 19.185076], [-99.129879, 19.186268], [-99.130225, 19.185883], [-99.130517, 19.186122], [-99.131048, 19.185839], [-99.131538, 19.185982], [-99.131524, 19.186673], [-99.131064, 19.186987]]], [[[-99.129873, 19.178813], [-99.130316, 19.178897], [-99.130252, 19.179414], [-99.130077, 19.179341], [-99.129873, 19.178813]]], [[[-99.134025, 19.181468], [-99.133377, 19.181351], [-99.133168, 19.181033], [-99.133569, 19.179651], [-99.132916, 19.179409], [-99.132428, 19.179778], [-99.132241, 19.181138], [-99.131501, 19.180704], [-99.13122, 19.181318], [-99.131356, 19.180824], [-99.131778, 19.180222], [-99.131954, 19.179427], [-99.132696, 19.178955], [-99.133521, 19.17919], [-99.133879, 19.178942], [-99.134577, 19.179382], [-99.134585, 19.180477], [-99.134025, 19.181468]]], [[[-99.131416, 19.152656], [-99.131389, 19.152523], [-99.131461, 19.152564], [-99.131416, 19.152656]]], [[[-99.13151, 19.180012], [-99.131836, 19.179753], [-99.131674, 19.18014], [-99.13151, 19.180012]]], [[[-99.133963, 19.146589], [-99.132932, 19.146364], [-99.133096, 19.146186], [-99.133286, 19.146417], [-99.133465, 19.146133], [-99.133255, 19.145931], [-99.133757, 19.145877], [-99.13334, 19.14569], [-99.133948, 19.145824], [-99.133963, 19.146589]]], [[[-99.13323, 19.164156], [-99.13299, 19.163838], [-99.133414, 19.163111], [-99.133051, 19.162931], [-99.134029, 19.162475], [-99.134252, 19.162041], [-99.134273, 19.163176], [-99.133761, 19.163464], [-99.133649, 19.164131], [-99.13323, 19.164156]]], [[[-99.133282, 19.152251], [-99.134065, 19.15204], [-99.134076, 19.152613], [-99.133998, 19.152704], [-99.133282, 19.152251]]], [[[-99.133821, 19.174331], [-99.134479, 19.174168], [-99.134498, 19.175154], [-99.133733, 19.174637], [-99.133821, 19.174331]]], [[[-99.134114, 19.154644], [-99.133843, 19.15462], [-99.133731, 19.154479], [-99.134107, 19.15428], [-99.134114, 19.154644]]]]}}, {"type": "Feature", "properties": {"nombre": "San Pedro Atlapulco", "abrev": "CSPA", "tenencia": "Comunidad", "alcaldia": "Cuajimalpa de Morelos", "sup_ha": 48.82, "no": 24}, "geometry": {"type": "Polygon", "coordinates": [[[-99.342312, 19.241121], [-99.342069, 19.247539], [-99.341317, 19.252149], [-99.340174, 19.258026], [-99.339383, 19.2581], [-99.338927, 19.240207], [-99.342312, 19.241121]]]}}, {"type": "Feature", "properties": {"nombre": "San Gregorio Atlapulco", "abrev": "ESGA", "tenencia": "Ejido", "alcaldia": "Xochimilco", "sup_ha": 297.55, "no": 25}, "geometry": {"type": "MultiPolygon", "coordinates": [[[[-99.049736, 19.272602], [-99.049711, 19.272593], [-99.049234, 19.272455], [-99.048867, 19.272385], [-99.048209, 19.272373], [-99.048236, 19.271881], [-99.048048, 19.272365], [-99.046978, 19.272457], [-99.046732, 19.27295], [-99.045906, 19.273027], [-99.046232, 19.271794], [-99.045899, 19.271496], [-99.045322, 19.272883], [-99.044889, 19.272737], [-99.045053, 19.272271], [-99.04478, 19.272694], [-99.043175, 19.271864], [-99.046838, 19.263463], [-99.066343, 19.270732], [-99.068825, 19.271809], [-99.068572, 19.271691], [-99.068451, 19.27123], [-99.069291, 19.269084], [-99.069784, 19.268608], [-99.068678, 19.27162], [-99.069287, 19.271972], [-99.069406, 19.271442], [-99.070009, 19.271644], [-99.070083, 19.272252], [-99.070832, 19.270478], [-99.071384, 19.270881], [-99.07167, 19.270759], [-99.072236, 19.268537], [-99.072906, 19.26867], [-99.073385, 19.268151], [-99.073737, 19.268398], [-99.073715, 19.268803], [-99.074152, 19.268327], [-99.074074, 19.267968], [-99.07441, 19.267879], [-99.075295, 19.268294], [-99.075041, 19.268872], [-99.07524, 19.269268], [-99.075657, 19.268783], [-99.075237, 19.26874], [-99.075809, 19.268448], [-99.075558, 19.268009], [-99.075998, 19.268177], [-99.074134, 19.272959], [-99.076266, 19.273553], [-99.075843, 19.274976], [-99.077296, 19.275687], [-99.075489, 19.279873], [-99.074957, 19.279982], [-99.072194, 19.278926], [-99.072978, 19.278074], [-99.07284, 19.277315], [-99.071912, 19.278301], [-99.071816, 19.279278], [-99.069018, 19.278201], [-99.06955, 19.276396], [-99.068899, 19.278122], [-99.067807, 19.277423], [-99.067371, 19.278472], [-99.066173, 19.278071], [-99.064632, 19.278741], [-99.064098, 19.278406], [-99.062788, 19.278416], [-99.062234, 19.277881], [-99.061197, 19.277871], [-99.060884, 19.277565], [-99.061495, 19.275503], [-99.060765, 19.276759], [-99.060229, 19.276176], [-99.060132, 19.27639], [-99.05866, 19.275535], [-99.058253, 19.276188], [-99.057879, 19.275934], [-99.057949, 19.275424], [-99.057766, 19.275823], [-99.05745, 19.275445], [-99.056946, 19.275941], [-99.054588, 19.273895], [-99.049736, 19.272602]], [[-99.049736, 19.272602], [-99.049738, 19.272601], [-99.049737, 19.272601], [-99.049736, 19.272602]], [[-99.046592, 19.264673], [-99.047039, 19.263606], [-99.046887, 19.263624], [-99.046592, 19.264673]], [[-99.056934, 19.275417], [-99.056846, 19.275263], [-99.056806, 19.275387], [-99.056934, 19.275417]], [[-99.060368, 19.268604], [-99.060313, 19.26855], [-99.060313, 19.268605], [-99.060368, 19.268604]], [[-99.065269, 19.275253], [-99.06516, 19.275318], [-99.065231, 19.275327], [-99.065269, 19.275253]], [[-99.065307, 19.27501], [-99.065223, 19.275098], [-99.065313, 19.275087], [-99.065307, 19.27501]], [[-99.066627, 19.272041], [-99.067226, 19.271345], [-99.067045, 19.271255], [-99.066627, 19.272041]], [[-99.067781, 19.271589], [-99.06697, 19.274165], [-99.067142, 19.27421], [-99.067962, 19.27168], [-99.067781, 19.271589]], [[-99.068368, 19.272031], [-99.067151, 19.274485], [-99.067289, 19.274548], [-99.068368, 19.272031]], [[-99.069562, 19.272072], [-99.069845, 19.271776], [-99.069706, 19.271722], [-99.069562, 19.272072]], [[-99.072238, 19.270361], [-99.072264, 19.269928], [-99.072103, 19.270307], [-99.072238, 19.270361]], [[-99.072674, 19.268787], [-99.072419, 19.269973], [-99.072825, 19.268844], [-99.072674, 19.268787]], [[-99.073961, 19.272904], [-99.073978, 19.27322], [-99.074107, 19.272834], [-99.073961, 19.272904]], [[-99.075207, 19.269905], [-99.074861, 19.269763], [-99.074316, 19.271282], [-99.074507, 19.271668], [-99.075207, 19.269905]], [[-99.074612, 19.273276], [-99.074479, 19.274126], [-99.074726, 19.273312], [-99.074612, 19.273276]]], [[[-99.049557, 19.272551], [-99.049557, 19.272551], [-99.049557, 19.272551], [-99.049557, 19.272551]]], [[[-99.049557, 19.272549], [-99.049557, 19.272549], [-99.049557, 19.272549], [-99.049557, 19.272549]]], [[[-99.049557, 19.272549], [-99.049558, 19.272551], [-99.049557, 19.272551], [-99.049557, 19.272549]]], [[[-99.068909, 19.271361], [-99.06911, 19.271259], [-99.068957, 19.271514], [-99.068909, 19.271361]]], [[[-99.069183, 19.271146], [-99.069182, 19.270565], [-99.069357, 19.270824], [-99.069183, 19.271146]]]]}}, {"type": "Feature", "properties": {"nombre": "Tetelco", "abrev": "ETe", "tenencia": "Ejido", "alcaldia": "Tláhuac", "sup_ha": 173.26, "no": 26}, "geometry": {"type": "MultiPolygon", "coordinates": [[[[-98.954531, 19.17315], [-98.954938, 19.173234], [-98.954943, 19.174013], [-98.954881, 19.173667], [-98.954531, 19.17315]]], [[[-98.954531, 19.17315], [-98.952526, 19.168801], [-98.956943, 19.167526], [-98.957608, 19.169857], [-98.956942, 19.17071], [-98.955717, 19.171497], [-98.955504, 19.172224], [-98.95468, 19.172498], [-98.954531, 19.17315]]], [[[-98.955371, 19.174585], [-98.955089, 19.174321], [-98.955745, 19.174833], [-98.955371, 19.174585]]], [[[-98.955262, 19.173769], [-98.955286, 19.173424], [-98.955596, 19.173679], [-98.956133, 19.173594], [-98.955809, 19.17409], [-98.955262, 19.173769]]], [[[-98.955603, 19.175476], [-98.955488, 19.175209], [-98.955833, 19.17525], [-98.955277, 19.174714], [-98.955854, 19.17508], [-98.955869, 19.175399], [-98.955603, 19.175476]]], [[[-98.969028, 19.189391], [-98.969036, 19.189105], [-98.968923, 19.18899], [-98.96793, 19.188678], [-98.967632, 19.188506], [-98.967228, 19.188459], [-98.966948, 19.188265], [-98.967137, 19.18763], [-98.966627, 19.187408], [-98.965037, 19.183815], [-98.964359, 19.181619], [-98.964145, 19.182027], [-98.962831, 19.180109], [-98.962393, 19.17992], [-98.962431, 19.179679], [-98.963028, 19.179736], [-98.962742, 19.17938], [-98.963041, 19.179025], [-98.963277, 19.179787], [-98.963854, 19.179947], [-98.963603, 19.179194], [-98.963876, 19.179262], [-98.964064, 19.178572], [-98.963466, 19.178707], [-98.963215, 19.178439], [-98.963382, 19.178707], [-98.963119, 19.179112], [-98.962506, 19.178222], [-98.962477, 19.178661], [-98.961792, 19.179108], [-98.961789, 19.179661], [-98.960724, 19.179204], [-98.960423, 19.178524], [-98.960929, 19.178244], [-98.960284, 19.17699], [-98.959707, 19.17736], [-98.960115, 19.177701], [-98.959299, 19.177476], [-98.959193, 19.178028], [-98.95874, 19.178021], [-98.958723, 19.178344], [-98.956856, 19.177312], [-98.957075, 19.176596], [-98.956466, 19.176521], [-98.956319, 19.17583], [-98.95567, 19.175634], [-98.955926, 19.175349], [-98.955779, 19.174661], [-98.956148, 19.174447], [-98.956547, 19.174851], [-98.956142, 19.174274], [-98.957245, 19.174624], [-98.957244, 19.174144], [-98.95763, 19.174145], [-98.957582, 19.174547], [-98.958155, 19.174768], [-98.958659, 19.17426], [-98.957932, 19.173968], [-98.958682, 19.173447], [-98.958087, 19.172908], [-98.958485, 19.172303], [-98.95937, 19.173361], [-98.958776, 19.173211], [-98.958514, 19.174053], [-98.958977, 19.174292], [-98.958443, 19.174502], [-98.958492, 19.175329], [-98.958654, 19.175462], [-98.958781, 19.175088], [-98.959455, 19.175245], [-98.959165, 19.174747], [-98.958741, 19.174844], [-98.958725, 19.174627], [-98.959528, 19.174086], [-98.960196, 19.175015], [-98.960398, 19.174661], [-98.961258, 19.174817], [-98.960468, 19.174929], [-98.959949, 19.175317], [-98.962525, 19.174512], [-98.961946, 19.174897], [-98.962458, 19.175517], [-98.962091, 19.175753], [-98.962147, 19.176595], [-98.963314, 19.177649], [-98.963184, 19.175882], [-98.963742, 19.175968], [-98.963331, 19.17483], [-98.964309, 19.175788], [-98.963926, 19.176966], [-98.964134, 19.176923], [-98.964102, 19.177258], [-98.964535, 19.17611], [-98.96385, 19.174649], [-98.964146, 19.174567], [-98.964608, 19.175019], [-98.964884, 19.174477], [-98.964404, 19.17435], [-98.964155, 19.173817], [-98.96539, 19.173968], [-98.965552, 19.174731], [-98.9649, 19.17484], [-98.964653, 19.175478], [-98.96559, 19.174907], [-98.966463, 19.175506], [-98.966249, 19.175803], [-98.966534, 19.175839], [-98.96654, 19.175541], [-98.966809, 19.175832], [-98.966886, 19.176061], [-98.966848, 19.176076], [-98.966787, 19.175874], [-98.966201, 19.175953], [-98.965579, 19.175105], [-98.965479, 19.175886], [-98.965755, 19.176184], [-98.966253, 19.175972], [-98.966203, 19.176773], [-98.96675, 19.176743], [-98.966642, 19.176496], [-98.966907, 19.17642], [-98.967572, 19.17783], [-98.967527, 19.178255], [-98.9673, 19.177763], [-98.967091, 19.17788], [-98.967072, 19.178187], [-98.967565, 19.178519], [-98.967165, 19.178713], [-98.967142, 19.179086], [-98.966719, 19.179373], [-98.966976, 19.179961], [-98.966421, 19.180019], [-98.966082, 19.180555], [-98.966379, 19.180819], [-98.965882, 19.181051], [-98.966361, 19.181197], [-98.966863, 19.180637], [-98.966821, 19.181162], [-98.966496, 19.181265], [-98.966561, 19.181486], [-98.966922, 19.181331], [-98.966401, 19.181905], [-98.966528, 19.182532], [-98.966168, 19.182379], [-98.966496, 19.181526], [-98.966139, 19.181236], [-98.965932, 19.181647], [-98.965962, 19.181316], [-98.96558, 19.181154], [-98.96495, 19.181386], [-98.964744, 19.181858], [-98.965082, 19.182403], [-98.965981, 19.182764], [-98.96564, 19.182859], [-98.966107, 19.183307], [-98.967533, 19.182723], [-98.967949, 19.183324], [-98.967375, 19.183989], [-98.967792, 19.184491], [-98.967592, 19.183995], [-98.968068, 19.183967], [-98.968044, 19.18351], [-98.968193, 19.183758], [-98.967785, 19.185141], [-98.968449, 19.185034], [-98.968568, 19.185391], [-98.969519, 19.185729], [-98.969994, 19.186561], [-98.969447, 19.187781], [-98.968876, 19.18784], [-98.969058, 19.188112], [-98.969401, 19.188012], [-98.969275, 19.188302], [-98.968797, 19.18819], [-98.968609, 19.188441], [-98.968808, 19.187702], [-98.968423, 19.187207], [-98.967618, 19.187485], [-98.967954, 19.188645], [-98.968457, 19.188756], [-98.968672, 19.188498], [-98.968595, 19.188686], [-98.969692, 19.189345], [-98.969748, 19.188726], [-98.970218, 19.189043], [-98.970427, 19.189377], [-98.970125, 19.18965], [-98.970548, 19.189725], [-98.969973, 19.18993], [-98.969267, 19.189195], [-98.969028, 19.189391]], [[-98.959958, 19.175257], [-98.959826, 19.175211], [-98.959817, 19.175212], [-98.959958, 19.175257]], [[-98.959949, 19.175317], [-98.959694, 19.175281], [-98.959889, 19.175311], [-98.959949, 19.175317]], [[-98.958503, 19.176567], [-98.958795, 19.176911], [-98.959421, 19.177298], [-98.959568, 19.177058], [-98.959259, 19.176807], [-98.958503, 19.176567]], [[-98.959015, 19.176516], [-98.959082, 19.176014], [-98.959817, 19.176222], [-98.960208, 19.17603], [-98.960094, 19.175696], [-98.959591, 19.175438], [-98.958996, 19.175548], [-98.958582, 19.17642], [-98.959015, 19.176516]], [[-98.959632, 19.174475], [-98.959638, 19.174432], [-98.959611, 19.174522], [-98.959632, 19.174475]], [[-98.959884, 19.174798], [-98.959884, 19.174751], [-98.959879, 19.174864], [-98.959884, 19.174798]], [[-98.960862, 19.177827], [-98.961165, 19.177372], [-98.961388, 19.177658], [-98.961845, 19.177563], [-98.961074, 19.176915], [-98.961055, 19.176292], [-98.960591, 19.176486], [-98.960862, 19.177827]], [[-98.961603, 19.175398], [-98.961395, 19.175785], [-98.961508, 19.176118], [-98.961853, 19.175684], [-98.961603, 19.175398]], [[-98.961955, 19.177115], [-98.962259, 19.177467], [-98.962402, 19.177353], [-98.961955, 19.177115]], [[-98.962753, 19.177844], [-98.962686, 19.178131], [-98.962767, 19.178119], [-98.962753, 19.177844]], [[-98.962592, 19.177843], [-98.962497, 19.177467], [-98.962369, 19.177505], [-98.962326, 19.177834], [-98.962592, 19.177843]], [[-98.962847, 19.178182], [-98.962872, 19.178085], [-98.962781, 19.178101], [-98.962847, 19.178182]], [[-98.963963, 19.176593], [-98.963753, 19.176225], [-98.963577, 19.176217], [-98.963729, 19.176618], [-98.963963, 19.176593]], [[-98.963963, 19.176025], [-98.963896, 19.176402], [-98.964025, 19.176411], [-98.963963, 19.176025]], [[-98.964627, 19.180647], [-98.965092, 19.180198], [-98.965537, 19.17887], [-98.966032, 19.179262], [-98.966183, 19.177896], [-98.966425, 19.178656], [-98.966885, 19.178051], [-98.966385, 19.177292], [-98.966189, 19.17786], [-98.966329, 19.177098], [-98.965919, 19.176542], [-98.966014, 19.176268], [-98.965552, 19.176123], [-98.964865, 19.177572], [-98.965669, 19.17837], [-98.964648, 19.178674], [-98.964674, 19.179958], [-98.964306, 19.180191], [-98.964627, 19.180647]], [[-98.964591, 19.178343], [-98.964605, 19.178024], [-98.964479, 19.177967], [-98.964311, 19.17832], [-98.964591, 19.178343]], [[-98.964591, 19.176792], [-98.964621, 19.176321], [-98.964415, 19.176963], [-98.964591, 19.176792]], [[-98.964817, 19.176531], [-98.96452, 19.176981], [-98.964545, 19.17711], [-98.964716, 19.176971], [-98.964817, 19.176531]], [[-98.965129, 19.181162], [-98.965272, 19.180801], [-98.964887, 19.180726], [-98.964819, 19.180994], [-98.965129, 19.181162]], [[-98.965543, 19.184437], [-98.965345, 19.183744], [-98.965211, 19.183576], [-98.965543, 19.184437]], [[-98.966097, 19.184636], [-98.966289, 19.184166], [-98.966135, 19.183678], [-98.965604, 19.184531], [-98.966097, 19.184636]], [[-98.966282, 19.185723], [-98.965982, 19.184806], [-98.965708, 19.184788], [-98.965997, 19.185791], [-98.966282, 19.185723]], [[-98.966368, 19.179252], [-98.966186, 19.179538], [-98.966304, 19.179655], [-98.966511, 19.179466], [-98.966368, 19.179252]], [[-98.966344, 19.176923], [-98.966793, 19.177201], [-98.966841, 19.177129], [-98.966344, 19.176923]], [[-98.966511, 19.184611], [-98.966774, 19.185223], [-98.967043, 19.185139], [-98.966958, 19.184744], [-98.966511, 19.184611]], [[-98.966699, 19.186015], [-98.966737, 19.186263], [-98.966851, 19.186035], [-98.966699, 19.186015]], [[-98.966699, 19.186015], [-98.967175, 19.185631], [-98.966985, 19.185355], [-98.966557, 19.185519], [-98.966548, 19.185847], [-98.966798, 19.18579], [-98.966699, 19.186015]], [[-98.966734, 19.185859], [-98.966586, 19.186095], [-98.966614, 19.186114], [-98.966734, 19.185859]], [[-98.966793, 19.184066], [-98.967191, 19.184098], [-98.967189, 19.18382], [-98.966793, 19.184066]], [[-98.966889, 19.177556], [-98.967304, 19.177604], [-98.967283, 19.177334], [-98.966889, 19.177556]], [[-98.966938, 19.183289], [-98.967158, 19.183199], [-98.966906, 19.183175], [-98.966938, 19.183289]], [[-98.967338, 19.184157], [-98.966944, 19.184234], [-98.967062, 19.184366], [-98.967338, 19.184157]], [[-98.967298, 19.184915], [-98.967183, 19.185717], [-98.967491, 19.186011], [-98.96771, 19.185605], [-98.967461, 19.18536], [-98.967692, 19.185234], [-98.967298, 19.184915]], [[-98.967203, 19.187297], [-98.967514, 19.187069], [-98.967431, 19.186794], [-98.967203, 19.187297]], [[-98.967807, 19.184665], [-98.96761, 19.184767], [-98.967697, 19.184909], [-98.967807, 19.184665]], [[-98.967845, 19.185711], [-98.96766, 19.185971], [-98.967716, 19.186019], [-98.967845, 19.185711]], [[-98.968506, 19.185744], [-98.967924, 19.186055], [-98.967906, 19.186562], [-98.968156, 19.185983], [-98.968506, 19.185744]], [[-98.968421, 19.187117], [-98.968211, 19.187162], [-98.968449, 19.187162], [-98.968421, 19.187117]], [[-98.969791, 19.189123], [-98.970266, 19.189317], [-98.96986, 19.188961], [-98.969791, 19.189123]]], [[[-98.968998, 19.189474], [-98.96919, 19.189773], [-98.96901, 19.189978], [-98.968998, 19.189474]]], [[[-98.964109, 19.173915], [-98.964143, 19.174409], [-98.96315, 19.174494], [-98.963192, 19.174389], [-98.964109, 19.173915]]], [[[-98.962234, 19.166127], [-98.963552, 19.165771], [-98.964289, 19.167888], [-98.96409, 19.168224], [-98.964739, 19.169028], [-98.964601, 19.169831], [-98.965047, 19.169804], [-98.965144, 19.170135], [-98.965036, 19.170312], [-98.964565, 19.169934], [-98.964069, 19.170037], [-98.963618, 19.170893], [-98.962984, 19.169946], [-98.962664, 19.169966], [-98.962639, 19.170905], [-98.963072, 19.170669], [-98.963541, 19.171034], [-98.963423, 19.171724], [-98.964496, 19.171832], [-98.964715, 19.171832], [-98.964646, 19.171356], [-98.965099, 19.171014], [-98.965621, 19.171107], [-98.9661, 19.172379], [-98.965392, 19.172525], [-98.966358, 19.172982], [-98.965618, 19.173578], [-98.967124, 19.174896], [-98.967286, 19.175325], [-98.966911, 19.175259], [-98.966882, 19.175688], [-98.965834, 19.175031], [-98.965657, 19.17452], [-98.9667, 19.174975], [-98.966465, 19.174504], [-98.965469, 19.173919], [-98.964616, 19.173773], [-98.964346, 19.173035], [-98.964587, 19.173023], [-98.964753, 19.172377], [-98.964526, 19.172026], [-98.964209, 19.171832], [-98.96387, 19.172026], [-98.964157, 19.172479], [-98.963577, 19.171883], [-98.962078, 19.171557], [-98.962124, 19.171338], [-98.961086, 19.170932], [-98.961007, 19.171396], [-98.960449, 19.170021], [-98.960265, 19.169926], [-98.960581, 19.170792], [-98.960125, 19.170244], [-98.958833, 19.169576], [-98.959288, 19.169578], [-98.959612, 19.169953], [-98.959767, 19.169525], [-98.958222, 19.167152], [-98.959591, 19.166808], [-98.95946, 19.167354], [-98.960142, 19.167616], [-98.960956, 19.166914], [-98.96096, 19.166407], [-98.961443, 19.166388], [-98.961398, 19.167121], [-98.961744, 19.167182], [-98.962234, 19.166127]], [[-98.962918, 19.165958], [-98.962263, 19.167005], [-98.962471, 19.16729], [-98.963251, 19.16713], [-98.962918, 19.166868], [-98.962918, 19.165958]], [[-98.96008, 19.169456], [-98.959997, 19.168932], [-98.960252, 19.169428], [-98.960318, 19.169075], [-98.960006, 19.168819], [-98.959892, 19.168033], [-98.959958, 19.168762], [-98.959592, 19.168748], [-98.96008, 19.169456]], [[-98.960859, 19.170051], [-98.961198, 19.169675], [-98.960919, 19.169352], [-98.960794, 19.169509], [-98.960859, 19.170051]], [[-98.962159, 19.170841], [-98.962187, 19.170913], [-98.962179, 19.170887], [-98.962159, 19.170841]], [[-98.962159, 19.170841], [-98.962375, 19.169945], [-98.962172, 19.16902], [-98.96117, 19.168834], [-98.961013, 19.169257], [-98.961937, 19.170021], [-98.961677, 19.170741], [-98.962159, 19.170841]], [[-98.961349, 19.170428], [-98.961447, 19.16994], [-98.961236, 19.170012], [-98.961349, 19.170428]], [[-98.961563, 19.170658], [-98.961546, 19.170648], [-98.961583, 19.170673], [-98.961563, 19.170658]], [[-98.962867, 19.169116], [-98.962633, 19.168872], [-98.962791, 19.16936], [-98.962867, 19.169116]], [[-98.962912, 19.168314], [-98.963138, 19.169063], [-98.963388, 19.168825], [-98.96331, 19.168088], [-98.962912, 19.168314]], [[-98.963198, 19.16993], [-98.963634, 19.170311], [-98.963991, 19.169936], [-98.963721, 19.169715], [-98.963198, 19.16993]], [[-98.964684, 19.17331], [-98.965172, 19.173501], [-98.965131, 19.172751], [-98.964684, 19.17331]], [[-98.965246, 19.171749], [-98.964743, 19.171406], [-98.964821, 19.171652], [-98.965246, 19.171749]], [[-98.965392, 19.173346], [-98.96563, 19.173108], [-98.965422, 19.172882], [-98.965392, 19.173346]]], [[[-98.96002, 19.170292], [-98.958807, 19.170148], [-98.958835, 19.169587], [-98.96002, 19.170292]]], [[[-98.962204, 19.17453], [-98.961407, 19.174774], [-98.961745, 19.17463], [-98.961079, 19.174273], [-98.961258, 19.173678], [-98.96102, 19.173637], [-98.96094, 19.17351], [-98.960768, 19.172823], [-98.95993, 19.172365], [-98.960363, 19.172283], [-98.960338, 19.171944], [-98.959347, 19.171103], [-98.959913, 19.171378], [-98.960693, 19.171256], [-98.961499, 19.171832], [-98.962329, 19.17172], [-98.961583, 19.172387], [-98.962282, 19.17247], [-98.962282, 19.171938], [-98.962591, 19.171701], [-98.964035, 19.172479], [-98.964507, 19.173722], [-98.964035, 19.17374], [-98.963244, 19.174256], [-98.963409, 19.173563], [-98.963175, 19.173363], [-98.962783, 19.173384], [-98.962548, 19.173741], [-98.962165, 19.173389], [-98.96215, 19.174096], [-98.961365, 19.174033], [-98.962204, 19.17453]], [[-98.96102, 19.173637], [-98.961447, 19.173498], [-98.961394, 19.173125], [-98.961071, 19.173245], [-98.96102, 19.173637]], [[-98.962533, 19.1732], [-98.962615, 19.172973], [-98.962118, 19.172847], [-98.9623, 19.173062], [-98.962533, 19.1732]]], [[[-98.962204, 19.17453], [-98.962316, 19.173789], [-98.962278, 19.173664], [-98.962638, 19.173962], [-98.962204, 19.17453]]], [[[-98.961311, 19.169072], [-98.961317, 19.169045], [-98.961316, 19.16907], [-98.961311, 19.169072]]], [[[-98.961311, 19.174805], [-98.961312, 19.174799], [-98.961322, 19.174801], [-98.961311, 19.174805]]], [[[-98.9628, 19.175571], [-98.962698, 19.174548], [-98.962652, 19.17445], [-98.963006, 19.174705], [-98.963154, 19.175557], [-98.9628, 19.175571]]], [[[-98.963064, 19.175767], [-98.963293, 19.175658], [-98.963305, 19.175724], [-98.963064, 19.175767]]], [[[-98.963157, 19.175891], [-98.963149, 19.17588], [-98.963159, 19.175885], [-98.963157, 19.175891]]], [[[-98.963247, 19.175525], [-98.963279, 19.175579], [-98.963239, 19.175593], [-98.963247, 19.175525]]], [[[-98.96339, 19.17576], [-98.963397, 19.175695], [-98.963448, 19.175741], [-98.96339, 19.17576]]], [[[-98.964353, 19.176206], [-98.964269, 19.176742], [-98.964134, 19.176917], [-98.964248, 19.176696], [-98.964353, 19.176206]]], [[[-98.964336, 19.175783], [-98.96434, 19.175783], [-98.964337, 19.175786], [-98.964336, 19.175783]]], [[[-98.964562, 19.180283], [-98.964633, 19.180292], [-98.964543, 19.180326], [-98.964562, 19.180283]]], [[[-98.964768, 19.180001], [-98.964768, 19.179995], [-98.964824, 19.180011], [-98.964768, 19.180001]]], [[[-98.964824, 19.180125], [-98.964825, 19.180119], [-98.964825, 19.180126], [-98.964824, 19.180125]]], [[[-98.966347, 19.183021], [-98.966058, 19.182945], [-98.96603, 19.182898], [-98.966222, 19.182934], [-98.966347, 19.183021]]], [[[-98.96654, 19.176383], [-98.966631, 19.176297], [-98.966648, 19.176394], [-98.96654, 19.176383]]], [[[-98.969837, 19.186187], [-98.970056, 19.18579], [-98.96971, 19.185865], [-98.969618, 19.185728], [-98.968554, 19.185168], [-98.968677, 19.184841], [-98.969833, 19.184992], [-98.969534, 19.184656], [-98.968705, 19.184752], [-98.968637, 19.183963], [-98.967944, 19.183081], [-98.968548, 19.182565], [-98.968401, 19.182241], [-98.968079, 19.182019], [-98.967959, 19.182182], [-98.96743, 19.182091], [-98.967447, 19.182224], [-98.966781, 19.181846], [-98.967038, 19.181236], [-98.96694, 19.180536], [-98.967102, 19.18014], [-98.966812, 19.179335], [-98.96728, 19.179034], [-98.967258, 19.178783], [-98.967577, 19.178655], [-98.967727, 19.178906], [-98.968178, 19.17861], [-98.968421, 19.179331], [-98.968669, 19.17914], [-98.96857, 19.179772], [-98.96888, 19.179676], [-98.968488, 19.180004], [-98.968637, 19.180388], [-98.968533, 19.180526], [-98.968527, 19.180167], [-98.967413, 19.181215], [-98.967602, 19.181592], [-98.968145, 19.181761], [-98.967974, 19.181583], [-98.96825, 19.181217], [-98.968968, 19.182341], [-98.969118, 19.181355], [-98.969566, 19.181766], [-98.969947, 19.182923], [-98.969378, 19.183114], [-98.96968, 19.183232], [-98.969461, 19.183809], [-98.969921, 19.184373], [-98.969964, 19.183723], [-98.970574, 19.185325], [-98.970233, 19.185091], [-98.970322, 19.185354], [-98.969654, 19.185557], [-98.969779, 19.185781], [-98.970102, 19.185762], [-98.970094, 19.185457], [-98.970551, 19.18575], [-98.969837, 19.186187]], [[-98.967617, 19.180712], [-98.968481, 19.179937], [-98.968331, 19.179666], [-98.967992, 19.179988], [-98.968163, 19.179484], [-98.967846, 19.17953], [-98.967778, 19.179116], [-98.967735, 19.179563], [-98.967092, 19.17962], [-98.967378, 19.17983], [-98.967092, 19.180191], [-98.967447, 19.180034], [-98.967617, 19.180712]], [[-98.967424, 19.182025], [-98.967442, 19.181579], [-98.967214, 19.181686], [-98.967424, 19.182025]], [[-98.968149, 19.181822], [-98.967796, 19.18174], [-98.967635, 19.181975], [-98.967942, 19.182122], [-98.968149, 19.181822]], [[-98.968511, 19.182656], [-98.9692, 19.183208], [-98.969381, 19.182756], [-98.969003, 19.18293], [-98.969163, 19.182544], [-98.968836, 19.182799], [-98.968511, 19.182656]], [[-98.968909, 19.183995], [-98.969223, 19.183503], [-98.968813, 19.183646], [-98.968909, 19.183995]], [[-98.969352, 19.183885], [-98.969163, 19.184181], [-98.969459, 19.184217], [-98.969384, 19.18411], [-98.969352, 19.183885]], [[-98.969932, 19.185203], [-98.969913, 19.185047], [-98.969856, 19.185051], [-98.969932, 19.185203]]], [[[-98.96685, 19.185604], [-98.967042, 19.185555], [-98.966798, 19.185645], [-98.96685, 19.185604]]], [[[-98.966997, 19.176222], [-98.96704, 19.176136], [-98.966997, 19.176227], [-98.966997, 19.176222]]], [[[-98.967038, 19.17611], [-98.966957, 19.175928], [-98.967034, 19.176047], [-98.967038, 19.17611]]], [[[-98.966957, 19.175928], [-98.966906, 19.175741], [-98.967008, 19.175801], [-98.966957, 19.175928]]], [[[-98.96823, 19.177816], [-98.967663, 19.177838], [-98.967002, 19.176265], [-98.967343, 19.176856], [-98.967609, 19.176109], [-98.968241, 19.177818], [-98.967957, 19.177518], [-98.96823, 19.177816]], [[-98.967463, 19.176977], [-98.96763, 19.176436], [-98.967461, 19.176976], [-98.967884, 19.177438], [-98.967463, 19.176977]]], [[[-98.968753, 19.190812], [-98.967952, 19.190937], [-98.967754, 19.189706], [-98.9683, 19.189566], [-98.96795, 19.189242], [-98.967618, 19.189288], [-98.967872, 19.189588], [-98.967509, 19.189451], [-98.967017, 19.188382], [-98.967266, 19.188509], [-98.96762, 19.188541], [-98.967885, 19.188707], [-98.968368, 19.188846], [-98.968268, 19.189366], [-98.968987, 19.189123], [-98.968953, 19.189939], [-98.968106, 19.190135], [-98.968757, 19.190331], [-98.968562, 19.190531], [-98.968908, 19.190752], [-98.968598, 19.191042], [-98.968753, 19.190812]], [[-98.967731, 19.189167], [-98.967474, 19.18861], [-98.967417, 19.188614], [-98.967731, 19.189167]]], [[[-98.973368, 19.207187], [-98.973939, 19.207153], [-98.974056, 19.206955], [-98.973838, 19.20702], [-98.973617, 19.206597], [-98.97354, 19.206677], [-98.973114, 19.206705], [-98.972597, 19.205546], [-98.973074, 19.205798], [-98.972304, 19.204984], [-98.972069, 19.205644], [-98.971773, 19.20542], [-98.971108, 19.206438], [-98.970995, 19.206314], [-98.971174, 19.206027], [-98.970565, 19.205508], [-98.970931, 19.205353], [-98.97104, 19.205195], [-98.970867, 19.205088], [-98.970901, 19.205039], [-98.971269, 19.205166], [-98.970647, 19.204795], [-98.971341, 19.204565], [-98.970643, 19.204547], [-98.970586, 19.20432], [-98.970677, 19.203996], [-98.971046, 19.204293], [-98.971326, 19.204287], [-98.970794, 19.203866], [-98.971265, 19.203054], [-98.971185, 19.202604], [-98.970763, 19.202585], [-98.970496, 19.203013], [-98.969224, 19.202959], [-98.968463, 19.202167], [-98.968949, 19.201858], [-98.968402, 19.202133], [-98.967678, 19.201813], [-98.967939, 19.201733], [-98.967713, 19.20137], [-98.967636, 19.201666], [-98.967361, 19.200585], [-98.967533, 19.199237], [-98.967334, 19.19946], [-98.967403, 19.198632], [-98.967336, 19.198562], [-98.967412, 19.197474], [-98.96751, 19.196349], [-98.967635, 19.196558], [-98.968032, 19.196057], [-98.96761, 19.196125], [-98.967904, 19.195898], [-98.967577, 19.195586], [-98.967655, 19.194612], [-98.968323, 19.194089], [-98.96774, 19.193493], [-98.967803, 19.192666], [-98.9682, 19.192841], [-98.968314, 19.192264], [-98.967869, 19.191983], [-98.968225, 19.192061], [-98.967896, 19.19145], [-98.968136, 19.191126], [-98.96794, 19.191017], [-98.968329, 19.191044], [-98.968018, 19.191604], [-98.968521, 19.192108], [-98.968678, 19.19174], [-98.968079, 19.19159], [-98.968439, 19.191076], [-98.968681, 19.191068], [-98.968938, 19.19078], [-98.968919, 19.191523], [-98.969017, 19.190797], [-98.969716, 19.190689], [-98.969399, 19.190998], [-98.969578, 19.191105], [-98.969789, 19.191704], [-98.969182, 19.191779], [-98.968645, 19.192842], [-98.969463, 19.193503], [-98.969244, 19.193652], [-98.968333, 19.19307], [-98.96823, 19.193388], [-98.969349, 19.194098], [-98.969259, 19.193885], [-98.969548, 19.193725], [-98.969442, 19.194066], [-98.969832, 19.193669], [-98.969557, 19.193368], [-98.969904, 19.193393], [-98.969894, 19.193805], [-98.970073, 19.193981], [-98.970262, 19.193759], [-98.970238, 19.194078], [-98.96992, 19.193899], [-98.969595, 19.194151], [-98.970195, 19.194538], [-98.970256, 19.19541], [-98.969659, 19.195386], [-98.969491, 19.195495], [-98.969905, 19.195713], [-98.96931, 19.196073], [-98.969707, 19.196127], [-98.969697, 19.196355], [-98.968701, 19.196119], [-98.969092, 19.196027], [-98.969431, 19.19543], [-98.968018, 19.195696], [-98.96832, 19.196117], [-98.967915, 19.19634], [-98.968145, 19.196459], [-98.967634, 19.197169], [-98.967383, 19.198253], [-98.968021, 19.198866], [-98.968008, 19.198757], [-98.968391, 19.198676], [-98.96858, 19.198031], [-98.968814, 19.198086], [-98.968696, 19.198595], [-98.969351, 19.198561], [-98.969386, 19.198929], [-98.968713, 19.198882], [-98.968652, 19.199429], [-98.969359, 19.199065], [-98.969651, 19.199725], [-98.970287, 19.1996], [-98.97042, 19.199002], [-98.970629, 19.199029], [-98.969988, 19.198585], [-98.969435, 19.198724], [-98.970133, 19.198461], [-98.96986, 19.198092], [-98.969174, 19.19816], [-98.969176, 19.197912], [-98.969576, 19.197915], [-98.969708, 19.19733], [-98.969035, 19.196613], [-98.970193, 19.196938], [-98.969454, 19.19696], [-98.97017, 19.197294], [-98.970163, 19.198545], [-98.970702, 19.198509], [-98.970208, 19.198027], [-98.970862, 19.197861], [-98.971129, 19.19827], [-98.971465, 19.198546], [-98.971038, 19.199231], [-98.97059, 19.199189], [-98.970931, 19.19979], [-98.970509, 19.199701], [-98.970267, 19.19996], [-98.970195, 19.199991], [-98.969916, 19.199875], [-98.969844, 19.200108], [-98.970458, 19.200606], [-98.971087, 19.200178], [-98.971132, 19.200637], [-98.970413, 19.200851], [-98.970081, 19.200698], [-98.969316, 19.200478], [-98.96977, 19.200173], [-98.969723, 19.19978], [-98.969315, 19.199889], [-98.969266, 19.200487], [-98.970484, 19.200975], [-98.970162, 19.201119], [-98.969669, 19.200841], [-98.969477, 19.201233], [-98.96987, 19.201439], [-98.969402, 19.201563], [-98.969466, 19.201944], [-98.970236, 19.202048], [-98.970746, 19.201501], [-98.97064, 19.201176], [-98.970585, 19.201439], [-98.970241, 19.201329], [-98.970519, 19.201004], [-98.971184, 19.201086], [-98.971531, 19.201306], [-98.971675, 19.201751], [-98.972757, 19.202907], [-98.972165, 19.204161], [-98.9724, 19.204499], [-98.972153, 19.204304], [-98.972177, 19.203965], [-98.972026, 19.204145], [-98.972001, 19.203795], [-98.971961, 19.204594], [-98.972442, 19.204645], [-98.972602, 19.204238], [-98.972636, 19.205138], [-98.97334, 19.205373], [-98.973955, 19.20586], [-98.974519, 19.205712], [-98.97478, 19.20542], [-98.974943, 19.20638], [-98.97465, 19.206024], [-98.974274, 19.206112], [-98.97463, 19.206449], [-98.974104, 19.207215], [-98.974534, 19.207289], [-98.974501, 19.206777], [-98.974802, 19.206734], [-98.97462, 19.208151], [-98.973492, 19.207814], [-98.973651, 19.20754], [-98.973183, 19.207139], [-98.973322, 19.206941], [-98.973368, 19.207187]], [[-98.971675, 19.201751], [-98.971496, 19.201364], [-98.970818, 19.201138], [-98.97114, 19.201817], [-98.97111, 19.201501], [-98.971675, 19.201751]], [[-98.967756, 19.201224], [-98.96761, 19.201027], [-98.96763, 19.201238], [-98.967756, 19.201224]], [[-98.968651, 19.200889], [-98.968604, 19.200546], [-98.967619, 19.200049], [-98.968007, 19.200755], [-98.968651, 19.200889]], [[-98.967847, 19.199541], [-98.96776, 19.199374], [-98.96781, 19.199641], [-98.967847, 19.199541]], [[-98.968074, 19.199657], [-98.967997, 19.199437], [-98.967904, 19.199561], [-98.968074, 19.199657]], [[-98.968332, 19.201567], [-98.96851, 19.201061], [-98.967969, 19.201198], [-98.968034, 19.201555], [-98.968332, 19.201567]], [[-98.968116, 19.199429], [-98.968605, 19.1994], [-98.968363, 19.198718], [-98.968563, 19.199311], [-98.968116, 19.199429]], [[-98.96896, 19.195134], [-98.969078, 19.194692], [-98.968311, 19.194406], [-98.968171, 19.194874], [-98.96896, 19.195134]], [[-98.968641, 19.200007], [-98.968366, 19.200067], [-98.96867, 19.200107], [-98.969044, 19.199525], [-98.968734, 19.1995], [-98.968641, 19.200007]], [[-98.968939, 19.201537], [-98.968594, 19.201168], [-98.968528, 19.201632], [-98.968939, 19.201537]], [[-98.968962, 19.198763], [-98.969011, 19.198835], [-98.96903, 19.198788], [-98.968962, 19.198763]], [[-98.969117, 19.19179], [-98.969478, 19.191601], [-98.969371, 19.191051], [-98.96901, 19.191529], [-98.969117, 19.19179]], [[-98.969053, 19.195124], [-98.969974, 19.195323], [-98.96977, 19.194949], [-98.969456, 19.194995], [-98.969348, 19.194274], [-98.969038, 19.193952], [-98.969224, 19.194699], [-98.969053, 19.195124]], [[-98.969238, 19.199663], [-98.969285, 19.199714], [-98.969292, 19.199666], [-98.969238, 19.199663]], [[-98.969507, 19.20039], [-98.969569, 19.200521], [-98.969599, 19.200414], [-98.969507, 19.20039]], [[-98.969501, 19.191195], [-98.969552, 19.191267], [-98.969555, 19.191187], [-98.969501, 19.191195]], [[-98.97008, 19.197337], [-98.969762, 19.197401], [-98.969737, 19.197623], [-98.970001, 19.197694], [-98.97008, 19.197337]], [[-98.970036, 19.199871], [-98.970438, 19.199767], [-98.970476, 19.199562], [-98.970158, 19.19969], [-98.970036, 19.199871]], [[-98.971097, 19.203469], [-98.971068, 19.203406], [-98.97105, 19.203453], [-98.971097, 19.203469]], [[-98.971224, 19.205284], [-98.971248, 19.20541], [-98.971303, 19.205353], [-98.971224, 19.205284]], [[-98.971946, 19.204776], [-98.971467, 19.204934], [-98.971482, 19.205095], [-98.97189, 19.204955], [-98.971946, 19.204776]], [[-98.973316, 19.206666], [-98.973203, 19.206162], [-98.973374, 19.206358], [-98.973819, 19.20602], [-98.973278, 19.205427], [-98.973057, 19.206219], [-98.973316, 19.206666]], [[-98.97404, 19.207244], [-98.973745, 19.20727], [-98.974083, 19.207325], [-98.97404, 19.207244]]], [[[-98.973881, 19.207083], [-98.97387, 19.207067], [-98.973905, 19.207078], [-98.973881, 19.207083]]], [[[-98.969181, 19.198293], [-98.969104, 19.198308], [-98.969212, 19.198215], [-98.969181, 19.198293]]], [[[-98.967541, 19.195996], [-98.967561, 19.195771], [-98.967697, 19.195967], [-98.967541, 19.195996]]], [[[-98.9676, 19.19565], [-98.967589, 19.195639], [-98.9676, 19.19564], [-98.9676, 19.19565]]], [[[-98.967765, 19.183839], [-98.967793, 19.183745], [-98.967811, 19.183757], [-98.967765, 19.183839]]], [[[-98.96781, 19.183603], [-98.967963, 19.183606], [-98.96783, 19.183723], [-98.96781, 19.183603]]], [[[-98.9679, 19.197617], [-98.967984, 19.197533], [-98.967971, 19.197603], [-98.9679, 19.197617]]], [[[-98.967959, 19.197279], [-98.967943, 19.197205], [-98.96799, 19.197211], [-98.967959, 19.197279]]], [[[-98.968204, 19.197454], [-98.968097, 19.197372], [-98.968295, 19.197397], [-98.968204, 19.197454]]], [[[-98.968209, 19.196578], [-98.968158, 19.196548], [-98.968214, 19.196573], [-98.968209, 19.196578]]], [[[-98.968256, 19.198051], [-98.968238, 19.197504], [-98.968369, 19.197486], [-98.968582, 19.197983], [-98.968256, 19.198051]]], [[[-98.968444, 19.196329], [-98.968474, 19.196187], [-98.968518, 19.196207], [-98.968444, 19.196329]]], [[[-98.968465, 19.18059], [-98.96849, 19.180584], [-98.968487, 19.180587], [-98.968465, 19.18059]]], [[[-98.968528, 19.190234], [-98.968567, 19.190209], [-98.968566, 19.19025], [-98.968528, 19.190234]]], [[[-98.968555, 19.195868], [-98.968656, 19.195873], [-98.968585, 19.195914], [-98.968555, 19.195868]]], [[[-98.968713, 19.197727], [-98.968746, 19.197657], [-98.968818, 19.197881], [-98.968713, 19.197727]]], [[[-98.968676, 19.196557], [-98.968642, 19.196435], [-98.968724, 19.196551], [-98.968676, 19.196557]]], [[[-98.968758, 19.196318], [-98.968843, 19.196315], [-98.968833, 19.196352], [-98.968758, 19.196318]]], [[[-98.968797, 19.190513], [-98.968797, 19.190482], [-98.968853, 19.190548], [-98.968797, 19.190513]]], [[[-98.968969, 19.196585], [-98.968833, 19.196549], [-98.968856, 19.196483], [-98.968969, 19.196585]]], [[[-98.969449, 19.191965], [-98.969767, 19.192133], [-98.969356, 19.192075], [-98.969449, 19.191965]]], [[[-98.969484, 19.193403], [-98.96953, 19.193381], [-98.969482, 19.193423], [-98.969484, 19.193403]]], [[[-98.970031, 19.188158], [-98.970119, 19.188008], [-98.97012, 19.18812], [-98.970031, 19.188158]]], [[[-98.969911, 19.188042], [-98.969526, 19.18775], [-98.970124, 19.186772], [-98.970394, 19.187551], [-98.969782, 19.187807], [-98.970252, 19.187764], [-98.969911, 19.188042]]], [[[-98.969572, 19.193702], [-98.969615, 19.193662], [-98.969614, 19.193671], [-98.969572, 19.193702]]], [[[-98.969606, 19.188039], [-98.96958, 19.187978], [-98.969707, 19.188039], [-98.969606, 19.188039]]], [[[-98.969756, 19.190605], [-98.969657, 19.189996], [-98.969968, 19.18995], [-98.970257, 19.190345], [-98.969756, 19.190605]]], [[[-98.970656, 19.191621], [-98.97006, 19.190847], [-98.969914, 19.19164], [-98.969722, 19.191317], [-98.9697, 19.19109], [-98.969918, 19.191129], [-98.969854, 19.190802], [-98.969949, 19.190571], [-98.970062, 19.190499], [-98.970305, 19.190406], [-98.970536, 19.19095], [-98.970745, 19.190381], [-98.971268, 19.190173], [-98.970946, 19.189737], [-98.971168, 19.189761], [-98.971224, 19.189118], [-98.970828, 19.189573], [-98.97054, 19.188813], [-98.971522, 19.18772], [-98.971541, 19.189024], [-98.971788, 19.189247], [-98.971573, 19.191161], [-98.971497, 19.190969], [-98.971161, 19.191126], [-98.970915, 19.191051], [-98.971218, 19.191308], [-98.970741, 19.191112], [-98.970712, 19.191202], [-98.971545, 19.191554], [-98.97131, 19.19239], [-98.971592, 19.192375], [-98.971668, 19.197201], [-98.971333, 19.195626], [-98.970886, 19.195012], [-98.971311, 19.193615], [-98.970869, 19.191835], [-98.970583, 19.191779], [-98.970656, 19.191621]], [[-98.970903, 19.19165], [-98.970711, 19.191758], [-98.970937, 19.19174], [-98.970903, 19.19165]], [[-98.970708, 19.191633], [-98.970705, 19.191632], [-98.970706, 19.191632], [-98.970708, 19.191633]], [[-98.970088, 19.190683], [-98.969954, 19.190856], [-98.970098, 19.190714], [-98.970088, 19.190683]], [[-98.970949, 19.191387], [-98.970892, 19.191279], [-98.970863, 19.191369], [-98.970949, 19.191387]], [[-98.970927, 19.190962], [-98.971316, 19.190833], [-98.970995, 19.190744], [-98.970927, 19.190962]], [[-98.971165, 19.18841], [-98.971109, 19.188353], [-98.971104, 19.188405], [-98.971165, 19.18841]], [[-98.971288, 19.190093], [-98.97122, 19.190052], [-98.971263, 19.19008], [-98.971288, 19.190093]], [[-98.971252, 19.191665], [-98.971362, 19.191829], [-98.971394, 19.191608], [-98.971252, 19.191665]], [[-98.971316, 19.188577], [-98.97126, 19.18852], [-98.971255, 19.188573], [-98.971316, 19.188577]], [[-98.971306, 19.189766], [-98.971312, 19.18963], [-98.97131, 19.189666], [-98.971306, 19.189766]], [[-98.971347, 19.189394], [-98.971352, 19.189369], [-98.97133, 19.189483], [-98.971347, 19.189394]], [[-98.971372, 19.189271], [-98.971385, 19.18923], [-98.971374, 19.189263], [-98.971372, 19.189271]], [[-98.97142, 19.193768], [-98.971434, 19.193854], [-98.971462, 19.193783], [-98.97142, 19.193768]]], [[[-98.969925, 19.191789], [-98.970352, 19.191647], [-98.970426, 19.191914], [-98.96997, 19.191789], [-98.970067, 19.192565], [-98.969851, 19.191855], [-98.969925, 19.191789]]], [[[-98.970166, 19.186321], [-98.970026, 19.186431], [-98.96993, 19.1863], [-98.970166, 19.186321]]], [[[-98.97021, 19.188289], [-98.970043, 19.188185], [-98.970225, 19.188248], [-98.97021, 19.188289]]], [[[-98.970739, 19.18819], [-98.970388, 19.187924], [-98.970584, 19.187915], [-98.970448, 19.187616], [-98.970694, 19.187643], [-98.970863, 19.18722], [-98.971104, 19.187378], [-98.971149, 19.186859], [-98.971296, 19.187544], [-98.970739, 19.18819]]], [[[-98.970397, 19.192309], [-98.970481, 19.192204], [-98.970478, 19.192379], [-98.970397, 19.192309]]], [[[-98.970536, 19.192135], [-98.970469, 19.191972], [-98.970603, 19.191998], [-98.970536, 19.192135]]], [[[-98.970485, 19.192199], [-98.970486, 19.192198], [-98.970486, 19.192198], [-98.970485, 19.192199]]], [[[-98.970487, 19.187423], [-98.970497, 19.187417], [-98.970507, 19.18743], [-98.970487, 19.187423]]], [[[-98.970512, 19.189236], [-98.970535, 19.189184], [-98.970528, 19.189262], [-98.970512, 19.189236]]], [[[-98.970568, 19.204547], [-98.97057, 19.204527], [-98.970576, 19.204529], [-98.970568, 19.204547]]], [[[-98.97059, 19.204448], [-98.970577, 19.204434], [-98.970615, 19.204444], [-98.97059, 19.204448]]], [[[-98.971541, 19.19855], [-98.971144, 19.19822], [-98.971005, 19.197813], [-98.971541, 19.19855]]], [[[-98.971166, 19.200923], [-98.971354, 19.200479], [-98.971386, 19.201116], [-98.971166, 19.200923]]], [[[-98.97149, 19.200655], [-98.971518, 19.200655], [-98.97152, 19.200672], [-98.97149, 19.200655]]], [[[-98.971607, 19.201354], [-98.971648, 19.201329], [-98.971659, 19.201355], [-98.971607, 19.201354]]], [[[-98.973437, 19.203864], [-98.973344, 19.203625], [-98.973452, 19.203839], [-98.974013, 19.203679], [-98.973711, 19.203637], [-98.973886, 19.20352], [-98.973584, 19.20347], [-98.973298, 19.202821], [-98.972797, 19.202787], [-98.972734, 19.202586], [-98.972882, 19.20276], [-98.973117, 19.202549], [-98.97303, 19.202166], [-98.972691, 19.201919], [-98.972769, 19.202358], [-98.971852, 19.201832], [-98.971644, 19.201545], [-98.971609, 19.201367], [-98.971841, 19.201713], [-98.972084, 19.201636], [-98.971665, 19.201356], [-98.971718, 19.201063], [-98.971967, 19.201094], [-98.971705, 19.20078], [-98.972117, 19.200949], [-98.972703, 19.2003], [-98.972115, 19.199923], [-98.973064, 19.200173], [-98.973516, 19.202433], [-98.97446, 19.202008], [-98.974737, 19.201309], [-98.974993, 19.201296], [-98.975016, 19.20254], [-98.974646, 19.202237], [-98.975025, 19.203011], [-98.975042, 19.204013], [-98.974411, 19.203456], [-98.974388, 19.203917], [-98.973736, 19.204251], [-98.973437, 19.203864]], [[-98.974295, 19.203489], [-98.974422, 19.203257], [-98.973892, 19.202457], [-98.973862, 19.203134], [-98.974295, 19.203489]], [[-98.97462, 19.202201], [-98.974572, 19.202192], [-98.974629, 19.202292], [-98.97462, 19.202201]]], [[[-98.972092, 19.204284], [-98.972098, 19.204257], [-98.972107, 19.204299], [-98.972092, 19.204284]]], [[[-98.972439, 19.203988], [-98.972383, 19.203925], [-98.972439, 19.203884], [-98.972439, 19.203988]]], [[[-98.9726, 19.20421], [-98.972588, 19.204168], [-98.972598, 19.204171], [-98.9726, 19.20421]]], [[[-98.972695, 19.202681], [-98.972692, 19.202609], [-98.972774, 19.202769], [-98.972695, 19.202681]]], [[[-98.974545, 19.205562], [-98.973074, 19.203522], [-98.972684, 19.203411], [-98.972948, 19.203378], [-98.972895, 19.203111], [-98.973714, 19.204289], [-98.97465, 19.204973], [-98.974545, 19.205562]]], [[[-98.972783, 19.202446], [-98.972776, 19.202411], [-98.972789, 19.202414], [-98.972783, 19.202446]]], [[[-98.972815, 19.202511], [-98.972966, 19.202404], [-98.973035, 19.202484], [-98.972815, 19.202511]]], [[[-98.972836, 19.2044], [-98.972842, 19.204351], [-98.972849, 19.204352], [-98.972836, 19.2044]]], [[[-98.972992, 19.202261], [-98.973012, 19.202273], [-98.972959, 19.202356], [-98.972992, 19.202261]]], [[[-98.973589, 19.203695], [-98.97347, 19.203631], [-98.973611, 19.203577], [-98.973589, 19.203695]]], [[[-98.974693, 19.205305], [-98.974684, 19.20526], [-98.974705, 19.205286], [-98.974693, 19.205305]]]]}}, {"type": "Feature", "properties": {"nombre": "San Mateo Tlaltenango", "abrev": "CSMT", "tenencia": "Comunidad", "alcaldia": "Cuajimalpa de Morelos", "sup_ha": 84.73, "no": 27}, "geometry": {"type": "MultiPolygon", "coordinates": [[[[-99.311407, 19.323285], [-99.312373, 19.322832], [-99.313091, 19.323693], [-99.311739, 19.324266], [-99.311767, 19.323949], [-99.311407, 19.323285]]], [[[-99.308666, 19.325306], [-99.309036, 19.325259], [-99.308001, 19.324881], [-99.311294, 19.323338], [-99.311596, 19.324327], [-99.309068, 19.325399], [-99.308753, 19.325904], [-99.30877, 19.325603], [-99.308666, 19.325306]]], [[[-99.302327, 19.33468], [-99.300391, 19.332717], [-99.300982, 19.332624], [-99.300335, 19.332277], [-99.30023, 19.332787], [-99.299737, 19.33226], [-99.298806, 19.330126], [-99.300001, 19.328231], [-99.298487, 19.327876], [-99.300696, 19.326012], [-99.301317, 19.328052], [-99.307951, 19.324905], [-99.308592, 19.32533], [-99.308712, 19.325971], [-99.30821, 19.327251], [-99.307163, 19.327533], [-99.30629, 19.328504], [-99.304597, 19.331082], [-99.304409, 19.332472], [-99.303961, 19.333369], [-99.302327, 19.33468]], [[-99.301735, 19.333508], [-99.301889, 19.333267], [-99.301678, 19.333447], [-99.301735, 19.333508]], [[-99.302238, 19.332854], [-99.302247, 19.332694], [-99.302159, 19.332784], [-99.302238, 19.332854]], [[-99.301639, 19.332676], [-99.301621, 19.332517], [-99.301558, 19.332637], [-99.301639, 19.332676]], [[-99.301045, 19.332392], [-99.301057, 19.332212], [-99.300965, 19.33234], [-99.301045, 19.332392]], [[-99.302315, 19.331432], [-99.301726, 19.33143], [-99.30194, 19.33168], [-99.301758, 19.33194], [-99.302215, 19.331874], [-99.302315, 19.331432]], [[-99.301194, 19.331631], [-99.302145, 19.330884], [-99.302208, 19.330239], [-99.301619, 19.330222], [-99.301408, 19.330685], [-99.300848, 19.330731], [-99.301098, 19.331101], [-99.300854, 19.331534], [-99.301194, 19.331631]], [[-99.302914, 19.32956], [-99.302933, 19.329404], [-99.302841, 19.329488], [-99.302914, 19.32956]], [[-99.302982, 19.328793], [-99.303113, 19.328651], [-99.302958, 19.328717], [-99.302982, 19.328793]], [[-99.303488, 19.328592], [-99.303701, 19.328473], [-99.303915, 19.32845], [-99.303811, 19.32834], [-99.303488, 19.328592]], [[-99.304471, 19.328203], [-99.304565, 19.328375], [-99.304616, 19.328263], [-99.304471, 19.328203]], [[-99.304188, 19.328243], [-99.304247, 19.328128], [-99.304116, 19.328146], [-99.304188, 19.328243]], [[-99.304454, 19.32813], [-99.304801, 19.328221], [-99.304881, 19.328028], [-99.304531, 19.32787], [-99.304454, 19.32813]], [[-99.305197, 19.327274], [-99.305164, 19.326937], [-99.305017, 19.327093], [-99.305197, 19.327274]]], [[[-99.290619, 19.338804], [-99.290792, 19.33742], [-99.290559, 19.336574], [-99.291178, 19.335758], [-99.291552, 19.335841], [-99.291962, 19.335473], [-99.291714, 19.335101], [-99.292323, 19.3339], [-99.293203, 19.333908], [-99.294941, 19.332923], [-99.295407, 19.332998], [-99.29622, 19.331365], [-99.296188, 19.331735], [-99.298388, 19.334075], [-99.298343, 19.334227], [-99.297957, 19.333839], [-99.297749, 19.334056], [-99.298005, 19.334331], [-99.297561, 19.334825], [-99.296855, 19.33517], [-99.29637, 19.335013], [-99.29604, 19.336214], [-99.294399, 19.337718], [-99.293211, 19.33834], [-99.292997, 19.33836], [-99.293018, 19.337663], [-99.292634, 19.337275], [-99.291731, 19.337121], [-99.291294, 19.338084], [-99.29156, 19.33824], [-99.291406, 19.338977], [-99.291674, 19.3392], [-99.29139, 19.339763], [-99.290925, 19.339574], [-99.290619, 19.338804]]]]}}, {"type": "Feature", "properties": {"nombre": "San Mateo Tlaltenango", "abrev": "ESMT", "tenencia": "Ejido", "alcaldia": "Cuajimalpa de Morelos", "sup_ha": 50.4, "no": 28}, "geometry": {"type": "MultiPolygon", "coordinates": [[[[-99.298388, 19.334076], [-99.296118, 19.331703], [-99.296489, 19.329024], [-99.296367, 19.32747], [-99.297491, 19.327482], [-99.299991, 19.328234], [-99.298802, 19.330131], [-99.29919, 19.331387], [-99.300248, 19.332809], [-99.3001, 19.33307], [-99.299466, 19.332843], [-99.299335, 19.332935], [-99.29908, 19.333762], [-99.298388, 19.334076]]], [[[-99.294685, 19.34112], [-99.291648, 19.339857], [-99.292554, 19.339057], [-99.293044, 19.339027], [-99.294039, 19.338287], [-99.294463, 19.338321], [-99.294726, 19.337633], [-99.295975, 19.336921], [-99.296479, 19.336078], [-99.297863, 19.335424], [-99.29831, 19.334335], [-99.299102, 19.333786], [-99.299363, 19.332961], [-99.300107, 19.333125], [-99.300369, 19.332693], [-99.302248, 19.334621], [-99.302146, 19.334966], [-99.298679, 19.33688], [-99.296478, 19.339888], [-99.294685, 19.34112]]]]}}, {"type": "Feature", "properties": {"nombre": "San Antonio Tecomitl", "abrev": "ESAT", "tenencia": "Ejido", "alcaldia": "Milpa Alta", "sup_ha": 90.01, "no": 29}, "geometry": {"type": "MultiPolygon", "coordinates": [[[[-98.973066, 19.178009], [-98.972973, 19.177279], [-98.973208, 19.17773], [-98.973251, 19.177525], [-98.973181, 19.177104], [-98.972768, 19.176948], [-98.973131, 19.176863], [-98.973113, 19.1765], [-98.972777, 19.176822], [-98.972456, 19.176537], [-98.972224, 19.176672], [-98.972351, 19.177144], [-98.972776, 19.177002], [-98.972604, 19.177689], [-98.972504, 19.177287], [-98.972137, 19.177185], [-98.971007, 19.177655], [-98.971033, 19.177094], [-98.970267, 19.177111], [-98.970392, 19.176729], [-98.970183, 19.176685], [-98.970071, 19.177327], [-98.970392, 19.177264], [-98.969783, 19.177561], [-98.970094, 19.177647], [-98.970177, 19.178136], [-98.969849, 19.178362], [-98.969507, 19.177876], [-98.969758, 19.177423], [-98.969342, 19.177688], [-98.969398, 19.177525], [-98.969123, 19.177263], [-98.969304, 19.177578], [-98.968868, 19.177904], [-98.968564, 19.17762], [-98.969027, 19.177149], [-98.969286, 19.177182], [-98.969277, 19.176771], [-98.969652, 19.177342], [-98.970152, 19.176601], [-98.970471, 19.176734], [-98.970633, 19.175808], [-98.969646, 19.175761], [-98.969303, 19.176176], [-98.969528, 19.176538], [-98.969143, 19.176532], [-98.969034, 19.177059], [-98.968569, 19.177179], [-98.968359, 19.17688], [-98.968808, 19.17691], [-98.968882, 19.176218], [-98.969162, 19.176178], [-98.968907, 19.175641], [-98.969222, 19.17593], [-98.968991, 19.175611], [-98.969385, 19.175747], [-98.969364, 19.175496], [-98.968835, 19.175592], [-98.968518, 19.175216], [-98.968436, 19.175592], [-98.96809, 19.175193], [-98.968224, 19.175642], [-98.967884, 19.175888], [-98.967675, 19.175314], [-98.967984, 19.175419], [-98.967881, 19.175156], [-98.96835, 19.175108], [-98.968665, 19.174501], [-98.968901, 19.174702], [-98.968454, 19.175104], [-98.968848, 19.175432], [-98.969064, 19.175075], [-98.96994, 19.175397], [-98.970022, 19.174916], [-98.970464, 19.17487], [-98.970057, 19.174184], [-98.970111, 19.173332], [-98.969453, 19.173488], [-98.969621, 19.174306], [-98.969419, 19.174465], [-98.969158, 19.174309], [-98.969171, 19.174116], [-98.969486, 19.174257], [-98.969456, 19.174024], [-98.969029, 19.173384], [-98.968864, 19.173866], [-98.968608, 19.173544], [-98.968183, 19.173582], [-98.96906, 19.174277], [-98.969424, 19.174839], [-98.968992, 19.174774], [-98.968697, 19.17409], [-98.967817, 19.173349], [-98.967632, 19.172689], [-98.966732, 19.172297], [-98.966938, 19.173098], [-98.966263, 19.172631], [-98.965156, 19.169735], [-98.965776, 19.170562], [-98.965651, 19.169812], [-98.965025, 19.168652], [-98.965192, 19.169465], [-98.964946, 19.169599], [-98.963492, 19.16559], [-98.964179, 19.165588], [-98.964844, 19.166499], [-98.965058, 19.166165], [-98.964429, 19.165337], [-98.964646, 19.165279], [-98.965157, 19.166049], [-98.965389, 19.165949], [-98.96487, 19.165218], [-98.965715, 19.165175], [-98.966351, 19.165657], [-98.965515, 19.165659], [-98.965902, 19.166274], [-98.966933, 19.165309], [-98.966953, 19.165693], [-98.96763, 19.165777], [-98.966685, 19.164788], [-98.966828, 19.164605], [-98.967148, 19.164881], [-98.967267, 19.164637], [-98.96779, 19.16502], [-98.967288, 19.164947], [-98.967866, 19.165885], [-98.967703, 19.165968], [-98.968295, 19.16589], [-98.968903, 19.166307], [-98.968985, 19.166051], [-98.969385, 19.166048], [-98.969509, 19.166208], [-98.969571, 19.166018], [-98.969696, 19.166708], [-98.969872, 19.166504], [-98.971246, 19.166538], [-98.971157, 19.166297], [-98.970392, 19.166212], [-98.969922, 19.166428], [-98.969694, 19.166165], [-98.970135, 19.16604], [-98.969696, 19.165961], [-98.969958, 19.165792], [-98.969514, 19.165097], [-98.969324, 19.165192], [-98.969672, 19.165607], [-98.969027, 19.165767], [-98.968962, 19.165317], [-98.969374, 19.164751], [-98.970146, 19.165043], [-98.969891, 19.165651], [-98.970277, 19.165957], [-98.970464, 19.165806], [-98.970251, 19.165442], [-98.970716, 19.165194], [-98.970648, 19.165001], [-98.970165, 19.165373], [-98.970393, 19.164802], [-98.969647, 19.164352], [-98.969633, 19.164075], [-98.970083, 19.163944], [-98.969203, 19.162968], [-98.969826, 19.162936], [-98.968785, 19.162766], [-98.969279, 19.163179], [-98.968024, 19.162823], [-98.968228, 19.162418], [-98.968345, 19.162831], [-98.969212, 19.162335], [-98.969322, 19.162642], [-98.969611, 19.162625], [-98.969468, 19.162046], [-98.969851, 19.16174], [-98.969789, 19.162316], [-98.970193, 19.162124], [-98.969878, 19.161489], [-98.969664, 19.161792], [-98.969122, 19.161866], [-98.968932, 19.162272], [-98.968646, 19.162113], [-98.968912, 19.161824], [-98.969029, 19.161989], [-98.969027, 19.161344], [-98.969698, 19.161619], [-98.969095, 19.161176], [-98.969196, 19.160814], [-98.970152, 19.161021], [-98.969477, 19.160509], [-98.969736, 19.159944], [-98.969386, 19.159868], [-98.969565, 19.160305], [-98.969227, 19.160469], [-98.968969, 19.161179], [-98.968716, 19.161195], [-98.968703, 19.160803], [-98.968228, 19.161039], [-98.968821, 19.161792], [-98.968444, 19.161943], [-98.968643, 19.162442], [-98.968115, 19.162225], [-98.968413, 19.161663], [-98.967423, 19.160954], [-98.967567, 19.161384], [-98.967253, 19.16132], [-98.967212, 19.161612], [-98.967675, 19.161592], [-98.967956, 19.162072], [-98.967212, 19.161679], [-98.967726, 19.16223], [-98.966948, 19.162739], [-98.966467, 19.162733], [-98.967203, 19.163179], [-98.967168, 19.163875], [-98.967547, 19.163184], [-98.967679, 19.163854], [-98.967266, 19.164139], [-98.967663, 19.164024], [-98.967918, 19.164501], [-98.967725, 19.163688], [-98.968088, 19.16395], [-98.967651, 19.163228], [-98.968283, 19.16388], [-98.968521, 19.163683], [-98.968028, 19.163389], [-98.96807, 19.163139], [-98.969365, 19.163238], [-98.96879, 19.163464], [-98.968995, 19.163672], [-98.968737, 19.163922], [-98.969351, 19.163685], [-98.968992, 19.163952], [-98.969235, 19.164204], [-98.968872, 19.164297], [-98.969211, 19.164836], [-98.96884, 19.164832], [-98.968629, 19.164339], [-98.968234, 19.164232], [-98.968154, 19.16463], [-98.968411, 19.16464], [-98.96865, 19.164991], [-98.967381, 19.164502], [-98.966937, 19.163541], [-98.966593, 19.163524], [-98.966876, 19.163187], [-98.966319, 19.163029], [-98.966016, 19.16235], [-98.965537, 19.16233], [-98.965668, 19.162097], [-98.965062, 19.161673], [-98.965137, 19.161336], [-98.965708, 19.161156], [-98.965678, 19.161735], [-98.965967, 19.161901], [-98.965869, 19.161154], [-98.966097, 19.161114], [-98.966324, 19.161922], [-98.966171, 19.161049], [-98.966715, 19.161283], [-98.966642, 19.160669], [-98.968032, 19.160122], [-98.967945, 19.160568], [-98.967663, 19.160429], [-98.967889, 19.160723], [-98.968791, 19.160551], [-98.967992, 19.160595], [-98.968314, 19.160245], [-98.968119, 19.160074], [-98.96881, 19.160262], [-98.969726, 19.159559], [-98.969231, 19.159564], [-98.968723, 19.160185], [-98.968304, 19.159856], [-98.969618, 19.159245], [-98.97007, 19.15952], [-98.970031, 19.15994], [-98.970451, 19.160091], [-98.9704, 19.159459], [-98.970902, 19.159056], [-98.970519, 19.159026], [-98.970241, 19.159595], [-98.96978, 19.15919], [-98.970565, 19.15882], [-98.971277, 19.158963], [-98.970983, 19.158609], [-98.97151, 19.158334], [-98.971819, 19.159106], [-98.971369, 19.158936], [-98.97188, 19.159636], [-98.971713, 19.159784], [-98.971455, 19.160447], [-98.971075, 19.160448], [-98.971217, 19.160738], [-98.971891, 19.160601], [-98.971831, 19.159705], [-98.972067, 19.161157], [-98.971523, 19.161664], [-98.970752, 19.16053], [-98.970375, 19.160919], [-98.970317, 19.160428], [-98.971336, 19.160151], [-98.971044, 19.159999], [-98.971366, 19.159502], [-98.971176, 19.159193], [-98.970557, 19.159484], [-98.971253, 19.1595], [-98.970676, 19.159809], [-98.970583, 19.160192], [-98.97027, 19.160329], [-98.970014, 19.160029], [-98.969903, 19.160242], [-98.970683, 19.161963], [-98.970982, 19.161977], [-98.970592, 19.161503], [-98.971035, 19.161204], [-98.971508, 19.161755], [-98.972091, 19.161257], [-98.972166, 19.162309], [-98.971782, 19.162436], [-98.971649, 19.162021], [-98.971317, 19.16238], [-98.97189, 19.162967], [-98.97229, 19.162914], [-98.972359, 19.16354], [-98.971332, 19.163454], [-98.971164, 19.163041], [-98.971533, 19.162942], [-98.971436, 19.162609], [-98.970853, 19.162399], [-98.970687, 19.162743], [-98.971824, 19.164076], [-98.971326, 19.164231], [-98.971238, 19.163944], [-98.970888, 19.164542], [-98.970523, 19.164383], [-98.970431, 19.164051], [-98.970888, 19.164193], [-98.970442, 19.163853], [-98.970845, 19.163784], [-98.970335, 19.163832], [-98.970203, 19.163648], [-98.970559, 19.163556], [-98.969971, 19.163407], [-98.97013, 19.163107], [-98.970869, 19.163493], [-98.970448, 19.162724], [-98.970758, 19.162163], [-98.970513, 19.162121], [-98.969773, 19.163225], [-98.970323, 19.163905], [-98.97004, 19.164197], [-98.970279, 19.164447], [-98.970879, 19.164645], [-98.970862, 19.164933], [-98.971475, 19.164736], [-98.971497, 19.165316], [-98.971962, 19.165316], [-98.971592, 19.165481], [-98.972206, 19.165916], [-98.971602, 19.166427], [-98.972661, 19.165974], [-98.972752, 19.166683], [-98.972422, 19.1671], [-98.972356, 19.166764], [-98.97182, 19.167048], [-98.972339, 19.167302], [-98.972194, 19.167545], [-98.972115, 19.167229], [-98.971764, 19.167407], [-98.971573, 19.166877], [-98.971375, 19.166874], [-98.971484, 19.167637], [-98.97118, 19.16727], [-98.970726, 19.167456], [-98.970785, 19.166936], [-98.970368, 19.166779], [-98.969939, 19.166999], [-98.969989, 19.16755], [-98.969466, 19.167798], [-98.970405, 19.168034], [-98.970051, 19.167595], [-98.970352, 19.167087], [-98.970573, 19.16812], [-98.970042, 19.168183], [-98.969791, 19.169015], [-98.969497, 19.169155], [-98.969339, 19.168984], [-98.969592, 19.168851], [-98.968914, 19.167755], [-98.968584, 19.167888], [-98.968865, 19.168191], [-98.968668, 19.168344], [-98.969037, 19.168491], [-98.969228, 19.16886], [-98.968363, 19.168635], [-98.968059, 19.167967], [-98.968278, 19.167843], [-98.968506, 19.16821], [-98.968505, 19.16778], [-98.968143, 19.167803], [-98.968196, 19.16746], [-98.967852, 19.16717], [-98.968389, 19.167364], [-98.968423, 19.167027], [-98.968042, 19.166771], [-98.968209, 19.166664], [-98.968669, 19.166979], [-98.968585, 19.167584], [-98.96893, 19.167679], [-98.96955, 19.1672], [-98.969424, 19.166844], [-98.969461, 19.167241], [-98.969215, 19.16713], [-98.969161, 19.166695], [-98.969499, 19.166264], [-98.969182, 19.166475], [-98.969097, 19.166101], [-98.968983, 19.166621], [-98.968263, 19.166359], [-98.968144, 19.166541], [-98.967737, 19.166168], [-98.967959, 19.166571], [-98.967424, 19.166631], [-98.967503, 19.166916], [-98.967025, 19.165876], [-98.966386, 19.166071], [-98.965971, 19.166674], [-98.965414, 19.166271], [-98.966039, 19.166934], [-98.965947, 19.167182], [-98.965165, 19.166873], [-98.964982, 19.167971], [-98.965266, 19.168186], [-98.965509, 19.167829], [-98.965462, 19.169118], [-98.965666, 19.16918], [-98.965713, 19.168563], [-98.965712, 19.169174], [-98.965591, 19.169313], [-98.96593, 19.169356], [-98.965726, 19.169544], [-98.966059, 19.169993], [-98.966381, 19.169483], [-98.967017, 19.169595], [-98.96756, 19.169213], [-98.967287, 19.168891], [-98.966722, 19.169047], [-98.9658, 19.168502], [-98.965864, 19.167737], [-98.967119, 19.168682], [-98.966846, 19.168196], [-98.967426, 19.16863], [-98.967584, 19.168142], [-98.967784, 19.168216], [-98.967975, 19.168918], [-98.967531, 19.168699], [-98.968681, 19.16956], [-98.968139, 19.169662], [-98.967962, 19.170297], [-98.969114, 19.171224], [-98.969129, 19.171744], [-98.969765, 19.171557], [-98.969784, 19.170887], [-98.970188, 19.17092], [-98.970009, 19.171579], [-98.970373, 19.170975], [-98.970759, 19.171233], [-98.97082, 19.171783], [-98.97007, 19.171644], [-98.969469, 19.171923], [-98.969054, 19.171854], [-98.968951, 19.171336], [-98.968684, 19.171926], [-98.969035, 19.171902], [-98.969233, 19.17249], [-98.968687, 19.172672], [-98.968621, 19.172347], [-98.969019, 19.172428], [-98.96844, 19.17202], [-98.968939, 19.17121], [-98.967749, 19.17018], [-98.968154, 19.169314], [-98.967519, 19.16933], [-98.967056, 19.170146], [-98.966467, 19.169617], [-98.966168, 19.170103], [-98.966438, 19.170563], [-98.965848, 19.170537], [-98.965905, 19.171288], [-98.966449, 19.171182], [-98.967118, 19.171682], [-98.966371, 19.17148], [-98.9665, 19.172059], [-98.966367, 19.172097], [-98.965985, 19.171304], [-98.966299, 19.172184], [-98.967207, 19.172171], [-98.967147, 19.17237], [-98.967748, 19.172632], [-98.968122, 19.173566], [-98.968262, 19.173335], [-98.968601, 19.173501], [-98.968152, 19.172769], [-98.96896, 19.172688], [-98.968491, 19.172828], [-98.96902, 19.173336], [-98.969307, 19.172509], [-98.969654, 19.17296], [-98.96964, 19.172276], [-98.969956, 19.172023], [-98.969863, 19.172603], [-98.970113, 19.172773], [-98.969889, 19.173078], [-98.970202, 19.173332], [-98.970181, 19.173604], [-98.970468, 19.173443], [-98.97034, 19.173891], [-98.970864, 19.17383], [-98.970788, 19.174281], [-98.971566, 19.174784], [-98.970553, 19.174707], [-98.970359, 19.175076], [-98.970663, 19.175314], [-98.97157, 19.175112], [-98.972121, 19.17565], [-98.972195, 19.175224], [-98.971806, 19.175142], [-98.971968, 19.174747], [-98.971664, 19.174459], [-98.971707, 19.173787], [-98.970665, 19.173028], [-98.971387, 19.173305], [-98.971513, 19.173096], [-98.971691, 19.173459], [-98.971935, 19.173328], [-98.970705, 19.172621], [-98.970641, 19.172976], [-98.970488, 19.172376], [-98.970173, 19.172406], [-98.970673, 19.17221], [-98.971172, 19.172443], [-98.971206, 19.172185], [-98.971476, 19.172333], [-98.971251, 19.172647], [-98.971927, 19.172677], [-98.971871, 19.172251], [-98.973249, 19.172032], [-98.973174, 19.171468], [-98.973445, 19.171293], [-98.97338, 19.172303], [-98.972222, 19.172846], [-98.972297, 19.173182], [-98.973049, 19.17319], [-98.973001, 19.172861], [-98.973419, 19.172643], [-98.97342, 19.173628], [-98.972752, 19.173205], [-98.971818, 19.17353], [-98.97222, 19.174476], [-98.972007, 19.17502], [-98.972689, 19.175164], [-98.972598, 19.175732], [-98.973071, 19.175886], [-98.973066, 19.176143], [-98.972781, 19.176223], [-98.9724, 19.17564], [-98.972124, 19.175896], [-98.971413, 19.175608], [-98.971875, 19.175855], [-98.971187, 19.176152], [-98.971077, 19.176566], [-98.971559, 19.176271], [-98.97171, 19.17669], [-98.971907, 19.176127], [-98.972202, 19.176536], [-98.973035, 19.176262], [-98.97339, 19.176417], [-98.973304, 19.177612], [-98.972858, 19.17892], [-98.972598, 19.178637], [-98.973066, 19.178009]]], [[[-98.970236, 19.285645], [-98.971338, 19.280167], [-98.971338, 19.281152], [-98.972095, 19.281393], [-98.972856, 19.280706], [-98.973431, 19.28057], [-98.974237, 19.280952], [-98.974402, 19.28164], [-98.978763, 19.282169], [-98.978733, 19.282456], [-98.975992, 19.282146], [-98.975456, 19.286387], [-98.970236, 19.285645]]]]}}, {"type": "Feature", "properties": {"nombre": "San Miguel Xicalco", "abrev": "CMSX", "tenencia": "Comunidad", "alcaldia": "Tlalpan", "sup_ha": 57.68, "no": 30}, "geometry": {"type": "MultiPolygon", "coordinates": [[[[-99.153566, 19.223444], [-99.153599, 19.222546], [-99.153909, 19.222481], [-99.153215, 19.222259], [-99.15364, 19.221937], [-99.15329, 19.220773], [-99.152492, 19.220526], [-99.152172, 19.222311], [-99.151343, 19.220336], [-99.151737, 19.218956], [-99.152191, 19.219625], [-99.152238, 19.219282], [-99.152703, 19.219473], [-99.153213, 19.219186], [-99.15754, 19.219791], [-99.158393, 19.219599], [-99.158, 19.220015], [-99.15826, 19.220524], [-99.15859, 19.220814], [-99.159216, 19.220797], [-99.159206, 19.22123], [-99.158758, 19.220874], [-99.15781, 19.221476], [-99.157538, 19.22114], [-99.156796, 19.221575], [-99.156418, 19.222046], [-99.156658, 19.222377], [-99.156096, 19.222115], [-99.15621, 19.221412], [-99.155883, 19.22156], [-99.155846, 19.221283], [-99.154989, 19.220902], [-99.154416, 19.221646], [-99.154697, 19.222008], [-99.154321, 19.221801], [-99.154109, 19.222248], [-99.154404, 19.222401], [-99.154015, 19.222478], [-99.154813, 19.222926], [-99.154851, 19.223638], [-99.1543, 19.223721], [-99.153876, 19.223324], [-99.154059, 19.223819], [-99.153566, 19.223444]]], [[[-99.176246, 19.222069], [-99.175153, 19.221001], [-99.174106, 19.221366], [-99.173716, 19.221878], [-99.17327, 19.221661], [-99.174037, 19.219952], [-99.172804, 19.219234], [-99.174427, 19.216202], [-99.175612, 19.217049], [-99.176055, 19.216508], [-99.176457, 19.217679], [-99.177738, 19.218419], [-99.178888, 19.217861], [-99.180407, 19.218078], [-99.181927, 19.219437], [-99.182029, 19.219735], [-99.176289, 19.224201], [-99.175976, 19.222763], [-99.176269, 19.222593], [-99.176246, 19.222069]]]]}}]}