{"type": "FeatureCollection", "name": "sipam_fao", "features": [{"type": "Feature", "properties": {"nombre": "SIPAM FAO · Sistema Agrícola Chinampero", "capa": "SIPAM_FAO", "tipo": "designacion", "ambito": "Internacional", "anio": 2017, "superficie_ha": 1875.65, "zonas": [{"zona": "Xochimilco", "superficie_ha": 931.17}, {"zona": "Mixquic", "superficie_ha": 316.39}, {"zona": "San Gregorio", "superficie_ha": 241.43}, {"zona": "San Nicolas Tetelco", "superficie_ha": 151.34}, {"zona": "San Pedro Tlahuac", "superficie_ha": 147.12}, {"zona": "San Luis Tlaxialtemalco", "superficie_ha": 88.19}], "n_zonas": 6, "color": "#EF9F27", "es_contenedor": false, "orden": 3}, "geometry": {"type": "MultiPolygon", "coordinates": [[[[-99.095424, 19.256136], [-99.095157, 19.25675], [-99.093705, 19.255233], [-99.093015, 19.253815], [-99.095567, 19.25454], [-99.095217, 19.255823], [-99.095424, 19.256136]]], [[[-99.097502, 19.255184], [-99.098103, 19.255754], [-99.098576, 19.256906], [-99.098527, 19.257349], [-99.097299, 19.257402], [-99.096674, 19.257556], [-99.096492, 19.258135], [-99.095538, 19.257156], [-99.095668, 19.256943], [-99.095453, 19.257133], [-99.095185, 19.256816], [-99.095515, 19.256033], [-99.095426, 19.255092], [-99.095654, 19.254574], [-99.097502, 19.255184]]], [[[-99.095181, 19.257875], [-99.094587, 19.257566], [-99.094937, 19.256944], [-99.095591, 19.257708], [-99.095181, 19.257875]]], [[[-99.093768, 19.258878], [-99.092825, 19.258624], [-99.093857, 19.255947], [-99.094815, 19.257004], [-99.094196, 19.258309], [-99.093945, 19.25842], [-99.093768, 19.258878]]], [[[-99.096613, 19.25778], [-99.097156, 19.257461], [-99.098713, 19.257573], [-99.09778, 19.259219], [-99.096616, 19.258223], [-99.096613, 19.25778]]], [[[-99.096392, 19.259208], [-99.095851, 19.258965], [-99.096205, 19.258208], [-99.09668, 19.258605], [-99.096392, 19.259208]]], [[[-99.095685, 19.25765], [-99.096176, 19.258096], [-99.09575, 19.258997], [-99.096403, 19.259315], [-99.096269, 19.260241], [-99.095309, 19.259932], [-99.095046, 19.258673], [-99.094967, 19.259509], [-99.093824, 19.258882], [-99.093973, 19.258485], [-99.094281, 19.258413], [-99.094533, 19.257677], [-99.095198, 19.257923], [-99.095542, 19.257827], [-99.095685, 19.25765]]], [[[-99.100012, 19.259149], [-99.099716, 19.259975], [-99.099782, 19.260138], [-99.099438, 19.260584], [-99.098456, 19.259765], [-99.098633, 19.25936], [-99.099212, 19.259478], [-99.099263, 19.259003], [-99.099117, 19.259368], [-99.098916, 19.25931], [-99.099111, 19.258928], [-99.098822, 19.259325], [-99.09807, 19.258916], [-99.098789, 19.257634], [-99.100373, 19.258639], [-99.100235, 19.259095], [-99.100012, 19.259149]]], [[[-99.098376, 19.259677], [-99.097859, 19.259282], [-99.098037, 19.258952], [-99.0986, 19.259279], [-99.098376, 19.259677]]], [[[-99.100033, 19.260174], [-99.099808, 19.259911], [-99.100397, 19.258787], [-99.100974, 19.258929], [-99.101011, 19.259149], [-99.100475, 19.260014], [-99.100033, 19.260174]]], [[[-99.09681, 19.258795], [-99.099933, 19.261113], [-99.099811, 19.261587], [-99.098272, 19.261238], [-99.098228, 19.261066], [-99.097824, 19.261162], [-99.097838, 19.260764], [-99.09757, 19.26062], [-99.096573, 19.260566], [-99.096464, 19.259495], [-99.09681, 19.258795]]], [[[-99.09665, 19.261052], [-99.096646, 19.261353], [-99.096105, 19.261188], [-99.09665, 19.261052]]], [[[-99.098994, 19.261814], [-99.097376, 19.261478], [-99.097556, 19.261176], [-99.099059, 19.261498], [-99.098994, 19.261814]]], [[[-99.096314, 19.266211], [-99.096045, 19.26635], [-99.095478, 19.266188], [-99.095539, 19.265824], [-99.095427, 19.266163], [-99.09389, 19.265652], [-99.094056, 19.265065], [-99.095213, 19.265327], [-99.095262, 19.265216], [-99.094071, 19.265016], [-99.094242, 19.264391], [-99.094572, 19.264365], [-99.094655, 19.264277], [-99.094314, 19.264288], [-99.094331, 19.264088], [-99.096794, 19.264628], [-99.098199, 19.264709], [-99.097584, 19.264614], [-99.09773, 19.263856], [-99.096689, 19.263643], [-99.09676, 19.263287], [-99.096635, 19.263182], [-99.095052, 19.263049], [-99.094079, 19.262904], [-99.094097, 19.262798], [-99.0953, 19.263046], [-99.095583, 19.263047], [-99.095602, 19.262999], [-99.095734, 19.263016], [-99.09581, 19.262963], [-99.095964, 19.263063], [-99.096677, 19.263143], [-99.096678, 19.263176], [-99.096705, 19.26322], [-99.096793, 19.26327], [-99.096677, 19.263141], [-99.09581, 19.26296], [-99.0953, 19.263043], [-99.094531, 19.262845], [-99.094097, 19.262796], [-99.093767, 19.262829], [-99.093439, 19.262612], [-99.092561, 19.262691], [-99.093739, 19.262176], [-99.095, 19.262075], [-99.095956, 19.261704], [-99.093614, 19.262103], [-99.09294, 19.261705], [-99.092889, 19.261853], [-99.090666, 19.261223], [-99.09075, 19.260654], [-99.090615, 19.261197], [-99.088075, 19.260504], [-99.087751, 19.259742], [-99.087912, 19.259233], [-99.090802, 19.260108], [-99.098997, 19.261864], [-99.098704, 19.263286], [-99.099102, 19.263395], [-99.09903, 19.264556], [-99.098499, 19.26481], [-99.099147, 19.265172], [-99.098878, 19.265658], [-99.098756, 19.266963], [-99.098453, 19.266927], [-99.098626, 19.266379], [-99.098271, 19.267051], [-99.097357, 19.267009], [-99.097215, 19.266825], [-99.096777, 19.266602], [-99.09699, 19.266139], [-99.096694, 19.266576], [-99.096197, 19.266382], [-99.096404, 19.266335], [-99.096314, 19.266211]]], [[[-99.092565, 19.262718], [-99.095198, 19.263111], [-99.096564, 19.26322], [-99.096619, 19.263658], [-99.097602, 19.264201], [-99.097488, 19.264583], [-99.09377, 19.263725], [-99.092026, 19.263131], [-99.092565, 19.262718]], [[-99.094896, 19.263926], [-99.094826, 19.263893], [-99.094806, 19.263926], [-99.094896, 19.263926]], [[-99.093808, 19.263558], [-99.093819, 19.263607], [-99.09382, 19.263606], [-99.093808, 19.263558]], [[-99.094693, 19.263628], [-99.094712, 19.263577], [-99.094712, 19.263576], [-99.094693, 19.263628]], [[-99.09596, 19.26402], [-99.09609, 19.264049], [-99.09596, 19.264018], [-99.09596, 19.26402]], [[-99.095308, 19.264058], [-99.095372, 19.2639], [-99.095543, 19.263961], [-99.095372, 19.263898], [-99.095308, 19.264058]]], [[[-99.109717, 19.265402], [-99.110501, 19.265892], [-99.110443, 19.266079], [-99.109549, 19.265902], [-99.109717, 19.265402]]], [[[-99.099288, 19.266709], [-99.098946, 19.266559], [-99.098998, 19.266079], [-99.099153, 19.266112], [-99.099, 19.26597], [-99.099195, 19.265247], [-99.099541, 19.26568], [-99.099288, 19.266709]]], [[[-99.109091, 19.265851], [-99.109862, 19.266131], [-99.11055, 19.266155], [-99.110285, 19.266954], [-99.108069, 19.265987], [-99.108231, 19.265102], [-99.108733, 19.265019], [-99.108665, 19.265359], [-99.108811, 19.265015], [-99.109506, 19.265296], [-99.109693, 19.265388], [-99.109529, 19.265901], [-99.109569, 19.265951], [-99.109091, 19.265851]]], [[[-99.097181, 19.266893], [-99.096359, 19.26766], [-99.095744, 19.267649], [-99.096303, 19.266533], [-99.097181, 19.266893]]], [[[-99.107125, 19.268095], [-99.108027, 19.26611], [-99.108571, 19.266222], [-99.108553, 19.266879], [-99.10778, 19.268541], [-99.107125, 19.268095]]], [[[-99.097997, 19.267134], [-99.098788, 19.267149], [-99.098995, 19.266682], [-99.099411, 19.26689], [-99.099495, 19.267664], [-99.099184, 19.268351], [-99.098241, 19.267805], [-99.098257, 19.267316], [-99.097997, 19.267134]]], [[[-99.093337, 19.266185], [-99.093203, 19.266091], [-99.093484, 19.265511], [-99.096243, 19.266518], [-99.09491, 19.269195], [-99.094478, 19.269183], [-99.093935, 19.269485], [-99.093567, 19.269405], [-99.093384, 19.269647], [-99.092084, 19.269042], [-99.092819, 19.266436], [-99.093029, 19.266427], [-99.092996, 19.2666], [-99.093337, 19.266185]]], [[[-99.096558, 19.269347], [-99.097547, 19.267109], [-99.098214, 19.267385], [-99.097791, 19.268686], [-99.097588, 19.26866], [-99.097771, 19.268724], [-99.097567, 19.269326], [-99.096914, 19.269137], [-99.096558, 19.269347]]], [[[-99.10004, 19.27038], [-99.099065, 19.270203], [-99.098932, 19.26991], [-99.099485, 19.268913], [-99.099485, 19.268544], [-99.099224, 19.268367], [-99.099554, 19.267598], [-99.099433, 19.266332], [-99.100251, 19.266454], [-99.100685, 19.267051], [-99.100769, 19.267418], [-99.100431, 19.26791], [-99.100584, 19.267987], [-99.100844, 19.267424], [-99.100725, 19.267976], [-99.100922, 19.267662], [-99.101372, 19.267884], [-99.101486, 19.268678], [-99.101029, 19.268503], [-99.100982, 19.268842], [-99.100529, 19.268812], [-99.100806, 19.269039], [-99.10004, 19.27038]]], [[[-99.108741, 19.268638], [-99.108829, 19.268426], [-99.108499, 19.268218], [-99.109365, 19.268401], [-99.109099, 19.26904], [-99.108741, 19.268638]]], [[[-99.098925, 19.269584], [-99.097643, 19.269266], [-99.098197, 19.267858], [-99.09938, 19.268552], [-99.099344, 19.268905], [-99.099005, 19.269151], [-99.099141, 19.269254], [-99.098925, 19.269584]]], [[[-99.096861, 19.268399], [-99.096568, 19.268369], [-99.096808, 19.268617], [-99.096286, 19.269517], [-99.095872, 19.270549], [-99.094966, 19.270367], [-99.095259, 19.2697], [-99.094934, 19.270327], [-99.094583, 19.270287], [-99.095747, 19.267737], [-99.096272, 19.26775], [-99.097109, 19.267103], [-99.097415, 19.267109], [-99.096861, 19.268399]]], [[[-99.107086, 19.26823], [-99.107486, 19.268416], [-99.107668, 19.269009], [-99.107404, 19.269504], [-99.106689, 19.269403], [-99.10654, 19.269079], [-99.106891, 19.268343], [-99.107086, 19.26823]]], [[[-99.108213, 19.270376], [-99.108225, 19.269974], [-99.108453, 19.269917], [-99.107762, 19.269016], [-99.108122, 19.268026], [-99.109002, 19.269266], [-99.109107, 19.270011], [-99.108748, 19.270633], [-99.108213, 19.270376]], [[-99.108268, 19.269126], [-99.108612, 19.269237], [-99.108576, 19.269224], [-99.108268, 19.269126]]], [[[-99.09751, 19.269457], [-99.09688, 19.270841], [-99.095937, 19.270603], [-99.096336, 19.269575], [-99.09703, 19.269192], [-99.09751, 19.269457]]], [[[-99.106361, 19.26928], [-99.106667, 19.271378], [-99.105744, 19.270551], [-99.106076, 19.270375], [-99.105501, 19.270476], [-99.105535, 19.270168], [-99.106361, 19.26928]]], [[[-99.098505, 19.271246], [-99.098378, 19.271401], [-99.096957, 19.270869], [-99.097695, 19.269398], [-99.098961, 19.269637], [-99.098796, 19.27016], [-99.099002, 19.270301], [-99.098725, 19.270713], [-99.098242, 19.270592], [-99.098697, 19.270774], [-99.098505, 19.271246]]], [[[-99.108152, 19.26983], [-99.1081, 19.270443], [-99.108733, 19.270747], [-99.108882, 19.271353], [-99.10855, 19.271453], [-99.108902, 19.271436], [-99.109017, 19.27218], [-99.108588, 19.272571], [-99.108055, 19.272507], [-99.108096, 19.272257], [-99.108001, 19.272483], [-99.107617, 19.27242], [-99.107351, 19.271942], [-99.106778, 19.271555], [-99.106582, 19.269433], [-99.10738, 19.269577], [-99.107657, 19.269125], [-99.107613, 19.270666], [-99.107816, 19.269264], [-99.108152, 19.26983]]], [[[-99.102188, 19.272628], [-99.101519, 19.272392], [-99.100376, 19.272256], [-99.100439, 19.272034], [-99.100228, 19.271719], [-99.100447, 19.271396], [-99.100119, 19.271121], [-99.100235, 19.27037], [-99.100635, 19.270105], [-99.100433, 19.269839], [-99.100692, 19.269426], [-99.101212, 19.269446], [-99.1017, 19.269858], [-99.102188, 19.272628]]], [[[-99.100125, 19.270516], [-99.099977, 19.271158], [-99.100179, 19.271345], [-99.100286, 19.27223], [-99.099392, 19.272342], [-99.098262, 19.272135], [-99.098544, 19.271549], [-99.098805, 19.27165], [-99.098827, 19.271452], [-99.098741, 19.271604], [-99.098566, 19.271468], [-99.09922, 19.270405], [-99.100125, 19.270516]]], [[[-99.095453, 19.270553], [-99.094978, 19.27106], [-99.094071, 19.272709], [-99.094092, 19.272298], [-99.094006, 19.272446], [-99.093851, 19.273194], [-99.093098, 19.272904], [-99.093673, 19.271737], [-99.094048, 19.271844], [-99.093727, 19.271594], [-99.094573, 19.270404], [-99.095453, 19.270553]]], [[[-99.098173, 19.271744], [-99.0978, 19.271581], [-99.098252, 19.271847], [-99.097765, 19.272871], [-99.097404, 19.272698], [-99.09748, 19.272392], [-99.097284, 19.272608], [-99.096435, 19.272052], [-99.096952, 19.270941], [-99.09833, 19.271485], [-99.098173, 19.271744]]], [[[-99.095582, 19.270552], [-99.096443, 19.270865], [-99.096254, 19.271278], [-99.096584, 19.27086], [-99.096845, 19.270946], [-99.096128, 19.272457], [-99.095778, 19.272431], [-99.095928, 19.272558], [-99.095754, 19.272906], [-99.095273, 19.2728], [-99.09555, 19.272949], [-99.095059, 19.274005], [-99.093779, 19.273532], [-99.094885, 19.271361], [-99.095582, 19.270552]]], [[[-99.100263, 19.272389], [-99.100916, 19.272395], [-99.100824, 19.27271], [-99.100311, 19.272575], [-99.100263, 19.272389]]], [[[-99.109185, 19.272204], [-99.109559, 19.273019], [-99.109389, 19.273432], [-99.109055, 19.273212], [-99.10899, 19.272699], [-99.109242, 19.272486], [-99.109111, 19.272274], [-99.109181, 19.272166], [-99.109358, 19.272112], [-99.109359, 19.272297], [-99.109185, 19.272204]]], [[[-99.101027, 19.272514], [-99.101202, 19.272391], [-99.102155, 19.272752], [-99.102039, 19.273512], [-99.100776, 19.27334], [-99.101027, 19.272514]]], [[[-99.10084, 19.272808], [-99.100758, 19.27332], [-99.100386, 19.273197], [-99.100215, 19.272869], [-99.100329, 19.272645], [-99.10084, 19.272808]]], [[[-99.110947, 19.274256], [-99.110382, 19.274033], [-99.110219, 19.273156], [-99.109466, 19.272767], [-99.109511, 19.27203], [-99.111617, 19.272575], [-99.110947, 19.274256]]], [[[-99.096581, 19.273882], [-99.096613, 19.273688], [-99.096966, 19.273775], [-99.096915, 19.274164], [-99.097007, 19.273832], [-99.097343, 19.273919], [-99.09703, 19.274663], [-99.096727, 19.274629], [-99.096776, 19.274228], [-99.096643, 19.274618], [-99.096542, 19.274382], [-99.096106, 19.274233], [-99.096516, 19.274401], [-99.096413, 19.27454], [-99.096005, 19.274384], [-99.096065, 19.274182], [-99.096231, 19.274049], [-99.096112, 19.273929], [-99.095913, 19.27433], [-99.095924, 19.273905], [-99.095773, 19.274291], [-99.095739, 19.273949], [-99.095647, 19.274228], [-99.095147, 19.274051], [-99.095594, 19.272994], [-99.095864, 19.272981], [-99.096105, 19.272553], [-99.0966, 19.272704], [-99.096238, 19.272513], [-99.096384, 19.272155], [-99.097734, 19.272965], [-99.097571, 19.273401], [-99.097223, 19.273342], [-99.097507, 19.273544], [-99.097171, 19.273449], [-99.097491, 19.273577], [-99.097375, 19.273864], [-99.096702, 19.273625], [-99.096538, 19.273696], [-99.096527, 19.273824], [-99.096581, 19.273882]]], [[[-99.100242, 19.27411], [-99.099941, 19.274026], [-99.100199, 19.272958], [-99.100306, 19.273188], [-99.100649, 19.273363], [-99.100242, 19.27411]]], [[[-99.108483, 19.273875], [-99.108483, 19.273565], [-99.108717, 19.273557], [-99.108431, 19.273528], [-99.108543, 19.273192], [-99.109019, 19.273348], [-99.108809, 19.273927], [-99.108483, 19.273875]]], [[[-99.098016, 19.272749], [-99.098571, 19.272528], [-99.098167, 19.272488], [-99.098239, 19.272264], [-99.099428, 19.272539], [-99.098716, 19.274098], [-99.098135, 19.273841], [-99.098789, 19.274246], [-99.098504, 19.274889], [-99.09819, 19.274924], [-99.098005, 19.275351], [-99.097206, 19.275103], [-99.097446, 19.274286], [-99.098141, 19.274465], [-99.097497, 19.274163], [-99.098016, 19.272749]]], [[[-99.108043, 19.273737], [-99.107426, 19.275301], [-99.106036, 19.274912], [-99.10625, 19.273599], [-99.108043, 19.273737]]], [[[-99.110722, 19.275407], [-99.110531, 19.275902], [-99.108584, 19.27537], [-99.108506, 19.273942], [-99.108839, 19.273996], [-99.109046, 19.27344], [-99.109363, 19.273548], [-99.109647, 19.273019], [-99.110054, 19.273084], [-99.110274, 19.274057], [-99.110912, 19.27433], [-99.110571, 19.275137], [-99.110722, 19.275407]]], [[[-99.1007, 19.275225], [-99.100942, 19.275244], [-99.100175, 19.274704], [-99.100703, 19.273387], [-99.101928, 19.27361], [-99.101871, 19.274753], [-99.101015, 19.275547], [-99.1007, 19.275225]]], [[[-99.108347, 19.274476], [-99.108158, 19.274534], [-99.108027, 19.274916], [-99.108042, 19.275426], [-99.1075, 19.275313], [-99.108008, 19.2741], [-99.108087, 19.273805], [-99.108347, 19.274476]]], [[[-99.099742, 19.276052], [-99.099092, 19.275795], [-99.09991, 19.276267], [-99.098883, 19.275875], [-99.100107, 19.2764], [-99.099134, 19.276215], [-99.099998, 19.276451], [-99.099271, 19.277007], [-99.097881, 19.276436], [-99.098224, 19.275592], [-99.09841, 19.275661], [-99.098269, 19.275523], [-99.098886, 19.274181], [-99.099168, 19.274238], [-99.099201, 19.274188], [-99.098934, 19.274012], [-99.099055, 19.273663], [-99.099285, 19.27372], [-99.099083, 19.273552], [-99.099725, 19.272424], [-99.100137, 19.272619], [-99.099971, 19.27369], [-99.09969, 19.273656], [-99.09992, 19.273861], [-99.099757, 19.273899], [-99.099856, 19.274063], [-99.100201, 19.27428], [-99.099875, 19.274751], [-99.100586, 19.275112], [-99.100807, 19.275728], [-99.100298, 19.275752], [-99.100578, 19.275952], [-99.100165, 19.27636], [-99.099742, 19.276052]]], [[[-99.10843, 19.275516], [-99.108091, 19.275455], [-99.108146, 19.274705], [-99.108365, 19.274523], [-99.10843, 19.275516]]], [[[-99.113446, 19.276582], [-99.114636, 19.273473], [-99.115381, 19.273706], [-99.114566, 19.276726], [-99.113446, 19.276582]]], [[[-99.115844, 19.273822], [-99.115519, 19.274646], [-99.114892, 19.276863], [-99.114603, 19.276829], [-99.115439, 19.273713], [-99.115844, 19.273822]]], [[[-99.112027, 19.275905], [-99.112158, 19.276314], [-99.110613, 19.275902], [-99.110832, 19.275369], [-99.110641, 19.275176], [-99.110811, 19.274767], [-99.110994, 19.274778], [-99.110843, 19.274655], [-99.110998, 19.274357], [-99.111969, 19.274635], [-99.112384, 19.275193], [-99.112027, 19.275905]]], [[[-99.11614, 19.274028], [-99.115715, 19.275538], [-99.115997, 19.275668], [-99.116076, 19.276011], [-99.115708, 19.276128], [-99.115362, 19.276972], [-99.114986, 19.276897], [-99.115901, 19.273822], [-99.11614, 19.274028]]], [[[-99.117036, 19.274267], [-99.116178, 19.276677], [-99.115513, 19.27702], [-99.115816, 19.276121], [-99.116149, 19.276045], [-99.116127, 19.275723], [-99.115816, 19.275483], [-99.116212, 19.273911], [-99.117036, 19.274267]]], [[[-99.1069, 19.275871], [-99.105867, 19.275586], [-99.106034, 19.274956], [-99.107396, 19.275334], [-99.107068, 19.276172], [-99.1069, 19.275871]]], [[[-99.095145, 19.274267], [-99.097004, 19.275021], [-99.096755, 19.277109], [-99.094291, 19.276292], [-99.095145, 19.274267]]], [[[-99.108376, 19.276395], [-99.107124, 19.276187], [-99.107428, 19.275411], [-99.108437, 19.275553], [-99.108376, 19.276395]]], [[[-99.113251, 19.276548], [-99.112922, 19.276444], [-99.112966, 19.276035], [-99.112849, 19.276433], [-99.112231, 19.27629], [-99.112433, 19.275263], [-99.113686, 19.275618], [-99.113251, 19.276548]]], [[[-99.097369, 19.276675], [-99.097116, 19.276503], [-99.0974, 19.276564], [-99.097141, 19.276433], [-99.097492, 19.276246], [-99.097153, 19.276103], [-99.097217, 19.275227], [-99.097999, 19.27551], [-99.098358, 19.275033], [-99.097266, 19.277254], [-99.097049, 19.277099], [-99.097117, 19.276614], [-99.097369, 19.276675]]], [[[-99.108559, 19.275426], [-99.11071, 19.276064], [-99.110455, 19.277099], [-99.108594, 19.276425], [-99.108559, 19.275426]]], [[[-99.106847, 19.275902], [-99.106868, 19.27611], [-99.106587, 19.276118], [-99.107059, 19.276257], [-99.106848, 19.27691], [-99.105935, 19.27678], [-99.10593, 19.275658], [-99.106847, 19.275902]]], [[[-99.116476, 19.276092], [-99.116865, 19.276313], [-99.11627, 19.276628], [-99.116476, 19.276092]]], [[[-99.105325, 19.281234], [-99.106482, 19.28191], [-99.105661, 19.282489], [-99.10513, 19.281029], [-99.105885, 19.272389], [-99.105689, 19.272212], [-99.10458, 19.272187], [-99.105535, 19.270559], [-99.107296, 19.27207], [-99.10776, 19.273046], [-99.10767, 19.273412], [-99.10722, 19.273571], [-99.106005, 19.273428], [-99.105325, 19.281234]]], [[[-99.111644, 19.276242], [-99.111247, 19.277428], [-99.110529, 19.277153], [-99.110823, 19.276078], [-99.111644, 19.276242]]], [[[-99.098771, 19.277555], [-99.097301, 19.277309], [-99.097864, 19.276548], [-99.09918, 19.277149], [-99.098771, 19.277555]]], [[[-99.111308, 19.277441], [-99.111823, 19.276271], [-99.112216, 19.276383], [-99.112134, 19.276684], [-99.112335, 19.276354], [-99.112841, 19.276504], [-99.112851, 19.276716], [-99.112994, 19.276539], [-99.115, 19.276966], [-99.115327, 19.277131], [-99.113226, 19.278255], [-99.111308, 19.277441]]], [[[-99.107995, 19.278711], [-99.106704, 19.278208], [-99.10711, 19.276278], [-99.108817, 19.276719], [-99.107995, 19.278711]]], [[[-99.098572, 19.278631], [-99.098947, 19.278234], [-99.098787, 19.278091], [-99.099436, 19.277179], [-99.10081, 19.276036], [-99.101102, 19.276016], [-99.100864, 19.278344], [-99.100448, 19.27823], [-99.100175, 19.278879], [-99.0998, 19.279089], [-99.098572, 19.278631]]], [[[-99.106643, 19.27817], [-99.105903, 19.2779], [-99.105837, 19.276943], [-99.106805, 19.277042], [-99.106643, 19.27817]]], [[[-99.102194, 19.279494], [-99.101726, 19.279491], [-99.102185, 19.279672], [-99.102188, 19.280186], [-99.100774, 19.27976], [-99.100546, 19.27936], [-99.101025, 19.27837], [-99.101217, 19.275881], [-99.10142, 19.275594], [-99.101918, 19.275764], [-99.102072, 19.276508], [-99.102172, 19.278769], [-99.101831, 19.278804], [-99.101726, 19.279009], [-99.102181, 19.278909], [-99.102194, 19.279494]]], [[[-99.098689, 19.277776], [-99.098084, 19.279036], [-99.097551, 19.278743], [-99.096572, 19.278407], [-99.096935, 19.277385], [-99.098689, 19.277776]]], [[[-99.113026, 19.278371], [-99.10971, 19.280136], [-99.110496, 19.27735], [-99.112215, 19.277984], [-99.111967, 19.278579], [-99.112247, 19.278019], [-99.113026, 19.278371]]], [[[-99.108989, 19.280492], [-99.110146, 19.277187], [-99.110417, 19.277285], [-99.109623, 19.280157], [-99.108989, 19.280492]]], [[[-99.096454, 19.2783], [-99.096007, 19.279355], [-99.094641, 19.278447], [-99.096033, 19.279464], [-99.095661, 19.280389], [-99.095187, 19.280266], [-99.095608, 19.280481], [-99.095489, 19.280696], [-99.095118, 19.280619], [-99.095468, 19.280742], [-99.095344, 19.280982], [-99.095301, 19.280844], [-99.094762, 19.280655], [-99.095333, 19.281013], [-99.094994, 19.281309], [-99.093944, 19.281177], [-99.092834, 19.280671], [-99.093931, 19.277638], [-99.094373, 19.277955], [-99.093915, 19.277582], [-99.094173, 19.276754], [-99.094394, 19.276656], [-99.095638, 19.276973], [-99.095622, 19.277172], [-99.095735, 19.277003], [-99.096769, 19.277335], [-99.096492, 19.278191], [-99.095688, 19.278034], [-99.096454, 19.2783]]], [[[-99.107474, 19.281291], [-99.107777, 19.280296], [-99.107654, 19.27985], [-99.108945, 19.276734], [-99.110051, 19.277138], [-99.108883, 19.280542], [-99.107474, 19.281291]]], [[[-99.100797, 19.278439], [-99.100431, 19.279359], [-99.100031, 19.27966], [-99.099958, 19.280762], [-99.099423, 19.280753], [-99.098832, 19.280324], [-99.097949, 19.280076], [-99.097918, 19.279691], [-99.098468, 19.278703], [-99.099797, 19.279225], [-99.100234, 19.278933], [-99.10056, 19.278302], [-99.100797, 19.278439]]], [[[-99.10604, 19.278], [-99.10706, 19.278453], [-99.106146, 19.281593], [-99.105425, 19.281253], [-99.105835, 19.278263], [-99.10604, 19.278]]], [[[-99.107711, 19.280351], [-99.107251, 19.281432], [-99.106525, 19.281742], [-99.106205, 19.281613], [-99.107146, 19.278447], [-99.107965, 19.278781], [-99.107505, 19.280007], [-99.107711, 19.280351]]], [[[-99.100111, 19.280618], [-99.100408, 19.279622], [-99.102184, 19.280342], [-99.102027, 19.280967], [-99.100501, 19.28084], [-99.100111, 19.280618]]], [[[-99.095549, 19.283979], [-99.09466, 19.284133], [-99.094525, 19.283724], [-99.09481, 19.282757], [-99.096558, 19.278498], [-99.09723, 19.278714], [-99.097115, 19.279013], [-99.097099, 19.279137], [-99.097145, 19.279165], [-99.097348, 19.278711], [-99.098057, 19.279142], [-99.096893, 19.280746], [-99.096517, 19.282255], [-99.095549, 19.283979]]], [[[-99.101174, 19.281008], [-99.102093, 19.281105], [-99.102043, 19.281841], [-99.101722, 19.282266], [-99.100922, 19.28182], [-99.101174, 19.281008]]], [[[-99.098085, 19.283562], [-99.097659, 19.284364], [-99.097492, 19.283521], [-99.096636, 19.282428], [-99.096933, 19.280829], [-99.097779, 19.279794], [-99.097867, 19.280314], [-99.098365, 19.280259], [-99.099011, 19.280692], [-99.0999, 19.280862], [-99.09913, 19.282839], [-99.098627, 19.283166], [-99.098441, 19.283678], [-99.098085, 19.283562]]], [[[-99.098929, 19.283999], [-99.100073, 19.280809], [-99.101086, 19.281015], [-99.100873, 19.28184], [-99.100584, 19.281774], [-99.101696, 19.282295], [-99.101447, 19.282648], [-99.102036, 19.2821], [-99.101685, 19.285827], [-99.098873, 19.284747], [-99.098929, 19.283999]]], [[[-99.097542, 19.284065], [-99.097226, 19.28509], [-99.095537, 19.284229], [-99.096523, 19.2825], [-99.09725, 19.283238], [-99.097542, 19.284065]]], [[[-99.097182, 19.285851], [-99.097447, 19.284671], [-99.09775, 19.284371], [-99.098103, 19.283678], [-99.098497, 19.283736], [-99.099001, 19.283004], [-99.098682, 19.285784], [-99.098096, 19.285848], [-99.098578, 19.286109], [-99.097182, 19.285851]]], [[[-99.092834, 19.284702], [-99.094138, 19.284471], [-99.094278, 19.285417], [-99.092679, 19.285229], [-99.092834, 19.284702]]], [[[-99.094464, 19.284328], [-99.095536, 19.284312], [-99.097195, 19.285149], [-99.096975, 19.285845], [-99.094476, 19.285422], [-99.094367, 19.284481], [-99.094464, 19.284328]]], [[[-99.101632, 19.286178], [-99.09872, 19.286132], [-99.098855, 19.284874], [-99.10164, 19.285924], [-99.101632, 19.286178]]], [[[-99.091698, 19.252664], [-99.092695, 19.24899], [-99.09355, 19.249148], [-99.092681, 19.252933], [-99.091698, 19.252664]]], [[[-99.082884, 19.250197], [-99.084366, 19.250745], [-99.082238, 19.258212], [-99.077281, 19.257254], [-99.079878, 19.24818], [-99.082884, 19.250197]]], [[[-99.085716, 19.25132], [-99.089743, 19.252209], [-99.092378, 19.253221], [-99.092524, 19.253468], [-99.0915, 19.255962], [-99.090908, 19.256051], [-99.090089, 19.255488], [-99.08965, 19.255448], [-99.089347, 19.255167], [-99.088805, 19.255043], [-99.088277, 19.256167], [-99.087653, 19.255951], [-99.087594, 19.255684], [-99.087241, 19.255524], [-99.083304, 19.254549], [-99.084375, 19.250755], [-99.085716, 19.25132]]], [[[-99.090253, 19.255613], [-99.090399, 19.255839], [-99.089863, 19.255762], [-99.089646, 19.256236], [-99.089462, 19.256256], [-99.089651, 19.255505], [-99.090253, 19.255613]]], [[[-99.092724, 19.25854], [-99.090798, 19.25805], [-99.092594, 19.253596], [-99.093787, 19.255758], [-99.093099, 19.257602], [-99.092794, 19.257509], [-99.093062, 19.257671], [-99.092724, 19.25854]]], [[[-99.08934, 19.256348], [-99.089212, 19.257185], [-99.088145, 19.256983], [-99.08891, 19.255095], [-99.089516, 19.255333], [-99.089308, 19.256284], [-99.08877, 19.256198], [-99.08934, 19.256348]]], [[[-99.089734, 19.256287], [-99.089912, 19.255824], [-99.091057, 19.256185], [-99.091467, 19.25607], [-99.091305, 19.256472], [-99.090265, 19.256136], [-99.090086, 19.25638], [-99.089734, 19.256287]]], [[[-99.086986, 19.25639], [-99.087274, 19.255661], [-99.087478, 19.255668], [-99.08751, 19.255981], [-99.088242, 19.256255], [-99.088059, 19.256795], [-99.087755, 19.256722], [-99.088454, 19.257405], [-99.087495, 19.257382], [-99.086763, 19.257024], [-99.087299, 19.257089], [-99.086791, 19.256858], [-99.086966, 19.256472], [-99.087222, 19.256545], [-99.086986, 19.25639]]], [[[-99.086393, 19.256889], [-99.086174, 19.2567], [-99.085634, 19.25836], [-99.085179, 19.258464], [-99.084984, 19.258773], [-99.082321, 19.258215], [-99.083348, 19.254628], [-99.087153, 19.255545], [-99.086747, 19.256819], [-99.086393, 19.256889]]], [[[-99.090197, 19.256493], [-99.090336, 19.256229], [-99.09127, 19.25658], [-99.090695, 19.258009], [-99.089649, 19.257706], [-99.089652, 19.257497], [-99.089335, 19.257141], [-99.089423, 19.256299], [-99.090197, 19.256493]]], [[[-99.08858, 19.257251], [-99.08921, 19.257243], [-99.089608, 19.25757], [-99.088556, 19.257482], [-99.08858, 19.257251]]], [[[-99.08729, 19.258987], [-99.085705, 19.258319], [-99.086127, 19.256957], [-99.087476, 19.257466], [-99.088407, 19.257635], [-99.087871, 19.25899], [-99.08729, 19.258987]]], [[[-99.073378, 19.256624], [-99.072473, 19.259805], [-99.07229, 19.259741], [-99.073177, 19.256583], [-99.073378, 19.256624]]], [[[-99.073814, 19.256711], [-99.072866, 19.259947], [-99.072501, 19.259817], [-99.073405, 19.256629], [-99.073814, 19.256711]]], [[[-99.074011, 19.256751], [-99.073094, 19.26002], [-99.072887, 19.259955], [-99.073838, 19.256716], [-99.074011, 19.256751]]], [[[-99.073119, 19.260029], [-99.074034, 19.256755], [-99.074256, 19.256799], [-99.073317, 19.260093], [-99.073119, 19.260029]]], [[[-99.073337, 19.260099], [-99.073593, 19.259214], [-99.073979, 19.259346], [-99.074712, 19.256892], [-99.075069, 19.256964], [-99.074061, 19.260362], [-99.073337, 19.260099]]], [[[-99.092014, 19.259406], [-99.09229, 19.259537], [-99.09216, 19.259773], [-99.088315, 19.258493], [-99.088554, 19.257578], [-99.092603, 19.258607], [-99.092331, 19.259449], [-99.092014, 19.259406]]], [[[-99.075568, 19.257057], [-99.074498, 19.260527], [-99.074323, 19.260458], [-99.075404, 19.257031], [-99.075568, 19.257057]]], [[[-99.085409, 19.258866], [-99.085171, 19.258796], [-99.085299, 19.258556], [-99.085759, 19.258446], [-99.087344, 19.259059], [-99.086845, 19.259176], [-99.085409, 19.258866]]], [[[-99.092896, 19.258749], [-99.09241, 19.259986], [-99.092211, 19.259833], [-99.092705, 19.258718], [-99.092896, 19.258749]]], [[[-99.074931, 19.258364], [-99.074272, 19.260424], [-99.074251, 19.260434], [-99.074104, 19.260363], [-99.074726, 19.258302], [-99.074931, 19.258364]]], [[[-99.083205, 19.261393], [-99.081571, 19.261893], [-99.081675, 19.261281], [-99.081666, 19.261236], [-99.081425, 19.260972], [-99.081646, 19.261242], [-99.081458, 19.261828], [-99.081009, 19.26185], [-99.076153, 19.260703], [-99.075536, 19.260768], [-99.074648, 19.260231], [-99.075757, 19.257086], [-99.086745, 19.259354], [-99.087762, 19.259243], [-99.087525, 19.259726], [-99.086974, 19.259593], [-99.087166, 19.25973], [-99.086878, 19.259991], [-99.086657, 19.26043], [-99.085264, 19.260126], [-99.085171, 19.25985], [-99.084695, 19.260177], [-99.083715, 19.259979], [-99.084818, 19.260311], [-99.085076, 19.261107], [-99.083731, 19.260949], [-99.083421, 19.261248], [-99.083535, 19.2609], [-99.083205, 19.261393]], [[-99.0751, 19.260282], [-99.075184, 19.25991], [-99.075075, 19.260389], [-99.0751, 19.260282]], [[-99.075247, 19.260451], [-99.075223, 19.260445], [-99.075207, 19.260442], [-99.075247, 19.260451]]], [[[-99.092945, 19.258769], [-99.094458, 19.259272], [-99.095143, 19.260021], [-99.096328, 19.260442], [-99.096059, 19.261163], [-99.090547, 19.259969], [-99.088003, 19.259128], [-99.088321, 19.258616], [-99.092455, 19.260059], [-99.092945, 19.258769]]], [[[-99.071909, 19.261029], [-99.071796, 19.260981], [-99.072167, 19.259831], [-99.072323, 19.259899], [-99.071909, 19.261029]]], [[[-99.072486, 19.259943], [-99.072632, 19.260034], [-99.072278, 19.26092], [-99.072069, 19.260823], [-99.072486, 19.259943]]], [[[-99.072763, 19.260084], [-99.072126, 19.2619], [-99.072036, 19.261862], [-99.072763, 19.260084]]], [[[-99.072154, 19.261899], [-99.072796, 19.260101], [-99.072847, 19.260135], [-99.072154, 19.261899]]], [[[-99.072278, 19.261937], [-99.072873, 19.260135], [-99.07301, 19.260195], [-99.072278, 19.261937]]], [[[-99.073043, 19.260198], [-99.073165, 19.260264], [-99.072563, 19.261979], [-99.072391, 19.261983], [-99.073043, 19.260198]]], [[[-99.073199, 19.260262], [-99.073293, 19.260316], [-99.072581, 19.261977], [-99.073187, 19.260269], [-99.073199, 19.260262]]], [[[-99.087884, 19.260542], [-99.093407, 19.262125], [-99.091713, 19.262685], [-99.089997, 19.262058], [-99.085372, 19.261114], [-99.085055, 19.260445], [-99.085211, 19.260189], [-99.086969, 19.26063], [-99.086723, 19.260524], [-99.086866, 19.2601], [-99.087561, 19.259738], [-99.087884, 19.260542]]], [[[-99.073619, 19.260434], [-99.07303, 19.26215], [-99.07285, 19.262072], [-99.073619, 19.260434]]], [[[-99.073231, 19.261012], [-99.07281, 19.262068], [-99.072699, 19.262018], [-99.073086, 19.260955], [-99.073231, 19.261012]]], [[[-99.083073, 19.261607], [-99.083041, 19.261906], [-99.083196, 19.261557], [-99.083946, 19.261253], [-99.083558, 19.262462], [-99.081875, 19.261997], [-99.083073, 19.261607]]], [[[-99.084084, 19.261199], [-99.085036, 19.261219], [-99.084901, 19.262143], [-99.084639, 19.262136], [-99.084894, 19.262217], [-99.085008, 19.262831], [-99.083645, 19.262481], [-99.084084, 19.261199]]], [[[-99.085135, 19.261253], [-99.08576, 19.261246], [-99.089232, 19.262134], [-99.088721, 19.262748], [-99.087947, 19.262566], [-99.088729, 19.262836], [-99.088502, 19.263422], [-99.087955, 19.263706], [-99.085107, 19.262763], [-99.085135, 19.261253]]], [[[-99.07256, 19.263594], [-99.07232, 19.263565], [-99.072834, 19.262111], [-99.073028, 19.262189], [-99.07256, 19.263594]]], [[[-99.072086, 19.263693], [-99.072696, 19.262048], [-99.072804, 19.262106], [-99.072086, 19.263693]]], [[[-99.071798, 19.263836], [-99.072386, 19.262017], [-99.072562, 19.262065], [-99.071948, 19.263874], [-99.071798, 19.263836]]], [[[-99.089296, 19.262175], [-99.091853, 19.262908], [-99.090668, 19.264406], [-99.089873, 19.264217], [-99.089894, 19.263853], [-99.089787, 19.264184], [-99.088466, 19.263847], [-99.088913, 19.262519], [-99.089296, 19.262175]]], [[[-99.074323, 19.260691], [-99.072653, 19.26551], [-99.072119, 19.266062], [-99.073908, 19.260552], [-99.074323, 19.260691]]], [[[-99.073664, 19.260434], [-99.073875, 19.260539], [-99.072033, 19.266163], [-99.071652, 19.266548], [-99.073664, 19.260434]]], [[[-99.093572, 19.265045], [-99.091058, 19.26446], [-99.09186, 19.263347], [-99.09414, 19.264054], [-99.09397, 19.264782], [-99.093572, 19.265045]]], [[[-99.085161, 19.263449], [-99.086015, 19.26365], [-99.085545, 19.264974], [-99.084646, 19.264538], [-99.085161, 19.263449]]], [[[-99.086191, 19.263684], [-99.086599, 19.26379], [-99.086539, 19.264036], [-99.086295, 19.264071], [-99.086551, 19.264082], [-99.086682, 19.263809], [-99.08675, 19.263752], [-99.087114, 19.263911], [-99.08685, 19.264184], [-99.086845, 19.264609], [-99.086395, 19.264499], [-99.086807, 19.264692], [-99.086615, 19.265132], [-99.0862, 19.265007], [-99.086607, 19.265182], [-99.086484, 19.265493], [-99.085621, 19.265072], [-99.08588, 19.264439], [-99.086012, 19.264659], [-99.086291, 19.264529], [-99.085908, 19.264351], [-99.086191, 19.263684]]], [[[-99.085174, 19.264922], [-99.085009, 19.265155], [-99.085227, 19.264993], [-99.08552, 19.265134], [-99.085169, 19.266277], [-99.084733, 19.266171], [-99.085122, 19.266333], [-99.085084, 19.2665], [-99.084509, 19.266156], [-99.084104, 19.266035], [-99.083924, 19.266697], [-99.083572, 19.266541], [-99.084168, 19.265109], [-99.084498, 19.265276], [-99.084409, 19.265529], [-99.084525, 19.265371], [-99.084503, 19.265192], [-99.084188, 19.265058], [-99.084461, 19.264274], [-99.084141, 19.264189], [-99.084411, 19.264305], [-99.084144, 19.264442], [-99.084303, 19.26453], [-99.083801, 19.265873], [-99.082986, 19.26554], [-99.083927, 19.263173], [-99.085083, 19.26341], [-99.084583, 19.264654], [-99.085174, 19.264922]]], [[[-99.072472, 19.263825], [-99.071747, 19.266132], [-99.071404, 19.266044], [-99.072226, 19.263774], [-99.072472, 19.263825]]], [[[-99.089073, 19.265755], [-99.088235, 19.265599], [-99.088402, 19.265107], [-99.087874, 19.264858], [-99.088185, 19.26425], [-99.089594, 19.264652], [-99.089285, 19.265098], [-99.089073, 19.265755]]], [[[-99.089513, 19.265808], [-99.089203, 19.26586], [-99.089146, 19.265653], [-99.089737, 19.264576], [-99.089955, 19.264707], [-99.089513, 19.265808]]], [[[-99.08722, 19.263936], [-99.088136, 19.264219], [-99.087013, 19.266834], [-99.086172, 19.266571], [-99.08722, 19.263936]]], [[[-99.088102, 19.265681], [-99.087652, 19.26558], [-99.087811, 19.265118], [-99.088278, 19.265149], [-99.088102, 19.265681]]], [[[-99.076402, 19.26472], [-99.074429, 19.26403], [-99.075487, 19.261101], [-99.077835, 19.261911], [-99.079515, 19.26221], [-99.078555, 19.264781], [-99.078246, 19.264768], [-99.078318, 19.264986], [-99.078512, 19.264945], [-99.078232, 19.265709], [-99.079657, 19.262217], [-99.080869, 19.262515], [-99.080082, 19.26456], [-99.080118, 19.264702], [-99.080268, 19.264732], [-99.080183, 19.264479], [-99.081018, 19.262504], [-99.081862, 19.262703], [-99.081039, 19.264782], [-99.081979, 19.262703], [-99.083882, 19.263158], [-99.082684, 19.26616], [-99.082042, 19.26629], [-99.081655, 19.267587], [-99.081984, 19.266851], [-99.082218, 19.26696], [-99.081993, 19.266767], [-99.08232, 19.266298], [-99.082656, 19.266281], [-99.082215, 19.267256], [-99.08269, 19.26641], [-99.083915, 19.266749], [-99.083683, 19.267423], [-99.084226, 19.266119], [-99.084655, 19.266308], [-99.084595, 19.266482], [-99.084685, 19.266354], [-99.085046, 19.266569], [-99.084741, 19.267307], [-99.084564, 19.26725], [-99.084697, 19.267461], [-99.083512, 19.269986], [-99.076348, 19.267497], [-99.076825, 19.266366], [-99.07599, 19.265897], [-99.076402, 19.26472]]], [[[-99.086052, 19.266588], [-99.085688, 19.266452], [-99.085987, 19.265671], [-99.085628, 19.266428], [-99.085277, 19.266296], [-99.085587, 19.265144], [-99.086463, 19.265587], [-99.086052, 19.266588]]], [[[-99.093068, 19.266312], [-99.092809, 19.266347], [-99.093152, 19.265394], [-99.093415, 19.265501], [-99.093068, 19.266312]]], [[[-99.091493, 19.267027], [-99.090774, 19.266773], [-99.09127, 19.265766], [-99.091302, 19.265984], [-99.091463, 19.265388], [-99.091734, 19.265357], [-99.091585, 19.265027], [-99.092934, 19.26541], [-99.092658, 19.266604], [-99.091733, 19.266444], [-99.091493, 19.267027]]], [[[-99.083726, 19.265944], [-99.083519, 19.266551], [-99.08272, 19.266349], [-99.082986, 19.265631], [-99.083726, 19.265944]]], [[[-99.089179, 19.267449], [-99.089874, 19.265237], [-99.090399, 19.265122], [-99.090533, 19.264828], [-99.09162, 19.265138], [-99.091425, 19.265381], [-99.091289, 19.265734], [-99.090414, 19.265181], [-99.090255, 19.265268], [-99.090066, 19.265978], [-99.090307, 19.265364], [-99.091159, 19.265721], [-99.090628, 19.266989], [-99.090386, 19.267246], [-99.08984, 19.267313], [-99.089839, 19.266781], [-99.089669, 19.267307], [-99.089179, 19.267449]]], [[[-99.085562, 19.267469], [-99.085349, 19.267307], [-99.085628, 19.266595], [-99.086031, 19.266678], [-99.085562, 19.267469]]], [[[-99.088066, 19.265786], [-99.08704, 19.268795], [-99.086426, 19.269165], [-99.087596, 19.265617], [-99.088066, 19.265786]]], [[[-99.085678, 19.270887], [-99.086358, 19.269319], [-99.08716, 19.268958], [-99.087382, 19.268118], [-99.087826, 19.268236], [-99.088517, 19.268179], [-99.087382, 19.268045], [-99.08831, 19.265686], [-99.089041, 19.265866], [-99.088944, 19.266034], [-99.088601, 19.265939], [-99.089005, 19.266134], [-99.088924, 19.266594], [-99.089158, 19.265885], [-99.089485, 19.266015], [-99.08913, 19.266571], [-99.089018, 19.26742], [-99.088533, 19.267236], [-99.089015, 19.267483], [-99.088797, 19.267624], [-99.088755, 19.268228], [-99.088552, 19.268185], [-99.088731, 19.268289], [-99.088449, 19.269181], [-99.08818, 19.269156], [-99.088094, 19.26932], [-99.087534, 19.269121], [-99.088088, 19.269396], [-99.088417, 19.269284], [-99.087577, 19.271104], [-99.086269, 19.270656], [-99.086108, 19.271053], [-99.085678, 19.270887]]], [[[-99.085579, 19.267888], [-99.085388, 19.267991], [-99.086512, 19.268359], [-99.086324, 19.268776], [-99.085639, 19.268534], [-99.08635, 19.268859], [-99.086254, 19.269308], [-99.0853, 19.269907], [-99.084906, 19.270551], [-99.084146, 19.270191], [-99.084394, 19.269495], [-99.084001, 19.270301], [-99.083576, 19.270088], [-99.08515, 19.266505], [-99.085399, 19.266406], [-99.085554, 19.266688], [-99.084785, 19.2681], [-99.084934, 19.268132], [-99.085321, 19.267482], [-99.085772, 19.267516], [-99.086141, 19.266644], [-99.086971, 19.266914], [-99.086723, 19.267579], [-99.086476, 19.267489], [-99.086717, 19.267652], [-99.086539, 19.268241], [-99.085579, 19.267888]]], [[[-99.0894, 19.27113], [-99.089092, 19.27171], [-99.087972, 19.271097], [-99.08892, 19.26847], [-99.089291, 19.268576], [-99.089207, 19.268893], [-99.089413, 19.26832], [-99.089893, 19.268476], [-99.090218, 19.268468], [-99.0894, 19.268157], [-99.08925, 19.268494], [-99.088925, 19.268401], [-99.089196, 19.267501], [-99.090256, 19.26739], [-99.090138, 19.267937], [-99.090326, 19.267344], [-99.090563, 19.267375], [-99.090757, 19.266919], [-99.091408, 19.267093], [-99.091338, 19.267564], [-99.091787, 19.266544], [-99.092556, 19.266694], [-99.09199, 19.268876], [-99.090956, 19.268748], [-99.091144, 19.268068], [-99.090822, 19.268907], [-99.091543, 19.268998], [-99.091984, 19.268954], [-99.091203, 19.271388], [-99.090844, 19.271736], [-99.090069, 19.272057], [-99.089149, 19.271751], [-99.0894, 19.27113]]], [[[-99.084973, 19.270571], [-99.085363, 19.26997], [-99.086211, 19.269423], [-99.085597, 19.270783], [-99.084973, 19.270571]]], [[[-99.092413, 19.271543], [-99.092212, 19.271451], [-99.092074, 19.271417], [-99.092401, 19.271641], [-99.091926, 19.271485], [-99.092021, 19.271114], [-99.091651, 19.271223], [-99.091934, 19.27127], [-99.091873, 19.271438], [-99.091358, 19.271241], [-99.092063, 19.269128], [-99.092418, 19.269251], [-99.092388, 19.269501], [-99.092509, 19.269248], [-99.093114, 19.269721], [-99.093494, 19.269697], [-99.093417, 19.269922], [-99.093692, 19.269535], [-99.093967, 19.269585], [-99.0949, 19.269297], [-99.094489, 19.270252], [-99.093475, 19.27178], [-99.093085, 19.271901], [-99.092425, 19.271669], [-99.092587, 19.27136], [-99.09258, 19.271156], [-99.092548, 19.271335], [-99.092302, 19.271295], [-99.092413, 19.271543]]], [[[-99.091265, 19.271585], [-99.091404, 19.271357], [-99.093037, 19.27192], [-99.092558, 19.272113], [-99.091265, 19.271585]]], [[[-99.091058, 19.271697], [-99.091306, 19.271773], [-99.091091, 19.272479], [-99.09024, 19.272162], [-99.091058, 19.271697]]], [[[-99.092492, 19.272197], [-99.092216, 19.272441], [-99.09128, 19.271918], [-99.091401, 19.271775], [-99.092492, 19.272197]]], [[[-99.088493, 19.271687], [-99.089743, 19.272187], [-99.087955, 19.272792], [-99.088175, 19.271902], [-99.088493, 19.271687]]], [[[-99.093488, 19.271856], [-99.09298, 19.272773], [-99.092321, 19.272478], [-99.092676, 19.272136], [-99.093488, 19.271856]]], [[[-99.086161, 19.271153], [-99.086315, 19.270825], [-99.087508, 19.271204], [-99.087051, 19.271771], [-99.086773, 19.271656], [-99.087012, 19.271808], [-99.085741, 19.273932], [-99.085043, 19.273872], [-99.084555, 19.273495], [-99.085423, 19.271349], [-99.085624, 19.270966], [-99.086161, 19.271153]]], [[[-99.091371, 19.272602], [-99.091193, 19.27251], [-99.091349, 19.27207], [-99.091899, 19.272376], [-99.092184, 19.272479], [-99.091726, 19.272709], [-99.091371, 19.272602]]], [[[-99.092818, 19.27316], [-99.091841, 19.272758], [-99.092204, 19.272528], [-99.092967, 19.272834], [-99.092818, 19.27316]]], [[[-99.086062, 19.273871], [-99.087078, 19.271992], [-99.087857, 19.272383], [-99.087767, 19.272903], [-99.0875, 19.272797], [-99.08773, 19.27295], [-99.086062, 19.273871]]], [[[-99.093816, 19.273244], [-99.093718, 19.273482], [-99.093048, 19.273233], [-99.093024, 19.272965], [-99.093816, 19.273244]]], [[[-99.087819, 19.272985], [-99.087437, 19.274142], [-99.086961, 19.273988], [-99.086333, 19.275421], [-99.084818, 19.274855], [-99.087819, 19.272985]]], [[[-99.089533, 19.274341], [-99.089122, 19.274866], [-99.088521, 19.276164], [-99.086389, 19.275467], [-99.086971, 19.27408], [-99.087426, 19.274176], [-99.087402, 19.274351], [-99.08748, 19.274178], [-99.087819, 19.27431], [-99.087889, 19.274231], [-99.087507, 19.274102], [-99.08789, 19.272955], [-99.088609, 19.27265], [-99.089971, 19.272245], [-99.091442, 19.272894], [-99.090667, 19.274679], [-99.089533, 19.274341]]], [[[-99.084735, 19.270843], [-99.084154, 19.271603], [-99.084025, 19.271557], [-99.08409, 19.271752], [-99.084929, 19.270655], [-99.085002, 19.270847], [-99.085087, 19.270678], [-99.085523, 19.270873], [-99.084462, 19.273499], [-99.083484, 19.273055], [-99.084966, 19.273929], [-99.085602, 19.274061], [-99.084035, 19.274937], [-99.083551, 19.275106], [-99.083104, 19.274998], [-99.083529, 19.275213], [-99.079708, 19.281684], [-99.079238, 19.281754], [-99.075548, 19.280285], [-99.077384, 19.275596], [-99.075901, 19.274937], [-99.076308, 19.27355], [-99.074241, 19.273061], [-99.076346, 19.267502], [-99.083384, 19.26998], [-99.083493, 19.270309], [-99.083967, 19.270448], [-99.084235, 19.270307], [-99.084796, 19.270567], [-99.084735, 19.270843]], [[-99.084203, 19.270535], [-99.084114, 19.270475], [-99.084105, 19.270499], [-99.084203, 19.270535]], [[-99.084597, 19.270992], [-99.084504, 19.27094], [-99.084758, 19.270573], [-99.084504, 19.27094], [-99.084597, 19.270992]], [[-99.083119, 19.27533], [-99.083083, 19.275266], [-99.083061, 19.275307], [-99.083119, 19.27533]], [[-99.082074, 19.277036], [-99.082022, 19.277116], [-99.082092, 19.277163], [-99.082074, 19.277036]], [[-99.080875, 19.279486], [-99.080902, 19.279224], [-99.080777, 19.279445], [-99.080875, 19.279486]], [[-99.07642, 19.279452], [-99.076402, 19.279375], [-99.076402, 19.279374], [-99.07642, 19.279452]], [[-99.075944, 19.279608], [-99.076016, 19.279403], [-99.075943, 19.279608], [-99.076168, 19.279692], [-99.075944, 19.279608]]], [[[-99.092237, 19.276687], [-99.092631, 19.277172], [-99.092243, 19.277489], [-99.091447, 19.277305], [-99.091628, 19.276511], [-99.091372, 19.276391], [-99.091575, 19.276523], [-99.091368, 19.277307], [-99.090034, 19.277021], [-99.090983, 19.274071], [-99.091649, 19.274181], [-99.091024, 19.27395], [-99.091541, 19.272886], [-99.093362, 19.273573], [-99.092955, 19.274709], [-99.092301, 19.274383], [-99.092107, 19.275131], [-99.091804, 19.274859], [-99.091731, 19.275074], [-99.092075, 19.275185], [-99.091974, 19.275495], [-99.092401, 19.274475], [-99.092943, 19.27477], [-99.092487, 19.276009], [-99.092518, 19.276102], [-99.093493, 19.273668], [-99.094864, 19.274104], [-99.093922, 19.276732], [-99.092969, 19.277121], [-99.092237, 19.276687]]], [[[-99.089879, 19.276981], [-99.089297, 19.276669], [-99.089103, 19.27596], [-99.088824, 19.275803], [-99.089274, 19.274697], [-99.089612, 19.274384], [-99.090644, 19.274753], [-99.089879, 19.276981]]], [[[-99.084882, 19.275743], [-99.085126, 19.275089], [-99.086262, 19.27549], [-99.085977, 19.276533], [-99.085357, 19.276325], [-99.085414, 19.275985], [-99.084882, 19.275743]]], [[[-99.084589, 19.274867], [-99.084984, 19.275003], [-99.084842, 19.275794], [-99.085361, 19.276012], [-99.084952, 19.277005], [-99.083038, 19.276324], [-99.083642, 19.275358], [-99.084589, 19.274867]]], [[[-99.088772, 19.275841], [-99.08903, 19.276018], [-99.089184, 19.276646], [-99.088454, 19.277548], [-99.086008, 19.276545], [-99.086263, 19.276023], [-99.086267, 19.2756], [-99.08859, 19.27624], [-99.088772, 19.275841]]], [[[-99.08801, 19.278186], [-99.0868, 19.277692], [-99.085077, 19.277078], [-99.085267, 19.276383], [-99.088389, 19.277579], [-99.08801, 19.278186]]], [[[-99.083826, 19.278686], [-99.082904, 19.278129], [-99.082078, 19.277941], [-99.08298, 19.276419], [-99.085936, 19.277466], [-99.085722, 19.278035], [-99.08518, 19.278004], [-99.085693, 19.278134], [-99.085437, 19.278939], [-99.084115, 19.278516], [-99.083826, 19.278686]]], [[[-99.087377, 19.279172], [-99.085521, 19.278955], [-99.086011, 19.277472], [-99.087946, 19.278277], [-99.087377, 19.279172]]], [[[-99.08754, 19.279117], [-99.088455, 19.277753], [-99.089814, 19.277097], [-99.092273, 19.277685], [-99.090996, 19.280222], [-99.08754, 19.279117]]], [[[-99.083824, 19.278784], [-99.082777, 19.280877], [-99.081647, 19.280178], [-99.081379, 19.280576], [-99.080688, 19.280271], [-99.082057, 19.278031], [-99.082769, 19.278136], [-99.083824, 19.278784]]], [[[-99.094054, 19.276845], [-99.092746, 19.280766], [-99.093966, 19.281242], [-99.09493, 19.281367], [-99.095304, 19.281265], [-99.09435, 19.283643], [-99.093329, 19.283209], [-99.091797, 19.281255], [-99.091029, 19.280492], [-99.09211, 19.278065], [-99.092492, 19.278126], [-99.092219, 19.277965], [-99.092331, 19.277804], [-99.092876, 19.278189], [-99.092919, 19.278033], [-99.09234, 19.277775], [-99.092452, 19.277568], [-99.093057, 19.277173], [-99.093527, 19.277279], [-99.094054, 19.276845]]], [[[-99.085885, 19.281973], [-99.084483, 19.281503], [-99.084805, 19.280759], [-99.084788, 19.280751], [-99.084473, 19.281496], [-99.082951, 19.280948], [-99.083863, 19.278832], [-99.084171, 19.278607], [-99.085068, 19.278907], [-99.087322, 19.279374], [-99.087492, 19.279162], [-99.091011, 19.280427], [-99.089642, 19.283498], [-99.089331, 19.283513], [-99.08717, 19.282831], [-99.085885, 19.281973]]], [[[-99.089596, 19.283604], [-99.089127, 19.284548], [-99.082689, 19.283748], [-99.08289, 19.283211], [-99.082689, 19.283748], [-99.08003, 19.283402], [-99.079512, 19.283206], [-99.079751, 19.281895], [-99.080601, 19.28035], [-99.081395, 19.280653], [-99.081675, 19.280324], [-99.082755, 19.280945], [-99.082239, 19.2818], [-99.082761, 19.281014], [-99.082903, 19.280996], [-99.0859, 19.282021], [-99.087164, 19.282889], [-99.089596, 19.283604]]], [[[-99.092794, 19.284555], [-99.09258, 19.285119], [-99.089256, 19.284533], [-99.090922, 19.280713], [-99.091651, 19.281179], [-99.093118, 19.28303], [-99.092321, 19.284444], [-99.092794, 19.284555]]], [[[-99.071877, 19.256286], [-99.070931, 19.259633], [-99.070776, 19.259641], [-99.07172, 19.256251], [-99.071877, 19.256286]]], [[[-99.071552, 19.256738], [-99.070732, 19.259625], [-99.070535, 19.25964], [-99.071346, 19.256691], [-99.071552, 19.256738]]], [[[-99.069627, 19.256879], [-99.068789, 19.259741], [-99.068613, 19.259745], [-99.069419, 19.256825], [-99.069627, 19.256879]]], [[[-99.071207, 19.257043], [-99.070488, 19.259632], [-99.070246, 19.259657], [-99.071006, 19.256988], [-99.071207, 19.257043]]], [[[-99.071868, 19.257231], [-99.072077, 19.257291], [-99.071441, 19.259611], [-99.071201, 19.259622], [-99.071868, 19.257231]]], [[[-99.069081, 19.257127], [-99.069299, 19.257181], [-99.068571, 19.259746], [-99.068394, 19.259742], [-99.069081, 19.257127]]], [[[-99.069918, 19.257394], [-99.069261, 19.259738], [-99.068864, 19.259756], [-99.069546, 19.257303], [-99.069918, 19.257394]]], [[[-99.069939, 19.257399], [-99.070097, 19.257437], [-99.069284, 19.259737], [-99.069939, 19.257399]]], [[[-99.06946, 19.259718], [-99.07011, 19.25744], [-99.070214, 19.257466], [-99.06946, 19.259718]]], [[[-99.07024, 19.257472], [-99.070384, 19.257503], [-99.069762, 19.25969], [-99.069596, 19.259712], [-99.07024, 19.257472]]], [[[-99.070338, 19.257833], [-99.070485, 19.257869], [-99.069983, 19.259669], [-99.069805, 19.259686], [-99.070338, 19.257833]]], [[[-99.07001, 19.259679], [-99.07051, 19.257875], [-99.07071, 19.257928], [-99.070217, 19.259654], [-99.07001, 19.259679]]], [[[-99.067919, 19.259742], [-99.067814, 19.259735], [-99.068334, 19.257862], [-99.067919, 19.259742]]], [[[-99.068715, 19.257939], [-99.068833, 19.257971], [-99.068354, 19.259747], [-99.068715, 19.257939]]], [[[-99.068429, 19.258442], [-99.067938, 19.259757], [-99.067932, 19.259749], [-99.068429, 19.258442]]], [[[-99.068187, 19.259766], [-99.068081, 19.259763], [-99.068446, 19.258443], [-99.068187, 19.259766]]], [[[-99.069635, 19.260586], [-99.069797, 19.259808], [-99.070065, 19.259831], [-99.069848, 19.260606], [-99.069635, 19.260586]]], [[[-99.068552, 19.259864], [-99.068318, 19.260814], [-99.068092, 19.260794], [-99.06838, 19.259879], [-99.068552, 19.259864]]], [[[-99.069179, 19.259826], [-99.068735, 19.260884], [-99.06873, 19.260876], [-99.069179, 19.259826]]], [[[-99.068126, 19.259895], [-99.067832, 19.260861], [-99.067688, 19.260809], [-99.068126, 19.259895]]], [[[-99.067663, 19.259785], [-99.0674, 19.261044], [-99.067221, 19.261152], [-99.067629, 19.259791], [-99.067663, 19.259785]]], [[[-99.067917, 19.259883], [-99.067577, 19.261105], [-99.067426, 19.26104], [-99.06779, 19.259868], [-99.067917, 19.259883]]], [[[-99.070376, 19.261193], [-99.070223, 19.261122], [-99.070773, 19.259794], [-99.070757, 19.260168], [-99.070376, 19.261193]]], [[[-99.067828, 19.261526], [-99.067672, 19.261455], [-99.068181, 19.259874], [-99.068338, 19.259897], [-99.067828, 19.261526]]], [[[-99.069978, 19.261351], [-99.070338, 19.260412], [-99.070452, 19.260456], [-99.069978, 19.261351]]], [[[-99.067347, 19.260123], [-99.067497, 19.26015], [-99.066948, 19.261976], [-99.067347, 19.260123]]], [[[-99.069129, 19.260533], [-99.069245, 19.260561], [-99.068908, 19.261614], [-99.069129, 19.260533]]], [[[-99.069276, 19.260604], [-99.069422, 19.260664], [-99.069057, 19.26167], [-99.06892, 19.261623], [-99.069276, 19.260604]]], [[[-99.067989, 19.261771], [-99.067815, 19.261718], [-99.068096, 19.260882], [-99.068253, 19.260953], [-99.067989, 19.261771]]], [[[-99.067675, 19.260874], [-99.067828, 19.26092], [-99.067381, 19.26225], [-99.067324, 19.262224], [-99.067622, 19.26118], [-99.067675, 19.260874]]], [[[-99.070051, 19.262076], [-99.069907, 19.262016], [-99.070208, 19.261156], [-99.070372, 19.261235], [-99.070051, 19.262076]]], [[[-99.069022, 19.262526], [-99.069079, 19.261671], [-99.069444, 19.260727], [-99.069627, 19.260809], [-99.069022, 19.262526]]], [[[-99.067294, 19.262225], [-99.06715, 19.262185], [-99.067426, 19.261085], [-99.067609, 19.261175], [-99.067294, 19.262225]]], [[[-99.069147, 19.262559], [-99.069092, 19.262557], [-99.069654, 19.260773], [-99.069147, 19.262559]]], [[[-99.070522, 19.261278], [-99.070229, 19.26213], [-99.070082, 19.262082], [-99.070522, 19.261278]]], [[[-99.069195, 19.262627], [-99.069767, 19.260869], [-99.069979, 19.260795], [-99.069335, 19.262637], [-99.069195, 19.262627]]], [[[-99.070562, 19.261291], [-99.070703, 19.261364], [-99.070424, 19.262172], [-99.070261, 19.262126], [-99.070562, 19.261291]]], [[[-99.067605, 19.262275], [-99.067438, 19.262223], [-99.067659, 19.261495], [-99.067832, 19.261553], [-99.067605, 19.262275]]], [[[-99.070085, 19.261403], [-99.069713, 19.2625], [-99.069604, 19.262455], [-99.070085, 19.261403]]], [[[-99.06841, 19.262593], [-99.068687, 19.261586], [-99.068702, 19.261577], [-99.06884, 19.261843], [-99.068599, 19.262579], [-99.06841, 19.262593]]], [[[-99.070397, 19.262202], [-99.070229, 19.262784], [-99.07001, 19.262764], [-99.070225, 19.262166], [-99.070397, 19.262202]]], [[[-99.072005, 19.261895], [-99.071618, 19.263089], [-99.071525, 19.263049], [-99.072005, 19.261895]]], [[[-99.071856, 19.261846], [-99.071468, 19.26314], [-99.071358, 19.263095], [-99.071856, 19.261846]]], [[[-99.072124, 19.261934], [-99.071729, 19.263124], [-99.071647, 19.263081], [-99.072124, 19.261934]]], [[[-99.067644, 19.262328], [-99.067402, 19.263171], [-99.067256, 19.263132], [-99.067516, 19.262316], [-99.067644, 19.262328]]], [[[-99.069803, 19.262549], [-99.069596, 19.263121], [-99.069398, 19.263064], [-99.069597, 19.262483], [-99.069803, 19.262549]]], [[[-99.07086, 19.262526], [-99.070573, 19.263361], [-99.070328, 19.263301], [-99.070632, 19.262463], [-99.07086, 19.262526]]], [[[-99.069118, 19.26374], [-99.069004, 19.263697], [-99.069471, 19.262322], [-99.069613, 19.262367], [-99.069118, 19.26374]]], [[[-99.070008, 19.264022], [-99.06985, 19.26396], [-99.070264, 19.262776], [-99.070452, 19.262867], [-99.070008, 19.264022]]], [[[-99.067321, 19.264036], [-99.067021, 19.263896], [-99.067218, 19.263269], [-99.067521, 19.263371], [-99.067321, 19.264036]]], [[[-99.068606, 19.264166], [-99.068347, 19.264052], [-99.068643, 19.263312], [-99.068874, 19.263403], [-99.068606, 19.264166]]], [[[-99.06921, 19.264346], [-99.069608, 19.263182], [-99.069796, 19.263219], [-99.069395, 19.264384], [-99.06921, 19.264346]]], [[[-99.069604, 19.264504], [-99.069416, 19.264398], [-99.06983, 19.263257], [-99.070039, 19.263336], [-99.069604, 19.264504]]], [[[-99.069811, 19.264607], [-99.070308, 19.263348], [-99.070557, 19.263407], [-99.070066, 19.264666], [-99.069811, 19.264607]]], [[[-99.071248, 19.264591], [-99.070562, 19.264395], [-99.070769, 19.263824], [-99.071409, 19.264068], [-99.071248, 19.264591]]], [[[-99.069314, 19.262675], [-99.0682, 19.265858], [-99.068095, 19.265794], [-99.069314, 19.262675]]], [[[-99.067204, 19.26543], [-99.067095, 19.265441], [-99.067676, 19.26339], [-99.067204, 19.26543]]], [[[-99.06775, 19.264183], [-99.067418, 19.265192], [-99.067305, 19.265146], [-99.06775, 19.264183]]], [[[-99.071348, 19.265587], [-99.071215, 19.265513], [-99.07179, 19.263861], [-99.071971, 19.263933], [-99.071348, 19.265587]]], [[[-99.07103, 19.265436], [-99.071425, 19.264084], [-99.071438, 19.264077], [-99.071651, 19.264163], [-99.071197, 19.265507], [-99.07103, 19.265436]]], [[[-99.069422, 19.264442], [-99.069165, 19.265199], [-99.069015, 19.265152], [-99.069279, 19.264401], [-99.069422, 19.264442]]], [[[-99.069115, 19.263768], [-99.068359, 19.265927], [-99.068243, 19.265861], [-99.069115, 19.263768]]], [[[-99.067406, 19.264287], [-99.067046, 19.265413], [-99.066962, 19.265357], [-99.067406, 19.264287]]], [[[-99.071248, 19.265988], [-99.072086, 19.263716], [-99.072197, 19.263764], [-99.071248, 19.265988]]], [[[-99.068155, 19.264056], [-99.068288, 19.264108], [-99.06775, 19.265686], [-99.067592, 19.265651], [-99.068155, 19.264056]]], [[[-99.068526, 19.265994], [-99.068394, 19.265931], [-99.069147, 19.26375], [-99.069368, 19.26381], [-99.068526, 19.265994]]], [[[-99.069779, 19.2646], [-99.069394, 19.265359], [-99.069176, 19.265225], [-99.06961, 19.264535], [-99.069779, 19.2646]]], [[[-99.067764, 19.265729], [-99.068449, 19.264152], [-99.067885, 19.265772], [-99.067764, 19.265729]]], [[[-99.0686, 19.264205], [-99.068056, 19.265785], [-99.067944, 19.265737], [-99.0686, 19.264205]]], [[[-99.070846, 19.265866], [-99.07009, 19.265602], [-99.070545, 19.264441], [-99.071242, 19.26462], [-99.070846, 19.265866]]], [[[-99.068928, 19.266147], [-99.06869, 19.266054], [-99.068995, 19.265258], [-99.06924, 19.265346], [-99.068928, 19.266147]]], [[[-99.069266, 19.265346], [-99.069401, 19.2654], [-99.069109, 19.266167], [-99.068953, 19.266145], [-99.069266, 19.265346]]], [[[-99.069257, 19.266282], [-99.069109, 19.266218], [-99.06942, 19.265361], [-99.069647, 19.265321], [-99.069257, 19.266282]]], [[[-99.070006, 19.265722], [-99.069757, 19.266437], [-99.069441, 19.266336], [-99.069681, 19.265632], [-99.070006, 19.265722]]], [[[-99.069938, 19.266019], [-99.070015, 19.265861], [-99.070743, 19.266117], [-99.070663, 19.266286], [-99.069938, 19.266019]]], [[[-99.070665, 19.266309], [-99.070485, 19.266696], [-99.06982, 19.266452], [-99.069946, 19.266059], [-99.070665, 19.266309]]], [[[-99.068952, 19.266189], [-99.068724, 19.266723], [-99.068332, 19.266579], [-99.068534, 19.266054], [-99.068952, 19.266189]]], [[[-99.071613, 19.266574], [-99.071278, 19.266893], [-99.071534, 19.266127], [-99.071731, 19.266182], [-99.071613, 19.266574]]], [[[-99.067336, 19.26639], [-99.067417, 19.266244], [-99.068354, 19.266631], [-99.068266, 19.266787], [-99.067336, 19.26639]]], [[[-99.070596, 19.267498], [-99.070495, 19.267469], [-99.071233, 19.265557], [-99.070596, 19.267498]]], [[[-99.071242, 19.266028], [-99.071503, 19.266116], [-99.071211, 19.266972], [-99.070627, 19.267517], [-99.071242, 19.266028]]], [[[-99.069257, 19.267029], [-99.069197, 19.26713], [-99.068303, 19.266798], [-99.068395, 19.266644], [-99.069257, 19.267029]]], [[[-99.069775, 19.267168], [-99.070021, 19.266562], [-99.070242, 19.266642], [-99.069984, 19.267256], [-99.069775, 19.267168]]], [[[-99.068571, 19.267257], [-99.068542, 19.267372], [-99.066199, 19.266475], [-99.068571, 19.267257]]], [[[-99.068645, 19.267115], [-99.068606, 19.26723], [-99.06722, 19.266708], [-99.068645, 19.267115]]], [[[-99.069188, 19.267144], [-99.069174, 19.267262], [-99.068259, 19.26694], [-99.069188, 19.267144]]], [[[-99.06849, 19.267521], [-99.067347, 19.267115], [-99.067389, 19.266967], [-99.068514, 19.267396], [-99.06849, 19.267521]]], [[[-99.069256, 19.267148], [-99.069289, 19.267037], [-99.070598, 19.267577], [-99.069256, 19.267148]]], [[[-99.068459, 19.267547], [-99.06843, 19.267675], [-99.06728, 19.267258], [-99.068459, 19.267547]]], [[[-99.068354, 19.267816], [-99.067205, 19.267401], [-99.067274, 19.267278], [-99.068354, 19.267816]]], [[[-99.070305, 19.26784], [-99.06921, 19.26728], [-99.069233, 19.267276], [-99.070305, 19.26784]]], [[[-99.069166, 19.267396], [-99.070291, 19.26786], [-99.070299, 19.267878], [-99.07, 19.268154], [-99.069111, 19.26781], [-99.069166, 19.267396]]], [[[-99.064609, 19.258356], [-99.064696, 19.258359], [-99.06427, 19.259875], [-99.064609, 19.258356]]], [[[-99.064958, 19.258456], [-99.065205, 19.258621], [-99.064806, 19.259948], [-99.064569, 19.259931], [-99.064958, 19.258456]]], [[[-99.063669, 19.260582], [-99.064425, 19.258347], [-99.064439, 19.258371], [-99.063669, 19.260582]]], [[[-99.064584, 19.258343], [-99.06459, 19.258362], [-99.063893, 19.260687], [-99.064469, 19.258338], [-99.064584, 19.258343]]], [[[-99.064593, 19.260763], [-99.065263, 19.258655], [-99.065345, 19.258727], [-99.064593, 19.260763]]], [[[-99.065724, 19.259089], [-99.065239, 19.260747], [-99.065527, 19.259619], [-99.065724, 19.259089]]], [[[-99.065423, 19.260788], [-99.065834, 19.259201], [-99.065865, 19.259192], [-99.066004, 19.259282], [-99.065647, 19.260785], [-99.065423, 19.260788]]], [[[-99.06607, 19.259292], [-99.066061, 19.25979], [-99.065665, 19.260817], [-99.066028, 19.259307], [-99.06607, 19.259292]]], [[[-99.065837, 19.260821], [-99.06583, 19.260803], [-99.066196, 19.259371], [-99.065956, 19.260815], [-99.065837, 19.260821]]], [[[-99.065973, 19.260828], [-99.066307, 19.259377], [-99.066333, 19.259366], [-99.066522, 19.259464], [-99.066132, 19.260865], [-99.065973, 19.260828]]], [[[-99.065387, 19.258732], [-99.064611, 19.261584], [-99.064468, 19.261512], [-99.065387, 19.258732]]], [[[-99.064285, 19.259914], [-99.064785, 19.259984], [-99.0646, 19.260505], [-99.064153, 19.260381], [-99.064285, 19.259914]]], [[[-99.06678, 19.259514], [-99.066373, 19.260956], [-99.066148, 19.260874], [-99.066537, 19.259476], [-99.06678, 19.259514]]], [[[-99.06665, 19.260973], [-99.066544, 19.260937], [-99.066928, 19.259551], [-99.067093, 19.2596], [-99.06665, 19.260973]]], [[[-99.066805, 19.259522], [-99.066912, 19.259534], [-99.066507, 19.261025], [-99.066805, 19.259522]]], [[[-99.067236, 19.259641], [-99.066758, 19.26101], [-99.066678, 19.260968], [-99.067236, 19.259641]]], [[[-99.067378, 19.259685], [-99.066979, 19.261403], [-99.066821, 19.26135], [-99.067347, 19.259691], [-99.067378, 19.259685]]], [[[-99.06416, 19.259886], [-99.064182, 19.259879], [-99.063811, 19.261385], [-99.06416, 19.259886]]], [[[-99.064617, 19.260535], [-99.064472, 19.260936], [-99.064172, 19.260876], [-99.064144, 19.260409], [-99.064617, 19.260535]]], [[[-99.066744, 19.261127], [-99.067259, 19.259639], [-99.066533, 19.26222], [-99.066744, 19.261127]]], [[[-99.06514, 19.260471], [-99.06526, 19.260476], [-99.064966, 19.261595], [-99.06514, 19.260471]]], [[[-99.065125, 19.26045], [-99.064817, 19.261646], [-99.064663, 19.261609], [-99.065, 19.260439], [-99.065125, 19.26045]]], [[[-99.063928, 19.262], [-99.06368, 19.261883], [-99.06402, 19.260851], [-99.064283, 19.260954], [-99.063928, 19.262]]], [[[-99.06577, 19.261983], [-99.065622, 19.261906], [-99.065965, 19.260878], [-99.066117, 19.260967], [-99.06577, 19.261983]]], [[[-99.066138, 19.260965], [-99.066171, 19.260947], [-99.065947, 19.262017], [-99.066138, 19.260965]]], [[[-99.066304, 19.26101], [-99.066323, 19.261003], [-99.066087, 19.26204], [-99.066304, 19.26101]]], [[[-99.064035, 19.262258], [-99.064443, 19.260966], [-99.064656, 19.260796], [-99.064206, 19.262295], [-99.064035, 19.262258]]], [[[-99.064314, 19.260955], [-99.064406, 19.260974], [-99.064007, 19.262211], [-99.064314, 19.260955]]], [[[-99.066368, 19.262193], [-99.066219, 19.262113], [-99.066561, 19.261096], [-99.066711, 19.26116], [-99.066368, 19.262193]]], [[[-99.065575, 19.261949], [-99.06573, 19.262035], [-99.065355, 19.262618], [-99.065504, 19.262187], [-99.065479, 19.261928], [-99.065915, 19.260882], [-99.065575, 19.261949]]], [[[-99.065479, 19.260854], [-99.065631, 19.260851], [-99.065087, 19.262746], [-99.065479, 19.260854]]], [[[-99.065102, 19.262757], [-99.065787, 19.260863], [-99.065398, 19.262135], [-99.065234, 19.262813], [-99.065102, 19.262757]]], [[[-99.064245, 19.262321], [-99.064229, 19.26229], [-99.064481, 19.261563], [-99.06462, 19.261641], [-99.064245, 19.262321]]], [[[-99.065448, 19.260834], [-99.064815, 19.263288], [-99.064596, 19.263231], [-99.065321, 19.26084], [-99.065448, 19.260834]]], [[[-99.064661, 19.261625], [-99.064803, 19.261693], [-99.06429, 19.262923], [-99.064284, 19.262696], [-99.064661, 19.261625]]], [[[-99.063425, 19.261869], [-99.06333, 19.262246], [-99.063119, 19.262808], [-99.063277, 19.261868], [-99.063425, 19.261869]]], [[[-99.063166, 19.262821], [-99.063476, 19.261884], [-99.063672, 19.261942], [-99.063326, 19.262846], [-99.063166, 19.262821]]], [[[-99.064867, 19.261602], [-99.065041, 19.261667], [-99.064507, 19.263343], [-99.064317, 19.263295], [-99.064867, 19.261602]]], [[[-99.067288, 19.262283], [-99.066965, 19.263305], [-99.066816, 19.263239], [-99.067103, 19.262222], [-99.067288, 19.262283]]], [[[-99.066639, 19.262318], [-99.06636, 19.26324], [-99.066205, 19.263189], [-99.066639, 19.262318]]], [[[-99.066402, 19.263224], [-99.066655, 19.26232], [-99.066814, 19.262354], [-99.066605, 19.263255], [-99.066402, 19.263224]]], [[[-99.063809, 19.262003], [-99.063916, 19.262014], [-99.063362, 19.263614], [-99.063809, 19.262003]]], [[[-99.063782, 19.261989], [-99.063223, 19.263647], [-99.063074, 19.263623], [-99.063782, 19.261989]]], [[[-99.066771, 19.263306], [-99.066631, 19.263252], [-99.066854, 19.262355], [-99.067017, 19.262425], [-99.066771, 19.263306]]], [[[-99.063044, 19.262517], [-99.062838, 19.263337], [-99.06267, 19.26328], [-99.062729, 19.262437], [-99.063044, 19.262517]]], [[[-99.066209, 19.262153], [-99.065774, 19.263696], [-99.065624, 19.263666], [-99.066172, 19.262149], [-99.066209, 19.262153]]], [[[-99.06535, 19.262631], [-99.065497, 19.262697], [-99.065318, 19.263283], [-99.065085, 19.263354], [-99.06535, 19.262631]]], [[[-99.066423, 19.262252], [-99.065877, 19.263737], [-99.065789, 19.263695], [-99.066423, 19.262252]]], [[[-99.063599, 19.263802], [-99.064132, 19.26232], [-99.064225, 19.262371], [-99.063599, 19.263802]]], [[[-99.063703, 19.262713], [-99.063838, 19.262736], [-99.063512, 19.263654], [-99.063703, 19.262713]]], [[[-99.064276, 19.262955], [-99.064385, 19.262971], [-99.063999, 19.264102], [-99.064276, 19.262955]]], [[[-99.066307, 19.264216], [-99.066156, 19.26412], [-99.066405, 19.263266], [-99.066605, 19.263314], [-99.066307, 19.264216]]], [[[-99.064811, 19.263342], [-99.064583, 19.263692], [-99.064417, 19.264218], [-99.064286, 19.264197], [-99.064551, 19.263277], [-99.064811, 19.263342]]], [[[-99.064085, 19.264171], [-99.064013, 19.264127], [-99.064311, 19.263351], [-99.064479, 19.263416], [-99.064085, 19.264171]]], [[[-99.064642, 19.264346], [-99.06444, 19.264241], [-99.064837, 19.263358], [-99.06501, 19.263412], [-99.064642, 19.264346]]], [[[-99.065037, 19.263398], [-99.065201, 19.263423], [-99.064821, 19.264426], [-99.065037, 19.263398]]], [[[-99.065374, 19.263383], [-99.064949, 19.264497], [-99.064841, 19.264428], [-99.065374, 19.263383]]], [[[-99.066093, 19.263201], [-99.066174, 19.263218], [-99.065691, 19.264743], [-99.066093, 19.263201]]], [[[-99.065115, 19.26457], [-99.065099, 19.264579], [-99.065382, 19.263406], [-99.065115, 19.26457]]], [[[-99.06628, 19.26325], [-99.065796, 19.264824], [-99.065701, 19.264756], [-99.06628, 19.26325]]], [[[-99.066296, 19.263252], [-99.066382, 19.263261], [-99.065916, 19.264852], [-99.066296, 19.263252]]], [[[-99.06565, 19.263513], [-99.065243, 19.264628], [-99.065141, 19.264578], [-99.06565, 19.263513]]], [[[-99.062251, 19.263364], [-99.06252, 19.263466], [-99.062238, 19.263716], [-99.062886, 19.263909], [-99.062792, 19.264148], [-99.062145, 19.263958], [-99.06168, 19.264884], [-99.062251, 19.263364]]], [[[-99.065413, 19.264684], [-99.065277, 19.264648], [-99.065621, 19.263684], [-99.065413, 19.264684]]], [[[-99.066944, 19.263334], [-99.066386, 19.265058], [-99.066853, 19.263311], [-99.066944, 19.263334]]], [[[-99.06696, 19.263928], [-99.066617, 19.265163], [-99.067107, 19.26324], [-99.067188, 19.263272], [-99.06696, 19.263928]]], [[[-99.066548, 19.265119], [-99.066533, 19.265124], [-99.066971, 19.263319], [-99.066548, 19.265119]]], [[[-99.062646, 19.265173], [-99.062522, 19.265177], [-99.0629, 19.26393], [-99.062646, 19.265173]]], [[[-99.066793, 19.265276], [-99.066646, 19.265166], [-99.066983, 19.263927], [-99.06717, 19.264016], [-99.066793, 19.265276]]], [[[-99.062667, 19.264142], [-99.062357, 19.265121], [-99.062193, 19.265081], [-99.062526, 19.264114], [-99.062667, 19.264142]]], [[[-99.066118, 19.264971], [-99.066338, 19.264216], [-99.066555, 19.26426], [-99.066365, 19.26503], [-99.066118, 19.264971]]], [[[-99.067185, 19.264027], [-99.067205, 19.264017], [-99.066948, 19.26533], [-99.067185, 19.264027]]], [[[-99.064237, 19.264227], [-99.063825, 19.265185], [-99.063705, 19.265118], [-99.064237, 19.264227]]], [[[-99.064976, 19.264569], [-99.065088, 19.264643], [-99.064821, 19.265479], [-99.064656, 19.265396], [-99.064976, 19.264569]]], [[[-99.065064, 19.264745], [-99.065248, 19.264686], [-99.064971, 19.26552], [-99.065064, 19.264745]]], [[[-99.064582, 19.265094], [-99.064489, 19.265349], [-99.064018, 19.265163], [-99.064134, 19.264911], [-99.064582, 19.265094]]], [[[-99.061636, 19.265063], [-99.062597, 19.265407], [-99.062526, 19.265524], [-99.061636, 19.265063]]], [[[-99.063896, 19.265137], [-99.064796, 19.26556], [-99.063678, 19.265182], [-99.063846, 19.265207], [-99.063896, 19.265137]]], [[[-99.066099, 19.265807], [-99.065908, 19.265723], [-99.066163, 19.265072], [-99.066329, 19.265148], [-99.066099, 19.265807]]], [[[-99.06415, 19.265763], [-99.064097, 19.265909], [-99.063049, 19.265415], [-99.06415, 19.265763]]], [[[-99.065754, 19.26488], [-99.065792, 19.264874], [-99.065212, 19.266567], [-99.065754, 19.26488]]], [[[-99.063118, 19.265565], [-99.065151, 19.266363], [-99.065125, 19.266517], [-99.06307, 19.26572], [-99.063118, 19.265565]]], [[[-99.065867, 19.265884], [-99.065945, 19.265777], [-99.067321, 19.266353], [-99.067238, 19.266501], [-99.065867, 19.265884]]], [[[-99.065437, 19.266048], [-99.065516, 19.26591], [-99.066215, 19.266233], [-99.066159, 19.266373], [-99.065437, 19.266048]]], [[[-99.065111, 19.266637], [-99.06306, 19.26575], [-99.063073, 19.265746], [-99.065111, 19.266637]]], [[[-99.065083, 19.266669], [-99.065073, 19.266745], [-99.062988, 19.265989], [-99.065083, 19.266669]]], [[[-99.067237, 19.266553], [-99.067172, 19.266691], [-99.066249, 19.266333], [-99.066361, 19.266131], [-99.067237, 19.266553]]], [[[-99.066018, 19.266866], [-99.065265, 19.26659], [-99.065297, 19.266419], [-99.066055, 19.266716], [-99.066018, 19.266866]]], [[[-99.066005, 19.266917], [-99.065765, 19.267022], [-99.065099, 19.266764], [-99.065176, 19.266578], [-99.066005, 19.266917]]], [[[-99.067341, 19.266946], [-99.0673, 19.26709], [-99.066139, 19.266615], [-99.067341, 19.266946]]], [[[-99.067277, 19.267117], [-99.067245, 19.267231], [-99.066124, 19.266802], [-99.067277, 19.267117]]], [[[-99.067224, 19.267256], [-99.067189, 19.267387], [-99.066032, 19.266991], [-99.067224, 19.267256]]], [[[-99.05656, 19.257158], [-99.056389, 19.257119], [-99.056541, 19.256404], [-99.05676, 19.256281], [-99.05656, 19.257158]]], [[[-99.057168, 19.256359], [-99.057322, 19.256481], [-99.057141, 19.257298], [-99.056994, 19.257262], [-99.057168, 19.256359]]], [[[-99.056978, 19.256258], [-99.056628, 19.257981], [-99.056526, 19.257955], [-99.056978, 19.256258]]], [[[-99.056609, 19.258113], [-99.056992, 19.256267], [-99.057054, 19.256308], [-99.056609, 19.258113]]], [[[-99.058803, 19.258068], [-99.058842, 19.257905], [-99.059132, 19.257952], [-99.059401, 19.256871], [-99.059537, 19.25684], [-99.059261, 19.258155], [-99.058803, 19.258068]]], [[[-99.056175, 19.257106], [-99.056367, 19.257142], [-99.056138, 19.258027], [-99.056019, 19.257833], [-99.056175, 19.257106]]], [[[-99.056868, 19.258998], [-99.056754, 19.258976], [-99.057146, 19.257308], [-99.056868, 19.258998]]], [[[-99.057049, 19.259034], [-99.056873, 19.258999], [-99.057267, 19.257335], [-99.057422, 19.257374], [-99.057231, 19.258117], [-99.057049, 19.259034]]], [[[-99.056546, 19.257177], [-99.056055, 19.258936], [-99.055778, 19.260005], [-99.055657, 19.259973], [-99.056388, 19.257145], [-99.056546, 19.257177]]], [[[-99.056792, 19.258115], [-99.056907, 19.258131], [-99.056498, 19.259521], [-99.056792, 19.258115]]], [[[-99.056597, 19.258137], [-99.056786, 19.258117], [-99.05644, 19.259748], [-99.056204, 19.25963], [-99.056597, 19.258137]]], [[[-99.057413, 19.259196], [-99.057838, 19.257247], [-99.058197, 19.257666], [-99.05805, 19.258311], [-99.057884, 19.258272], [-99.057307, 19.260634], [-99.057025, 19.260567], [-99.056963, 19.26092], [-99.056932, 19.260321], [-99.057102, 19.260354], [-99.057413, 19.259196]]], [[[-99.05941, 19.259242], [-99.059281, 19.259171], [-99.059515, 19.258284], [-99.059687, 19.258426], [-99.059298, 19.259999], [-99.05941, 19.259242]]], [[[-99.057237, 19.258121], [-99.057318, 19.258312], [-99.056874, 19.260493], [-99.056743, 19.260467], [-99.057018, 19.259272], [-99.057237, 19.258121]]], [[[-99.05707, 19.260333], [-99.056925, 19.260301], [-99.057321, 19.258314], [-99.057496, 19.258344], [-99.05707, 19.260333]]], [[[-99.058935, 19.258994], [-99.058752, 19.259869], [-99.058565, 19.259827], [-99.058753, 19.258985], [-99.058935, 19.258994]]], [[[-99.057534, 19.260673], [-99.05733, 19.260626], [-99.057912, 19.258291], [-99.058079, 19.258326], [-99.058139, 19.258089], [-99.057698, 19.26096], [-99.057484, 19.260897], [-99.057534, 19.260673]]], [[[-99.059796, 19.258552], [-99.059233, 19.260769], [-99.059708, 19.258436], [-99.05992, 19.258521], [-99.059796, 19.258552]]], [[[-99.05696, 19.259037], [-99.057045, 19.259055], [-99.056729, 19.260406], [-99.05683, 19.259585], [-99.05696, 19.259037]]], [[[-99.056212, 19.261178], [-99.056758, 19.258996], [-99.056955, 19.259036], [-99.056392, 19.261207], [-99.056212, 19.261178]]], [[[-99.059237, 19.260804], [-99.058991, 19.261013], [-99.059279, 19.259204], [-99.059389, 19.25925], [-99.059139, 19.260757], [-99.059237, 19.260804]]], [[[-99.061728, 19.259744], [-99.061975, 19.259794], [-99.061748, 19.260579], [-99.061536, 19.260508], [-99.061728, 19.259744]]], [[[-99.058163, 19.259492], [-99.057801, 19.260987], [-99.057736, 19.26096], [-99.058163, 19.259492]]], [[[-99.058863, 19.26057], [-99.058675, 19.260574], [-99.058751, 19.259946], [-99.058863, 19.26057]]], [[[-99.059342, 19.260931], [-99.059247, 19.260881], [-99.059583, 19.259597], [-99.05953, 19.260656], [-99.059342, 19.260931]]], [[[-99.058344, 19.26102], [-99.058092, 19.261038], [-99.058325, 19.260046], [-99.058344, 19.26102]]], [[[-99.056483, 19.260031], [-99.056033, 19.26181], [-99.055945, 19.261805], [-99.056405, 19.259993], [-99.056497, 19.25953], [-99.056483, 19.260031]]], [[[-99.057623, 19.261315], [-99.057013, 19.261267], [-99.057033, 19.260619], [-99.057492, 19.260694], [-99.057482, 19.260838], [-99.057127, 19.260773], [-99.057428, 19.260849], [-99.057465, 19.260923], [-99.057704, 19.260984], [-99.057648, 19.261231], [-99.057142, 19.261106], [-99.057623, 19.261315]]], [[[-99.056441, 19.259763], [-99.055803, 19.262219], [-99.055622, 19.26209], [-99.056238, 19.259729], [-99.056441, 19.259763]]], [[[-99.056868, 19.260518], [-99.0565, 19.261945], [-99.056345, 19.261902], [-99.056868, 19.260518]]], [[[-99.056964, 19.260966], [-99.056725, 19.262008], [-99.056609, 19.261976], [-99.056964, 19.260966]]], [[[-99.057895, 19.261076], [-99.057552, 19.262248], [-99.057471, 19.26221], [-99.057895, 19.261076]]], [[[-99.058151, 19.2623], [-99.058034, 19.262304], [-99.058366, 19.261054], [-99.058151, 19.2623]]], [[[-99.058022, 19.261093], [-99.057595, 19.262309], [-99.057581, 19.262291], [-99.058022, 19.261093]]], [[[-99.058403, 19.262192], [-99.058235, 19.26212], [-99.058458, 19.261368], [-99.058624, 19.261419], [-99.058403, 19.262192]]], [[[-99.058198, 19.261121], [-99.057786, 19.262455], [-99.057708, 19.262409], [-99.058198, 19.261121]]], [[[-99.059141, 19.261253], [-99.059366, 19.26097], [-99.058898, 19.262741], [-99.059141, 19.261253]]], [[[-99.061391, 19.261518], [-99.061519, 19.261515], [-99.061255, 19.262566], [-99.061391, 19.261518]]], [[[-99.056751, 19.262458], [-99.056966, 19.261653], [-99.057138, 19.261709], [-99.056921, 19.262502], [-99.056751, 19.262458]]], [[[-99.057112, 19.262649], [-99.057337, 19.261544], [-99.05747, 19.261566], [-99.057112, 19.262649]]], [[[-99.055913, 19.26196], [-99.056804, 19.262182], [-99.056765, 19.262323], [-99.055882, 19.262107], [-99.055913, 19.26196]]], [[[-99.058531, 19.263207], [-99.059053, 19.261089], [-99.058644, 19.263235], [-99.058531, 19.263207]]], [[[-99.061553, 19.261535], [-99.061645, 19.261543], [-99.061313, 19.262832], [-99.061553, 19.261535]]], [[[-99.058923, 19.261294], [-99.058498, 19.263195], [-99.058344, 19.263175], [-99.058807, 19.261322], [-99.058923, 19.261294]]], [[[-99.061966, 19.262199], [-99.061825, 19.262935], [-99.061652, 19.262834], [-99.061806, 19.262188], [-99.061966, 19.262199]]], [[[-99.056682, 19.262987], [-99.05555, 19.26288], [-99.055722, 19.262282], [-99.055956, 19.26215], [-99.055785, 19.262698], [-99.056682, 19.262987]]], [[[-99.057951, 19.263436], [-99.058315, 19.262206], [-99.058089, 19.263464], [-99.057951, 19.263436]]], [[[-99.058755, 19.263656], [-99.058743, 19.263635], [-99.059138, 19.26231], [-99.058864, 19.263641], [-99.058755, 19.263656]]], [[[-99.059883, 19.262431], [-99.059507, 19.263592], [-99.059347, 19.263588], [-99.059766, 19.262415], [-99.059883, 19.262431]]], [[[-99.059749, 19.262402], [-99.059211, 19.263627], [-99.059528, 19.262492], [-99.059749, 19.262402]]], [[[-99.060743, 19.262447], [-99.060853, 19.262457], [-99.060376, 19.263745], [-99.060743, 19.262447]]], [[[-99.058789, 19.262793], [-99.058935, 19.262803], [-99.058631, 19.263633], [-99.058789, 19.262793]]], [[[-99.060871, 19.263714], [-99.06119, 19.262888], [-99.06138, 19.262897], [-99.061102, 19.263692], [-99.060871, 19.263714]]], [[[-99.056658, 19.263162], [-99.057666, 19.263436], [-99.057478, 19.263671], [-99.056573, 19.263423], [-99.056658, 19.263162]]], [[[-99.061731, 19.2639], [-99.061583, 19.26387], [-99.06189, 19.263044], [-99.061731, 19.2639]]], [[[-99.056467, 19.263686], [-99.056582, 19.263453], [-99.057472, 19.263695], [-99.057361, 19.263979], [-99.056467, 19.263686]]], [[[-99.057635, 19.264112], [-99.057566, 19.26425], [-99.056401, 19.263869], [-99.056473, 19.263731], [-99.057635, 19.264112]]], [[[-99.055826, 19.263748], [-99.057474, 19.264249], [-99.057424, 19.264408], [-99.055798, 19.263918], [-99.055826, 19.263748]]], [[[-99.060744, 19.263757], [-99.060529, 19.264479], [-99.060315, 19.264436], [-99.060549, 19.263794], [-99.060744, 19.263757]]], [[[-99.055764, 19.26393], [-99.056891, 19.264289], [-99.056842, 19.264379], [-99.055764, 19.26393]]], [[[-99.059585, 19.263676], [-99.059079, 19.264768], [-99.059442, 19.263668], [-99.059585, 19.263676]]], [[[-99.059601, 19.263684], [-99.059628, 19.263674], [-99.059326, 19.264816], [-99.059601, 19.263684]]], [[[-99.059875, 19.263728], [-99.059423, 19.264865], [-99.059342, 19.264821], [-99.059875, 19.263728]]], [[[-99.058679, 19.264914], [-99.059218, 19.263723], [-99.059233, 19.263748], [-99.058679, 19.264914]]], [[[-99.057385, 19.265036], [-99.057911, 19.263662], [-99.058001, 19.263721], [-99.057385, 19.265036]]], [[[-99.060931, 19.264288], [-99.060708, 19.264882], [-99.060442, 19.264776], [-99.060657, 19.264229], [-99.060931, 19.264288]]], [[[-99.058243, 19.263724], [-99.058252, 19.263741], [-99.057525, 19.265628], [-99.058139, 19.26371], [-99.058243, 19.263724]]], [[[-99.057773, 19.265714], [-99.057663, 19.26569], [-99.058466, 19.263637], [-99.057773, 19.265714]]], [[[-99.05779, 19.265718], [-99.0587, 19.263718], [-99.058407, 19.264567], [-99.05779, 19.265718]]], [[[-99.058911, 19.263733], [-99.058104, 19.265815], [-99.057947, 19.265772], [-99.05874, 19.263739], [-99.058911, 19.263733]]], [[[-99.059273, 19.263713], [-99.059405, 19.263668], [-99.058628, 19.265923], [-99.059273, 19.263713]]], [[[-99.05906, 19.263745], [-99.05865, 19.264929], [-99.058262, 19.265858], [-99.058121, 19.265816], [-99.05906, 19.263745]]], [[[-99.060753, 19.265328], [-99.060595, 19.265301], [-99.060961, 19.264294], [-99.06113, 19.264346], [-99.060753, 19.265328]]], [[[-99.05725, 19.266019], [-99.057157, 19.266007], [-99.058016, 19.263731], [-99.05725, 19.266019]]], [[[-99.058113, 19.264456], [-99.057619, 19.265673], [-99.057547, 19.265625], [-99.058113, 19.264456]]], [[[-99.05902, 19.266501], [-99.058879, 19.266434], [-99.059914, 19.263704], [-99.059608, 19.264959], [-99.05902, 19.266501]]], [[[-99.057269, 19.264409], [-99.056701, 19.265862], [-99.056629, 19.265822], [-99.057269, 19.264409]]], [[[-99.058455, 19.265883], [-99.058315, 19.265869], [-99.058663, 19.264963], [-99.058455, 19.265883]]], [[[-99.060423, 19.264831], [-99.060548, 19.264851], [-99.060092, 19.266091], [-99.060423, 19.264831]]], [[[-99.060114, 19.266117], [-99.060592, 19.264868], [-99.060699, 19.264919], [-99.060114, 19.266117]]], [[[-99.060482, 19.264532], [-99.059635, 19.266693], [-99.059572, 19.266659], [-99.060482, 19.264532]]], [[[-99.058654, 19.266412], [-99.058516, 19.266337], [-99.059026, 19.264907], [-99.059195, 19.264965], [-99.058654, 19.266412]]], [[[-99.058857, 19.266432], [-99.058702, 19.266422], [-99.05922, 19.264961], [-99.059376, 19.265017], [-99.058857, 19.266432]]], [[[-99.060259, 19.266159], [-99.06059, 19.26533], [-99.060722, 19.265381], [-99.060259, 19.266159]]], [[[-99.05907, 19.266516], [-99.059625, 19.265039], [-99.059731, 19.26509], [-99.05907, 19.266516]]], [[[-99.059933, 19.265091], [-99.059241, 19.266545], [-99.059229, 19.266529], [-99.059933, 19.265091]]], [[[-99.060073, 19.265148], [-99.059541, 19.266684], [-99.059407, 19.266543], [-99.059952, 19.265124], [-99.060073, 19.265148]]], [[[-99.061292, 19.265575], [-99.061447, 19.265617], [-99.061178, 19.266422], [-99.061292, 19.265575]]], [[[-99.061846, 19.266613], [-99.061689, 19.266545], [-99.061973, 19.265815], [-99.062123, 19.265867], [-99.061846, 19.266613]]], [[[-99.061171, 19.267101], [-99.061687, 19.265724], [-99.06192, 19.265809], [-99.061439, 19.267169], [-99.061171, 19.267101]]], [[[-99.061659, 19.26725], [-99.062147, 19.265859], [-99.062168, 19.265854], [-99.062301, 19.265928], [-99.061817, 19.267303], [-99.061659, 19.26725]]], [[[-99.060823, 19.267633], [-99.061505, 19.265642], [-99.061631, 19.265722], [-99.060823, 19.267633]]], [[[-99.052443, 19.255105], [-99.053191, 19.255282], [-99.053142, 19.25549], [-99.052443, 19.255105]]], [[[-99.050882, 19.255235], [-99.051101, 19.255272], [-99.050871, 19.256254], [-99.050699, 19.256137], [-99.050882, 19.255235]]], [[[-99.053297, 19.255634], [-99.053503, 19.255678], [-99.053296, 19.256397], [-99.053152, 19.256312], [-99.053297, 19.255634]]], [[[-99.052544, 19.256289], [-99.051999, 19.256325], [-99.052059, 19.255986], [-99.052544, 19.256289], [-99.052119, 19.25622], [-99.052544, 19.256289]]], [[[-99.054883, 19.256309], [-99.054739, 19.256768], [-99.05452, 19.256724], [-99.054493, 19.256252], [-99.054883, 19.256309]]], [[[-99.054997, 19.256345], [-99.054724, 19.257182], [-99.054581, 19.257151], [-99.054674, 19.257417], [-99.054525, 19.257384], [-99.054652, 19.256795], [-99.054706, 19.256877], [-99.054893, 19.256312], [-99.054997, 19.256345]]], [[[-99.054685, 19.257415], [-99.055012, 19.256353], [-99.055146, 19.2564], [-99.054685, 19.257415]]], [[[-99.054096, 19.257857], [-99.053892, 19.25783], [-99.054281, 19.256241], [-99.054442, 19.256239], [-99.054096, 19.257857]]], [[[-99.055763, 19.256728], [-99.055594, 19.257727], [-99.055427, 19.257675], [-99.055434, 19.257647], [-99.055342, 19.257469], [-99.055592, 19.256596], [-99.055763, 19.256728]]], [[[-99.052028, 19.258101], [-99.051931, 19.258083], [-99.052253, 19.25648], [-99.052028, 19.258101]]], [[[-99.054252, 19.258194], [-99.054102, 19.258169], [-99.054222, 19.257318], [-99.054344, 19.257494], [-99.0544, 19.256704], [-99.054652, 19.256771], [-99.054252, 19.258194]]], [[[-99.053842, 19.258033], [-99.053664, 19.257998], [-99.05385, 19.257018], [-99.054013, 19.25713], [-99.053842, 19.258033]]], [[[-99.051727, 19.256868], [-99.051635, 19.258274], [-99.05147, 19.258253], [-99.051622, 19.257328], [-99.051727, 19.256868]]], [[[-99.051568, 19.256867], [-99.051695, 19.256944], [-99.051436, 19.258269], [-99.051284, 19.258311], [-99.051568, 19.256867]]], [[[-99.055128, 19.25754], [-99.055393, 19.257675], [-99.055301, 19.258137], [-99.055005, 19.258069], [-99.055128, 19.25754]]], [[[-99.054801, 19.257466], [-99.054559, 19.258627], [-99.054601, 19.25783], [-99.054345, 19.258667], [-99.054522, 19.257408], [-99.054801, 19.257466]]], [[[-99.052681, 19.25887], [-99.053084, 19.257272], [-99.053177, 19.257292], [-99.052681, 19.25887]]], [[[-99.053125, 19.257662], [-99.053279, 19.257695], [-99.053098, 19.258593], [-99.052938, 19.258569], [-99.053125, 19.257662]]], [[[-99.051046, 19.257522], [-99.050896, 19.258548], [-99.050844, 19.258806], [-99.050834, 19.258803], [-99.05066, 19.258764], [-99.051046, 19.257522]]], [[[-99.050891, 19.258647], [-99.051024, 19.257688], [-99.051225, 19.257708], [-99.050891, 19.258647]]], [[[-99.051989, 19.259207], [-99.052402, 19.257386], [-99.052477, 19.257407], [-99.051989, 19.259207]]], [[[-99.052567, 19.257428], [-99.052196, 19.259248], [-99.052105, 19.259227], [-99.052567, 19.257428]]], [[[-99.05268, 19.257459], [-99.052282, 19.259264], [-99.052203, 19.259251], [-99.05268, 19.257459]]], [[[-99.052291, 19.259265], [-99.052691, 19.257462], [-99.052814, 19.257488], [-99.052291, 19.259265]]], [[[-99.052391, 19.259283], [-99.052827, 19.257482], [-99.052914, 19.257505], [-99.052391, 19.259283]]], [[[-99.054424, 19.259397], [-99.054843, 19.257431], [-99.055005, 19.257485], [-99.054586, 19.259451], [-99.054424, 19.259397]]], [[[-99.055101, 19.258284], [-99.055397, 19.258367], [-99.055196, 19.258384], [-99.055127, 19.258602], [-99.055376, 19.258443], [-99.055321, 19.258649], [-99.055125, 19.258609], [-99.055179, 19.258727], [-99.055133, 19.258715], [-99.054772, 19.259704], [-99.05492, 19.259161], [-99.055005, 19.25868], [-99.054959, 19.258892], [-99.054714, 19.25886], [-99.05491, 19.258077], [-99.055439, 19.258192], [-99.055096, 19.25826], [-99.055005, 19.25868], [-99.055101, 19.258284]]], [[[-99.052316, 19.257362], [-99.052392, 19.257381], [-99.051885, 19.25962], [-99.051726, 19.259592], [-99.052316, 19.257362]]], [[[-99.053988, 19.257855], [-99.054091, 19.257868], [-99.053846, 19.259164], [-99.053988, 19.257855]]], [[[-99.052089, 19.258146], [-99.051793, 19.259282], [-99.051689, 19.259254], [-99.052089, 19.258146]]], [[[-99.055842, 19.257827], [-99.055988, 19.257859], [-99.055433, 19.259705], [-99.055842, 19.257827]]], [[[-99.052996, 19.257562], [-99.052391, 19.26], [-99.052281, 19.259976], [-99.052996, 19.257562]]], [[[-99.051807, 19.258101], [-99.05194, 19.258124], [-99.051544, 19.259811], [-99.051807, 19.258101]]], [[[-99.055322, 19.258771], [-99.055546, 19.258806], [-99.055356, 19.259484], [-99.055322, 19.258771]]], [[[-99.055208, 19.25863], [-99.055316, 19.258663], [-99.055036, 19.25977], [-99.055187, 19.258732], [-99.055208, 19.25863]]], [[[-99.050977, 19.259817], [-99.0513, 19.25867], [-99.05138, 19.258711], [-99.050977, 19.259817]]], [[[-99.054235, 19.258954], [-99.05407, 19.259845], [-99.053845, 19.259786], [-99.054101, 19.25892], [-99.054235, 19.258954]]], [[[-99.055533, 19.259895], [-99.055438, 19.259711], [-99.055816, 19.258892], [-99.055533, 19.259895]]], [[[-99.050617, 19.260505], [-99.050541, 19.260492], [-99.051159, 19.258314], [-99.050617, 19.260505]]], [[[-99.055936, 19.260046], [-99.055798, 19.260014], [-99.056065, 19.258955], [-99.055936, 19.260046]]], [[[-99.051988, 19.259214], [-99.052098, 19.259234], [-99.051833, 19.260405], [-99.051988, 19.259214]]], [[[-99.053214, 19.259152], [-99.052886, 19.260618], [-99.052749, 19.260585], [-99.053214, 19.259152]]], [[[-99.053397, 19.259194], [-99.053054, 19.260675], [-99.052897, 19.260621], [-99.053227, 19.259153], [-99.053397, 19.259194]]], [[[-99.053066, 19.260678], [-99.053412, 19.259198], [-99.053555, 19.259228], [-99.053208, 19.260716], [-99.053066, 19.260678]]], [[[-99.053983, 19.260962], [-99.054317, 19.259348], [-99.054441, 19.259423], [-99.054168, 19.261003], [-99.053983, 19.260962]]], [[[-99.054168, 19.261003], [-99.054534, 19.259451], [-99.054618, 19.259493], [-99.054168, 19.261003]]], [[[-99.055096, 19.259831], [-99.054874, 19.260757], [-99.054566, 19.26068], [-99.054741, 19.259714], [-99.055096, 19.259831]]], [[[-99.053762, 19.259786], [-99.053979, 19.259835], [-99.053669, 19.260982], [-99.053762, 19.259786]]], [[[-99.051747, 19.260819], [-99.051966, 19.259915], [-99.05215, 19.25996], [-99.051931, 19.260864], [-99.051747, 19.260819]]], [[[-99.055488, 19.259921], [-99.055636, 19.259962], [-99.05538, 19.260871], [-99.055236, 19.260825], [-99.055488, 19.259921]]], [[[-99.052157, 19.261234], [-99.051931, 19.261196], [-99.052137, 19.260499], [-99.052298, 19.260717], [-99.052157, 19.261234]]], [[[-99.055076, 19.260112], [-99.055244, 19.260162], [-99.055082, 19.260775], [-99.055362, 19.259752], [-99.055429, 19.259917], [-99.055194, 19.260792], [-99.055255, 19.260895], [-99.054768, 19.262036], [-99.054797, 19.261718], [-99.054605, 19.261936], [-99.055076, 19.260112]]], [[[-99.055785, 19.260029], [-99.055925, 19.260065], [-99.055284, 19.262122], [-99.055785, 19.260029]]], [[[-99.055359, 19.262103], [-99.05596, 19.26001], [-99.056139, 19.260044], [-99.055585, 19.262145], [-99.055359, 19.262103]]], [[[-99.052669, 19.26077], [-99.052539, 19.261534], [-99.052311, 19.261491], [-99.052501, 19.260741], [-99.052669, 19.26077]]], [[[-99.054355, 19.26065], [-99.054559, 19.260697], [-99.054328, 19.261634], [-99.054355, 19.26065]]], [[[-99.053248, 19.261631], [-99.053045, 19.261591], [-99.052977, 19.26157], [-99.053137, 19.260863], [-99.053046, 19.261588], [-99.053262, 19.260911], [-99.053212, 19.261461], [-99.053405, 19.260947], [-99.053248, 19.261631]]], [[[-99.054865, 19.260768], [-99.054584, 19.26194], [-99.054431, 19.261907], [-99.054727, 19.260734], [-99.054865, 19.260768]]], [[[-99.051275, 19.260871], [-99.050914, 19.262029], [-99.050839, 19.262005], [-99.051275, 19.260871]]], [[[-99.054059, 19.261976], [-99.053963, 19.261685], [-99.053792, 19.261922], [-99.054137, 19.261019], [-99.054059, 19.261976]]], [[[-99.054924, 19.262049], [-99.055358, 19.260925], [-99.055129, 19.262088], [-99.054924, 19.262049]]], [[[-99.051573, 19.260934], [-99.051676, 19.260955], [-99.051229, 19.262094], [-99.051573, 19.260934]]], [[[-99.050737, 19.262234], [-99.050639, 19.262209], [-99.050969, 19.260798], [-99.051134, 19.260838], [-99.050737, 19.262234]]], [[[-99.051761, 19.260971], [-99.051853, 19.260991], [-99.051508, 19.26216], [-99.051761, 19.260971]]], [[[-99.055537, 19.261017], [-99.055276, 19.262123], [-99.05519, 19.262053], [-99.055537, 19.261017]]], [[[-99.053799, 19.260662], [-99.054029, 19.260693], [-99.053597, 19.262629], [-99.053393, 19.262325], [-99.053799, 19.260662]]], [[[-99.054143, 19.261022], [-99.054214, 19.261632], [-99.053998, 19.262775], [-99.053918, 19.262735], [-99.054052, 19.262148], [-99.054143, 19.261022]]], [[[-99.0545, 19.261546], [-99.054232, 19.262876], [-99.054105, 19.262833], [-99.0545, 19.261546]]], [[[-99.051923, 19.261722], [-99.051653, 19.262807], [-99.05152, 19.262764], [-99.051923, 19.261722]]], [[[-99.054523, 19.261942], [-99.054654, 19.261976], [-99.05439, 19.262917], [-99.054523, 19.261942]]], [[[-99.051792, 19.263177], [-99.051689, 19.263153], [-99.052045, 19.261748], [-99.051792, 19.263177]]], [[[-99.053102, 19.261879], [-99.053046, 19.261729], [-99.052678, 19.261688], [-99.052715, 19.261521], [-99.053302, 19.261798], [-99.053305, 19.261799], [-99.052693, 19.263436], [-99.053102, 19.261879]]], [[[-99.05308, 19.261881], [-99.052672, 19.26343], [-99.052976, 19.261846], [-99.05308, 19.261881]]], [[[-99.054539, 19.262972], [-99.054916, 19.262106], [-99.054467, 19.263201], [-99.054539, 19.262972]]], [[[-99.052816, 19.261746], [-99.052333, 19.26361], [-99.052145, 19.263571], [-99.052661, 19.261718], [-99.052816, 19.261746]]], [[[-99.054726, 19.263267], [-99.055118, 19.262124], [-99.055173, 19.26216], [-99.054726, 19.263267]]], [[[-99.055546, 19.262207], [-99.055668, 19.262247], [-99.055336, 19.263427], [-99.055186, 19.263384], [-99.055546, 19.262207]]], [[[-99.052394, 19.261528], [-99.051652, 19.264147], [-99.051557, 19.26412], [-99.052394, 19.261528]]], [[[-99.052462, 19.261716], [-99.051785, 19.264186], [-99.052404, 19.261529], [-99.052462, 19.261716]]], [[[-99.05331, 19.262315], [-99.05339, 19.262326], [-99.053099, 19.26355], [-99.05331, 19.262315]]], [[[-99.055241, 19.262603], [-99.05501, 19.263343], [-99.05484, 19.263305], [-99.055067, 19.262575], [-99.055241, 19.262603]]], [[[-99.052944, 19.263508], [-99.052811, 19.263469], [-99.053064, 19.262484], [-99.05323, 19.26252], [-99.052944, 19.263508]]], [[[-99.052834, 19.261749], [-99.052962, 19.261843], [-99.052293, 19.264479], [-99.052136, 19.26444], [-99.052834, 19.261749]]], [[[-99.052485, 19.26172], [-99.052644, 19.261715], [-99.051637, 19.265221], [-99.051491, 19.265164], [-99.052176, 19.262912], [-99.052485, 19.26172]]], [[[-99.05566, 19.262962], [-99.055473, 19.263789], [-99.055239, 19.264019], [-99.05566, 19.262962]]], [[[-99.050463, 19.264794], [-99.050356, 19.264754], [-99.051341, 19.262348], [-99.050463, 19.264794]]], [[[-99.056015, 19.26303], [-99.055878, 19.263708], [-99.055803, 19.263722], [-99.055756, 19.263903], [-99.055637, 19.263896], [-99.055379, 19.264261], [-99.05584, 19.263], [-99.056015, 19.26303]]], [[[-99.050633, 19.264856], [-99.050489, 19.264805], [-99.05143, 19.262506], [-99.050633, 19.264856]]], [[[-99.051217, 19.26406], [-99.050655, 19.264862], [-99.051493, 19.262791], [-99.051217, 19.26406]]], [[[-99.055595, 19.264369], [-99.056425, 19.26479], [-99.055411, 19.264461], [-99.055425, 19.264313], [-99.055612, 19.264091], [-99.055595, 19.264369]]], [[[-99.052329, 19.263624], [-99.051831, 19.265294], [-99.051662, 19.26523], [-99.05214, 19.263587], [-99.052329, 19.263624]]], [[[-99.049759, 19.25565], [-99.049788, 19.25547], [-99.050767, 19.255608], [-99.050733, 19.255808], [-99.049759, 19.25565]]], [[[-99.049758, 19.255664], [-99.050727, 19.255821], [-99.050708, 19.255989], [-99.049731, 19.255842], [-99.049758, 19.255664]]], [[[-99.049749, 19.256343], [-99.049175, 19.256267], [-99.049196, 19.256121], [-99.050457, 19.25609], [-99.050973, 19.256295], [-99.050779, 19.256498], [-99.050213, 19.256446], [-99.050216, 19.256256], [-99.049909, 19.256525], [-99.049864, 19.256911], [-99.048825, 19.256756], [-99.048863, 19.256573], [-99.049729, 19.256506], [-99.049749, 19.256343]]], [[[-99.04904, 19.257552], [-99.048718, 19.2575], [-99.048827, 19.256783], [-99.049151, 19.256831], [-99.04904, 19.257552]]], [[[-99.049943, 19.258009], [-99.050078, 19.256447], [-99.050191, 19.256467], [-99.049943, 19.258009]]], [[[-99.049775, 19.256921], [-99.049715, 19.257711], [-99.049389, 19.257618], [-99.049489, 19.256879], [-99.049775, 19.256921]]], [[[-99.049797, 19.256924], [-99.050016, 19.256963], [-99.049918, 19.258012], [-99.049881, 19.257475], [-99.049694, 19.257992], [-99.049797, 19.256924]]], [[[-99.050321, 19.257717], [-99.050587, 19.257602], [-99.050366, 19.258376], [-99.05026, 19.258107], [-99.050041, 19.258312], [-99.050321, 19.257717]]], [[[-99.048611, 19.258827], [-99.048714, 19.257532], [-99.048945, 19.257557], [-99.048814, 19.258791], [-99.048755, 19.258104], [-99.048611, 19.258827]]], [[[-99.048926, 19.258786], [-99.048843, 19.258797], [-99.048959, 19.257566], [-99.048926, 19.258786]]], [[[-99.048434, 19.258953], [-99.04853, 19.257413], [-99.048704, 19.257461], [-99.048434, 19.258953]]], [[[-99.049076, 19.258779], [-99.049246, 19.257597], [-99.049353, 19.257625], [-99.049076, 19.258779]]], [[[-99.04922, 19.257604], [-99.048954, 19.258792], [-99.048943, 19.258786], [-99.04922, 19.257604]]], [[[-99.0485, 19.257405], [-99.048248, 19.259085], [-99.048333, 19.257371], [-99.0485, 19.257405]]], [[[-99.04816, 19.257335], [-99.048321, 19.257369], [-99.048225, 19.259118], [-99.048, 19.259212], [-99.04816, 19.257335]]], [[[-99.047779, 19.259313], [-99.047966, 19.257296], [-99.048142, 19.257333], [-99.04797, 19.259237], [-99.047779, 19.259313]]], [[[-99.047286, 19.259408], [-99.047109, 19.259449], [-99.047417, 19.257202], [-99.047286, 19.259408]]], [[[-99.050646, 19.258746], [-99.05047, 19.258706], [-99.050649, 19.257967], [-99.05083, 19.257961], [-99.050646, 19.258746]]], [[[-99.047421, 19.259372], [-99.047312, 19.259408], [-99.047535, 19.257471], [-99.047421, 19.259372]]], [[[-99.047442, 19.259377], [-99.047436, 19.259372], [-99.047636, 19.257696], [-99.04759, 19.258869], [-99.047442, 19.259377]]], [[[-99.045278, 19.259791], [-99.045544, 19.257497], [-99.045651, 19.257507], [-99.045278, 19.259791]]], [[[-99.047019, 19.25803], [-99.046813, 19.259452], [-99.046474, 19.259516], [-99.046787, 19.258008], [-99.047019, 19.25803]]], [[[-99.046236, 19.257953], [-99.046475, 19.257976], [-99.046257, 19.259555], [-99.04604, 19.259575], [-99.046236, 19.257953]]], [[[-99.046274, 19.259567], [-99.0465, 19.257979], [-99.046759, 19.258005], [-99.046274, 19.259567]]], [[[-99.045632, 19.257887], [-99.046205, 19.257936], [-99.046014, 19.259562], [-99.045393, 19.259755], [-99.045632, 19.257887]]], [[[-99.047021, 19.25842], [-99.047215, 19.258439], [-99.047065, 19.259457], [-99.046874, 19.259457], [-99.047021, 19.25842]]], [[[-99.049928, 19.259787], [-99.049835, 19.259768], [-99.050124, 19.258353], [-99.049928, 19.259787]]], [[[-99.048523, 19.259549], [-99.048682, 19.258942], [-99.049577, 19.258845], [-99.048715, 19.259148], [-99.048523, 19.259549]]], [[[-99.050459, 19.259925], [-99.050701, 19.258902], [-99.050435, 19.258853], [-99.050834, 19.258803], [-99.050515, 19.260027], [-99.050073, 19.259821], [-99.050459, 19.259925]]], [[[-99.049464, 19.258996], [-99.049523, 19.259004], [-99.049423, 19.259907], [-99.049249, 19.259896], [-99.049464, 19.258996]]], [[[-99.050892, 19.258655], [-99.051052, 19.258672], [-99.050535, 19.260483], [-99.050892, 19.258655]]], [[[-99.04859, 19.260141], [-99.048751, 19.259179], [-99.048939, 19.259192], [-99.048811, 19.260169], [-99.04859, 19.260141]]], [[[-99.049293, 19.259108], [-99.049202, 19.26027], [-99.049143, 19.260692], [-99.048962, 19.260667], [-99.049293, 19.259108]]], [[[-99.048102, 19.260611], [-99.048009, 19.260593], [-99.048347, 19.259236], [-99.048559, 19.259212], [-99.048102, 19.260611]]], [[[-99.046738, 19.260466], [-99.046627, 19.260374], [-99.046752, 19.259655], [-99.046954, 19.25963], [-99.046738, 19.260466]]], [[[-99.046547, 19.259655], [-99.046572, 19.259709], [-99.046443, 19.260487], [-99.046205, 19.260634], [-99.046547, 19.259655]]], [[[-99.048835, 19.260196], [-99.048962, 19.25916], [-99.049159, 19.259168], [-99.048826, 19.261331], [-99.048629, 19.261348], [-99.048835, 19.260196]]], [[[-99.048006, 19.259358], [-99.048128, 19.259327], [-99.047646, 19.261204], [-99.048006, 19.259358]]], [[[-99.047443, 19.261102], [-99.047306, 19.261088], [-99.047625, 19.259481], [-99.047443, 19.261102]]], [[[-99.04716, 19.261207], [-99.047615, 19.259484], [-99.047294, 19.261086], [-99.04716, 19.261207]]], [[[-99.046983, 19.261183], [-99.04737, 19.259557], [-99.047522, 19.259524], [-99.047142, 19.261204], [-99.046983, 19.261183]]], [[[-99.047172, 19.259616], [-99.04734, 19.2596], [-99.046966, 19.26118], [-99.046805, 19.261159], [-99.047172, 19.259616]]], [[[-99.045987, 19.261056], [-99.045857, 19.261042], [-99.046259, 19.259745], [-99.045987, 19.261056]]], [[[-99.049941, 19.259875], [-99.050195, 19.260082], [-99.049815, 19.261043], [-99.049941, 19.259875]]], [[[-99.047651, 19.260062], [-99.047803, 19.260086], [-99.047532, 19.261201], [-99.047651, 19.260062]]], [[[-99.049596, 19.260104], [-99.049201, 19.261398], [-99.049209, 19.261343], [-99.049177, 19.261337], [-99.049428, 19.260017], [-99.049596, 19.260104]]], [[[-99.04836, 19.26018], [-99.048463, 19.26019], [-99.048153, 19.261666], [-99.04836, 19.26018]]], [[[-99.048565, 19.2602], [-99.048301, 19.26169], [-99.048161, 19.261666], [-99.048565, 19.2602]]], [[[-99.048729, 19.260189], [-99.048451, 19.261712], [-99.048327, 19.261692], [-99.048729, 19.260189]]], [[[-99.049847, 19.260133], [-99.049399, 19.261778], [-99.049244, 19.262296], [-99.049759, 19.260116], [-99.049847, 19.260133]]], [[[-99.050529, 19.260516], [-99.050259, 19.261898], [-99.050104, 19.26186], [-99.050325, 19.261327], [-99.050529, 19.260516]]], [[[-99.050316, 19.262131], [-99.050712, 19.260696], [-99.050801, 19.260724], [-99.050316, 19.262131]]], [[[-99.04584, 19.260999], [-99.045666, 19.261842], [-99.045517, 19.261776], [-99.04584, 19.260999]]], [[[-99.050614, 19.262204], [-99.05047, 19.262169], [-99.050829, 19.260721], [-99.050614, 19.262204]]], [[[-99.047997, 19.260613], [-99.048098, 19.260633], [-99.047679, 19.262488], [-99.047997, 19.260613]]], [[[-99.045845, 19.261055], [-99.045896, 19.261049], [-99.045689, 19.262315], [-99.045845, 19.261055]]], [[[-99.045696, 19.262316], [-99.046028, 19.261071], [-99.046085, 19.261255], [-99.045696, 19.262316]]], [[[-99.049755, 19.262583], [-99.050127, 19.261146], [-99.050281, 19.261296], [-99.049828, 19.262602], [-99.049755, 19.262583]]], [[[-99.049686, 19.261127], [-99.049264, 19.262719], [-99.049137, 19.262687], [-99.049686, 19.261127]]], [[[-99.049082, 19.261343], [-99.048791, 19.262621], [-99.048668, 19.2626], [-99.049082, 19.261343]]], [[[-99.049095, 19.261337], [-99.049204, 19.261354], [-99.048945, 19.262641], [-99.049095, 19.261337]]], [[[-99.048696, 19.261387], [-99.04841, 19.262622], [-99.048315, 19.262603], [-99.048696, 19.261387]]], [[[-99.047851, 19.261123], [-99.047523, 19.26246], [-99.047393, 19.262937], [-99.047698, 19.261096], [-99.047851, 19.261123]]], [[[-99.048061, 19.261381], [-99.047691, 19.263056], [-99.047552, 19.263016], [-99.04795, 19.261368], [-99.048061, 19.261381]]], [[[-99.047564, 19.26367], [-99.04802, 19.261661], [-99.048144, 19.261685], [-99.047564, 19.26367]]], [[[-99.045523, 19.261841], [-99.045651, 19.26186], [-99.045271, 19.263528], [-99.045523, 19.261841]]], [[[-99.04816, 19.26169], [-99.048318, 19.261719], [-99.047886, 19.263792], [-99.04768, 19.263717], [-99.04816, 19.26169]]], [[[-99.04656, 19.261986], [-99.046687, 19.262013], [-99.046167, 19.263651], [-99.04656, 19.261986]]], [[[-99.046181, 19.263655], [-99.0467, 19.262018], [-99.046778, 19.262039], [-99.046181, 19.263655]]], [[[-99.045739, 19.262437], [-99.045457, 19.263592], [-99.045285, 19.263531], [-99.045563, 19.262406], [-99.045739, 19.262437]]], [[[-99.04547, 19.263609], [-99.045747, 19.262609], [-99.0459, 19.262618], [-99.045596, 19.263642], [-99.04547, 19.263609]]], [[[-99.049822, 19.264444], [-99.050415, 19.263013], [-99.050841, 19.26203], [-99.049942, 19.264486], [-99.049822, 19.264444]]], [[[-99.046152, 19.262744], [-99.046294, 19.262703], [-99.045899, 19.263852], [-99.046152, 19.262744]]], [[[-99.051054, 19.262101], [-99.050054, 19.264524], [-99.049965, 19.264493], [-99.051054, 19.262101]]], [[[-99.050126, 19.262269], [-99.049398, 19.264392], [-99.049302, 19.264353], [-99.050126, 19.262269]]], [[[-99.050254, 19.262296], [-99.049509, 19.264436], [-99.049415, 19.264396], [-99.050254, 19.262296]]], [[[-99.050068, 19.264529], [-99.051127, 19.262171], [-99.050167, 19.264563], [-99.050068, 19.264529]]], [[[-99.050383, 19.262328], [-99.049632, 19.264486], [-99.049526, 19.264443], [-99.050383, 19.262328]]], [[[-99.050403, 19.262334], [-99.050522, 19.262365], [-99.049696, 19.264511], [-99.050403, 19.262334]]], [[[-99.049122, 19.262719], [-99.04923, 19.262746], [-99.04877, 19.264141], [-99.049122, 19.262719]]], [[[-99.048943, 19.262796], [-99.049076, 19.262831], [-99.048664, 19.264099], [-99.048943, 19.262796]]], [[[-99.050139, 19.264675], [-99.051132, 19.26223], [-99.050775, 19.263111], [-99.050139, 19.264675]]], [[[-99.049704, 19.264515], [-99.050667, 19.262404], [-99.050401, 19.263001], [-99.049704, 19.264515]]], [[[-99.050242, 19.26471], [-99.051242, 19.262293], [-99.051324, 19.262335], [-99.050242, 19.26471]]], [[[-99.049347, 19.26384], [-99.049198, 19.26431], [-99.049612, 19.262714], [-99.049347, 19.26384]]], [[[-99.049455, 19.262806], [-99.049556, 19.262834], [-99.049117, 19.264276], [-99.049455, 19.262806]]], [[[-99.046316, 19.264609], [-99.046226, 19.26455], [-99.046475, 19.263789], [-99.046667, 19.263822], [-99.046316, 19.264609]]], [[[-99.045423, 19.265132], [-99.045281, 19.265114], [-99.045714, 19.263898], [-99.045423, 19.265132]]], [[[-99.045593, 19.265174], [-99.045992, 19.263877], [-99.046089, 19.263934], [-99.045593, 19.265174]]], [[[-99.045582, 19.265177], [-99.045479, 19.265175], [-99.045817, 19.263904], [-99.045582, 19.265177]]], [[[-99.045867, 19.265241], [-99.045735, 19.265228], [-99.046115, 19.263922], [-99.045867, 19.265241]]], [[[-99.046388, 19.264008], [-99.04622, 19.264542], [-99.046218, 19.26457], [-99.046318, 19.264653], [-99.045906, 19.265273], [-99.046388, 19.264008]]], [[[-99.042304, 19.256443], [-99.042584, 19.256336], [-99.042436, 19.257472], [-99.042153, 19.257448], [-99.042304, 19.256443]]], [[[-99.04494, 19.258322], [-99.045104, 19.25831], [-99.04477, 19.258294], [-99.044945, 19.256342], [-99.045524, 19.256371], [-99.045268, 19.25979], [-99.044804, 19.260014], [-99.04494, 19.258322]]], [[[-99.044722, 19.257823], [-99.044661, 19.258512], [-99.044494, 19.260136], [-99.044485, 19.259338], [-99.044722, 19.257823]]], [[[-99.043839, 19.259892], [-99.044115, 19.257797], [-99.043893, 19.260331], [-99.043839, 19.259892]]], [[[-99.044509, 19.258079], [-99.0446, 19.258085], [-99.044403, 19.260148], [-99.044509, 19.258079]]], [[[-99.042399, 19.259573], [-99.042225, 19.259673], [-99.042394, 19.258634], [-99.042399, 19.259573]]], [[[-99.044083, 19.260276], [-99.044356, 19.25805], [-99.044303, 19.258787], [-99.044083, 19.260276]]], [[[-99.044649, 19.260083], [-99.044778, 19.258314], [-99.044921, 19.258321], [-99.044649, 19.260083]]], [[[-99.043915, 19.260334], [-99.044165, 19.258145], [-99.044077, 19.259042], [-99.043975, 19.260311], [-99.043915, 19.260334]]], [[[-99.044168, 19.258204], [-99.044247, 19.258208], [-99.043997, 19.260317], [-99.044168, 19.258204]]], [[[-99.04467, 19.258512], [-99.044747, 19.258515], [-99.044519, 19.260129], [-99.04467, 19.258512]]], [[[-99.043709, 19.260406], [-99.043952, 19.258512], [-99.043868, 19.259489], [-99.043709, 19.260406]]], [[[-99.042, 19.260309], [-99.041775, 19.260289], [-99.04205, 19.258635], [-99.042239, 19.258654], [-99.042, 19.260309]]], [[[-99.04382, 19.258594], [-99.043593, 19.260457], [-99.043573, 19.26044], [-99.04382, 19.258594]]], [[[-99.04344, 19.260488], [-99.04354, 19.258588], [-99.043664, 19.25859], [-99.04344, 19.260488]]], [[[-99.042358, 19.260935], [-99.042618, 19.258404], [-99.043104, 19.258459], [-99.043088, 19.258719], [-99.042729, 19.25868], [-99.042358, 19.260935]]], [[[-99.043017, 19.260689], [-99.042912, 19.260723], [-99.043019, 19.258721], [-99.043017, 19.260689]]], [[[-99.042713, 19.260319], [-99.042864, 19.258705], [-99.042782, 19.260769], [-99.042713, 19.260319]]], [[[-99.042897, 19.260731], [-99.042803, 19.26076], [-99.042944, 19.258713], [-99.042897, 19.260731]]], [[[-99.042648, 19.260827], [-99.042537, 19.260882], [-99.042748, 19.258692], [-99.042648, 19.260827]]], [[[-99.041074, 19.258427], [-99.041286, 19.258356], [-99.041538, 19.258371], [-99.041539, 19.2585], [-99.041538, 19.258506], [-99.041521, 19.258617], [-99.041519, 19.258632], [-99.042012, 19.258583], [-99.041484, 19.26122], [-99.04152, 19.260013], [-99.041478, 19.260328], [-99.041259, 19.260307], [-99.041401, 19.259303], [-99.041595, 19.259328], [-99.041417, 19.25928], [-99.041476, 19.258895], [-99.041417, 19.25928], [-99.040976, 19.259241], [-99.041074, 19.258427]], [[-99.041269, 19.258495], [-99.041268, 19.258504], [-99.041538, 19.258506], [-99.041269, 19.258495]], [[-99.041258, 19.258594], [-99.041389, 19.258605], [-99.041521, 19.258617], [-99.041258, 19.258594]]], [[[-99.041244, 19.260307], [-99.041045, 19.260277], [-99.041211, 19.259274], [-99.041244, 19.260307]]], [[[-99.043425, 19.260502], [-99.043302, 19.26055], [-99.043346, 19.259476], [-99.043425, 19.260502]]], [[[-99.043149, 19.260638], [-99.043031, 19.260682], [-99.043079, 19.259478], [-99.043149, 19.260638]]], [[[-99.042033, 19.261067], [-99.042225, 19.259673], [-99.04235, 19.259683], [-99.042033, 19.261067]]], [[[-99.042092, 19.259794], [-99.04219, 19.259804], [-99.042012, 19.261073], [-99.042092, 19.259794]]], [[[-99.045335, 19.259945], [-99.045414, 19.259905], [-99.045162, 19.261569], [-99.045335, 19.259945]]], [[[-99.044661, 19.260235], [-99.044728, 19.260274], [-99.04458, 19.261323], [-99.044393, 19.261297], [-99.044661, 19.260235]]], [[[-99.044926, 19.261422], [-99.045277, 19.260193], [-99.045283, 19.260198], [-99.044926, 19.261422]]], [[[-99.04388, 19.260424], [-99.044065, 19.260371], [-99.043815, 19.26143], [-99.04388, 19.260424]]], [[[-99.044296, 19.260287], [-99.044393, 19.260255], [-99.044106, 19.261599], [-99.044296, 19.260287]]], [[[-99.043956, 19.261579], [-99.04382, 19.261546], [-99.044121, 19.260334], [-99.044274, 19.260346], [-99.043956, 19.261579]]], [[[-99.043838, 19.260425], [-99.043591, 19.261786], [-99.04343, 19.261777], [-99.043689, 19.26049], [-99.043838, 19.260425]]], [[[-99.04323, 19.261751], [-99.043507, 19.260565], [-99.043674, 19.260493], [-99.043405, 19.261762], [-99.04323, 19.261751]]], [[[-99.043104, 19.261734], [-99.04332, 19.260637], [-99.043483, 19.260578], [-99.043227, 19.261731], [-99.043104, 19.261734]]], [[[-99.043095, 19.26172], [-99.043019, 19.261726], [-99.043303, 19.260643], [-99.043095, 19.26172]]], [[[-99.044889, 19.260254], [-99.044412, 19.262589], [-99.044291, 19.262518], [-99.044889, 19.260254]]], [[[-99.044494, 19.262637], [-99.044867, 19.260438], [-99.045072, 19.260261], [-99.044537, 19.26255], [-99.044494, 19.262637]]], [[[-99.04282, 19.262411], [-99.04313, 19.260706], [-99.042992, 19.261727], [-99.04282, 19.262411]]], [[[-99.045185, 19.262518], [-99.045024, 19.262511], [-99.04534, 19.26077], [-99.045185, 19.262518]]], [[[-99.042861, 19.260808], [-99.042657, 19.262341], [-99.042571, 19.262641], [-99.042757, 19.260884], [-99.042861, 19.260808]]], [[[-99.042708, 19.262672], [-99.042583, 19.262634], [-99.042672, 19.26234], [-99.04302, 19.260782], [-99.042708, 19.262672]]], [[[-99.042621, 19.261135], [-99.042735, 19.26085], [-99.042514, 19.262619], [-99.042621, 19.261135]]], [[[-99.042658, 19.260896], [-99.042609, 19.261143], [-99.042395, 19.262602], [-99.042536, 19.261043], [-99.042658, 19.260896]]], [[[-99.042453, 19.26098], [-99.042515, 19.260959], [-99.042319, 19.262587], [-99.042453, 19.26098]]], [[[-99.042226, 19.262556], [-99.042222, 19.262561], [-99.042423, 19.261011], [-99.042226, 19.262556]]], [[[-99.042305, 19.26107], [-99.042104, 19.262535], [-99.042008, 19.262511], [-99.042305, 19.26107]]], [[[-99.045224, 19.262332], [-99.045433, 19.261445], [-99.045544, 19.261483], [-99.045359, 19.262424], [-99.045224, 19.262332]]], [[[-99.04356, 19.262526], [-99.043422, 19.262761], [-99.043685, 19.261421], [-99.04356, 19.262526]]], [[[-99.044937, 19.261331], [-99.044578, 19.263004], [-99.044431, 19.262987], [-99.044845, 19.261319], [-99.044937, 19.261331]]], [[[-99.044586, 19.263025], [-99.044925, 19.261433], [-99.045055, 19.261456], [-99.044586, 19.263025]]], [[[-99.043669, 19.262876], [-99.043513, 19.262827], [-99.043936, 19.261598], [-99.043675, 19.262874], [-99.043669, 19.262876]]], [[[-99.043361, 19.261777], [-99.043155, 19.262769], [-99.042974, 19.262709], [-99.043361, 19.261777]]], [[[-99.042044, 19.261175], [-99.041691, 19.263453], [-99.041579, 19.263415], [-99.042044, 19.261175]]], [[[-99.045161, 19.261575], [-99.044839, 19.263078], [-99.044716, 19.263059], [-99.045161, 19.261575]]], [[[-99.041543, 19.263419], [-99.041422, 19.263387], [-99.04189, 19.261268], [-99.041864, 19.26152], [-99.041543, 19.263419]]], [[[-99.041272, 19.261431], [-99.040944, 19.26326], [-99.040862, 19.263226], [-99.041272, 19.261431]]], [[[-99.04138, 19.261422], [-99.041267, 19.262101], [-99.041037, 19.263284], [-99.041291, 19.261425], [-99.04138, 19.261422]]], [[[-99.041745, 19.261336], [-99.041403, 19.263382], [-99.041266, 19.263345], [-99.041745, 19.261336]]], [[[-99.041622, 19.261389], [-99.041242, 19.263339], [-99.041134, 19.26331], [-99.041622, 19.261389]]], [[[-99.041405, 19.26143], [-99.041487, 19.261428], [-99.041117, 19.263306], [-99.041405, 19.26143]]], [[[-99.043697, 19.262887], [-99.043957, 19.261594], [-99.043593, 19.263723], [-99.043459, 19.263686], [-99.043697, 19.262887]]], [[[-99.044084, 19.261617], [-99.044176, 19.261635], [-99.043847, 19.26342], [-99.043612, 19.263724], [-99.044084, 19.261617]]], [[[-99.043285, 19.262837], [-99.041864, 19.262665], [-99.041896, 19.262524], [-99.043273, 19.26282], [-99.043285, 19.262837]]], [[[-99.045126, 19.263489], [-99.045015, 19.263493], [-99.045218, 19.262399], [-99.045126, 19.263489]]], [[[-99.041807, 19.263162], [-99.04184, 19.262964], [-99.043111, 19.263291], [-99.042311, 19.263325], [-99.041807, 19.263162]]], [[[-99.04351, 19.262833], [-99.043673, 19.262886], [-99.043429, 19.263683], [-99.04351, 19.262833]]], [[[-99.042976, 19.263609], [-99.041778, 19.263332], [-99.041797, 19.263211], [-99.042976, 19.263609]]], [[[-99.045787, 19.263852], [-99.045038, 19.263688], [-99.045103, 19.26349], [-99.04583, 19.263727], [-99.045787, 19.263852]]], [[[-99.041833, 19.263609], [-99.04284, 19.263933], [-99.042788, 19.264046], [-99.041833, 19.263609]]], [[[-99.04358, 19.264919], [-99.043994, 19.263508], [-99.044053, 19.262897], [-99.044207, 19.262965], [-99.044069, 19.26359], [-99.04358, 19.264919]]], [[[-99.042804, 19.264094], [-99.042725, 19.264189], [-99.041706, 19.263864], [-99.041773, 19.263737], [-99.042804, 19.264094]]], [[[-99.044332, 19.26302], [-99.043788, 19.264993], [-99.043716, 19.264953], [-99.044332, 19.26302]]], [[[-99.043845, 19.265008], [-99.043826, 19.264981], [-99.044344, 19.263016], [-99.044214, 19.263983], [-99.043845, 19.265008]]], [[[-99.04397, 19.265036], [-99.044469, 19.263032], [-99.044562, 19.263072], [-99.04397, 19.265036]]], [[[-99.044574, 19.263078], [-99.04468, 19.263076], [-99.044185, 19.265085], [-99.044574, 19.263078]]], [[[-99.04481, 19.26313], [-99.044256, 19.265108], [-99.044212, 19.265082], [-99.04481, 19.26313]]], [[[-99.044943, 19.263147], [-99.044316, 19.265127], [-99.044279, 19.2651], [-99.044943, 19.263147]]], [[[-99.044981, 19.263503], [-99.045044, 19.263557], [-99.044759, 19.264365], [-99.044369, 19.265141], [-99.044963, 19.263202], [-99.045026, 19.263235], [-99.044981, 19.263503]]], [[[-99.043461, 19.264893], [-99.043882, 19.263463], [-99.043982, 19.263515], [-99.043461, 19.264893]]], [[[-99.044613, 19.265185], [-99.044497, 19.265176], [-99.044999, 19.263737], [-99.044613, 19.265185]]], [[[-99.045257, 19.263808], [-99.044714, 19.265245], [-99.044625, 19.265197], [-99.045257, 19.263808]]], [[[-99.044894, 19.265298], [-99.044749, 19.265233], [-99.045277, 19.263795], [-99.045429, 19.26385], [-99.044894, 19.265298]]], [[[-99.044934, 19.265311], [-99.045474, 19.263813], [-99.045575, 19.26388], [-99.044934, 19.265311]]], [[[-99.045689, 19.26388], [-99.045437, 19.264626], [-99.045133, 19.265368], [-99.045586, 19.263877], [-99.045689, 19.26388]]], [[[-99.041618, 19.265554], [-99.042073, 19.26429], [-99.041712, 19.265587], [-99.041618, 19.265554]]], [[[-99.041634, 19.264466], [-99.041772, 19.264505], [-99.041508, 19.265485], [-99.041327, 19.265431], [-99.041634, 19.264466]]], [[[-99.041843, 19.265668], [-99.041733, 19.26563], [-99.042092, 19.264302], [-99.042238, 19.264331], [-99.041843, 19.265668]]], [[[-99.042364, 19.264349], [-99.041967, 19.265701], [-99.041872, 19.265675], [-99.042364, 19.264349]]], [[[-99.042393, 19.264333], [-99.04259, 19.264331], [-99.042143, 19.265744], [-99.041986, 19.265703], [-99.042393, 19.264333]]], [[[-99.04217, 19.265749], [-99.042625, 19.264346], [-99.042303, 19.265768], [-99.04217, 19.265749]]], [[[-99.04237, 19.265744], [-99.042755, 19.26444], [-99.042898, 19.26446], [-99.042553, 19.265768], [-99.04237, 19.265744]]], [[[-99.040722, 19.256899], [-99.040627, 19.257583], [-99.040578, 19.257915], [-99.040548, 19.256919], [-99.040722, 19.256899]]], [[[-99.039232, 19.260185], [-99.03938, 19.260212], [-99.039232, 19.260185], [-99.039334, 19.259645], [-99.039491, 19.259672], [-99.039289, 19.260687], [-99.039139, 19.260657], [-99.039232, 19.260185]]], [[[-99.038983, 19.260773], [-99.038656, 19.26075], [-99.038815, 19.259569], [-99.038891, 19.260062], [-99.039294, 19.259751], [-99.038983, 19.260773]]], [[[-99.040737, 19.259809], [-99.040728, 19.260091], [-99.040964, 19.259358], [-99.040701, 19.26113], [-99.040752, 19.260095], [-99.040465, 19.261148], [-99.040631, 19.260078], [-99.040382, 19.261163], [-99.040538, 19.260063], [-99.040737, 19.259809]]], [[[-99.040689, 19.26131], [-99.041007, 19.259251], [-99.041197, 19.259271], [-99.040689, 19.26131]]], [[[-99.040236, 19.261195], [-99.04034, 19.260596], [-99.040469, 19.259773], [-99.04052, 19.260061], [-99.040236, 19.261195]]], [[[-99.038904, 19.26081], [-99.039439, 19.260948], [-99.039328, 19.261615], [-99.038589, 19.261473], [-99.03931, 19.261708], [-99.038111, 19.261475], [-99.03825, 19.260517], [-99.038414, 19.260522], [-99.038539, 19.259844], [-99.038761, 19.25986], [-99.038637, 19.260742], [-99.038378, 19.26062], [-99.038332, 19.261036], [-99.038824, 19.261131], [-99.038904, 19.26081]]], [[[-99.037473, 19.260082], [-99.037679, 19.260104], [-99.037382, 19.261479], [-99.037473, 19.260082]]], [[[-99.038378, 19.261022], [-99.03843, 19.260738], [-99.038879, 19.260816], [-99.038807, 19.261113], [-99.038378, 19.261022]]], [[[-99.039657, 19.261419], [-99.040167, 19.260093], [-99.040012, 19.26164], [-99.03935, 19.261777], [-99.039459, 19.261158], [-99.039686, 19.261192], [-99.039657, 19.261419]], [[-99.03963, 19.261613], [-99.039696, 19.261592], [-99.039657, 19.261419], [-99.03963, 19.261613]]], [[[-99.038166, 19.261836], [-99.038095, 19.262585], [-99.037911, 19.262684], [-99.037802, 19.262488], [-99.038146, 19.260165], [-99.038008, 19.261808], [-99.038166, 19.261836]]], [[[-99.038084, 19.260402], [-99.037853, 19.261812], [-99.037642, 19.261782], [-99.037853, 19.261812], [-99.037769, 19.262458], [-99.037478, 19.261148], [-99.037791, 19.261119], [-99.038084, 19.260402]]], [[[-99.041625, 19.261287], [-99.04006, 19.261595], [-99.040076, 19.261473], [-99.041625, 19.261287]]], [[[-99.038113, 19.261508], [-99.03932, 19.261836], [-99.039084, 19.261985], [-99.038052, 19.261773], [-99.038113, 19.261508]]], [[[-99.04069, 19.261496], [-99.040901, 19.261437], [-99.040786, 19.262191], [-99.04069, 19.261496]]], [[[-99.036181, 19.262302], [-99.036241, 19.261987], [-99.036557, 19.262128], [-99.036504, 19.261572], [-99.036709, 19.261592], [-99.036651, 19.262388], [-99.036181, 19.262302]]], [[[-99.038872, 19.262199], [-99.040079, 19.261722], [-99.039987, 19.262279], [-99.039821, 19.262094], [-99.039848, 19.26242], [-99.038872, 19.262199]]], [[[-99.038181, 19.26184], [-99.038454, 19.261892], [-99.038344, 19.262429], [-99.038123, 19.262534], [-99.038181, 19.26184]]], [[[-99.040293, 19.262886], [-99.040437, 19.261576], [-99.040537, 19.261554], [-99.040293, 19.262886]]], [[[-99.040406, 19.261609], [-99.040115, 19.262994], [-99.039776, 19.262907], [-99.040406, 19.261609]]], [[[-99.036967, 19.26299], [-99.036908, 19.263447], [-99.036693, 19.263537], [-99.037125, 19.261385], [-99.037286, 19.261544], [-99.036993, 19.263427], [-99.037348, 19.263293], [-99.036713, 19.263789], [-99.03699, 19.26339], [-99.036967, 19.26299]]], [[[-99.037724, 19.262766], [-99.037295, 19.263156], [-99.037473, 19.262052], [-99.037724, 19.262766]]], [[[-99.038545, 19.262407], [-99.039792, 19.262625], [-99.039763, 19.26277], [-99.039056, 19.262526], [-99.039747, 19.262852], [-99.038545, 19.262407]]], [[[-99.040422, 19.263043], [-99.040594, 19.262195], [-99.040805, 19.262231], [-99.040601, 19.263086], [-99.040422, 19.263043]]], [[[-99.040655, 19.263184], [-99.040829, 19.262244], [-99.041019, 19.26234], [-99.040825, 19.263223], [-99.040655, 19.263184]]], [[[-99.03848, 19.262434], [-99.03974, 19.26288], [-99.039703, 19.263061], [-99.03966, 19.263224], [-99.038091, 19.262683], [-99.03848, 19.262434]], [[-99.038602, 19.262698], [-99.038597, 19.262722], [-99.039703, 19.263061], [-99.038602, 19.262698]]], [[[-99.036491, 19.263941], [-99.036708, 19.262153], [-99.036913, 19.26176], [-99.03667, 19.263481], [-99.036686, 19.263787], [-99.036491, 19.263941]]], [[[-99.037398, 19.262416], [-99.037268, 19.26319], [-99.037074, 19.263345], [-99.037207, 19.2624], [-99.037398, 19.262416]]], [[[-99.036041, 19.264103], [-99.035729, 19.264051], [-99.035776, 19.263798], [-99.035593, 19.263768], [-99.035687, 19.263175], [-99.035969, 19.263226], [-99.036074, 19.263245], [-99.035781, 19.263192], [-99.035886, 19.262328], [-99.036651, 19.262388], [-99.036408, 19.262611], [-99.03624, 19.26333], [-99.036041, 19.264103]], [[-99.036221, 19.262567], [-99.03642, 19.262591], [-99.036061, 19.262548], [-99.036221, 19.262567]], [[-99.03618, 19.263555], [-99.035913, 19.263508], [-99.036038, 19.26353], [-99.03618, 19.263555]]], [[[-99.040638, 19.263193], [-99.04087, 19.263247], [-99.040813, 19.263609], [-99.040304, 19.263466], [-99.040405, 19.263061], [-99.040638, 19.263193]]], [[[-99.0388, 19.263139], [-99.039344, 19.263359], [-99.039241, 19.263645], [-99.038682, 19.263468], [-99.0388, 19.263139]]], [[[-99.036176, 19.263677], [-99.036434, 19.26261], [-99.036609, 19.262631], [-99.036441, 19.263969], [-99.036062, 19.264266], [-99.036176, 19.263677], [-99.036395, 19.263901], [-99.036393, 19.263707], [-99.036176, 19.263677]], [[-99.036187, 19.264056], [-99.036156, 19.264082], [-99.036286, 19.263987], [-99.036187, 19.264056]]], [[[-99.03792, 19.262987], [-99.037647, 19.264157], [-99.037585, 19.264136], [-99.03792, 19.262987]]], [[[-99.037818, 19.264198], [-99.037698, 19.264164], [-99.038044, 19.263023], [-99.037818, 19.264198]]], [[[-99.037971, 19.264285], [-99.038255, 19.263044], [-99.038398, 19.263073], [-99.038087, 19.264289], [-99.037971, 19.264285]]], [[[-99.039698, 19.263533], [-99.040278, 19.263679], [-99.040235, 19.263886], [-99.039671, 19.263761], [-99.039698, 19.263533]]], [[[-99.038438, 19.263083], [-99.03858, 19.263119], [-99.038181, 19.264442], [-99.038438, 19.263083]]], [[[-99.039158, 19.263883], [-99.038675, 19.263731], [-99.039162, 19.263892], [-99.039111, 19.264037], [-99.038543, 19.263856], [-99.038671, 19.263501], [-99.03922, 19.263693], [-99.039158, 19.263883]]], [[[-99.041031, 19.264059], [-99.040305, 19.263798], [-99.040346, 19.263645], [-99.041082, 19.263841], [-99.041031, 19.264059]]], [[[-99.036963, 19.26428], [-99.036692, 19.2639], [-99.037338, 19.263423], [-99.037441, 19.263535], [-99.03714, 19.263753], [-99.037156, 19.264002], [-99.037477, 19.263721], [-99.037317, 19.264383], [-99.037047, 19.264503], [-99.037106, 19.264382], [-99.037103, 19.264247], [-99.036843, 19.264739], [-99.036695, 19.26445], [-99.036807, 19.2647], [-99.036028, 19.264439], [-99.036655, 19.263926], [-99.036795, 19.264251], [-99.036963, 19.26428]], [[-99.037347, 19.263936], [-99.037294, 19.264135], [-99.037328, 19.264018], [-99.037347, 19.263936]]], [[[-99.038032, 19.262703], [-99.039646, 19.263269], [-99.039095, 19.265613], [-99.039224, 19.265211], [-99.039475, 19.265291], [-99.039303, 19.265831], [-99.038535, 19.265496], [-99.038889, 19.264904], [-99.03908, 19.264955], [-99.038889, 19.265539], [-99.039106, 19.264935], [-99.038897, 19.264881], [-99.03939, 19.263321], [-99.038032, 19.262703]]], [[[-99.038764, 19.263959], [-99.039099, 19.264052], [-99.038934, 19.264649], [-99.038584, 19.264543], [-99.038764, 19.263959]]], [[[-99.035938, 19.26457], [-99.035999, 19.26447], [-99.036812, 19.264749], [-99.03675, 19.264881], [-99.035938, 19.26457]]], [[[-99.037387, 19.264346], [-99.037467, 19.264156], [-99.037227, 19.265539], [-99.037387, 19.264346]]], [[[-99.037474, 19.265628], [-99.037238, 19.265543], [-99.037565, 19.264199], [-99.037801, 19.264255], [-99.037474, 19.265628]]], [[[-99.037482, 19.26563], [-99.037827, 19.264264], [-99.037937, 19.264291], [-99.037482, 19.26563]]], [[[-99.037038, 19.26453], [-99.03711, 19.264848], [-99.037294, 19.264518], [-99.037095, 19.265403], [-99.036983, 19.265657], [-99.036666, 19.265557], [-99.036784, 19.264986], [-99.037056, 19.265053], [-99.036784, 19.264986], [-99.037038, 19.26453]]], [[[-99.039786, 19.265124], [-99.039655, 19.265398], [-99.039246, 19.265137], [-99.039317, 19.264937], [-99.039786, 19.265124]]], [[[-99.037699, 19.265404], [-99.037751, 19.26518], [-99.038504, 19.265435], [-99.037699, 19.265404]]], [[[-99.036309, 19.265731], [-99.036505, 19.264956], [-99.036751, 19.265036], [-99.036673, 19.26543], [-99.036553, 19.265193], [-99.036309, 19.265731]]], [[[-99.037693, 19.265402], [-99.038257, 19.265617], [-99.038182, 19.265877], [-99.037626, 19.26568], [-99.037693, 19.265402]]], [[[-99.040052, 19.265564], [-99.040009, 19.265715], [-99.040371, 19.265703], [-99.040256, 19.266013], [-99.039369, 19.265698], [-99.039496, 19.265365], [-99.040052, 19.265564]]], [[[-99.038606, 19.266046], [-99.038224, 19.265902], [-99.038344, 19.265517], [-99.038861, 19.265688], [-99.038606, 19.266046]]], [[[-99.036379, 19.266043], [-99.036523, 19.265387], [-99.036673, 19.26543], [-99.036472, 19.26621], [-99.03615, 19.266186], [-99.036277, 19.265766], [-99.036379, 19.266043]]], [[[-99.038436, 19.266211], [-99.037888, 19.266032], [-99.038439, 19.26623], [-99.038406, 19.266429], [-99.037113, 19.265973], [-99.037238, 19.265598], [-99.03849, 19.266057], [-99.038436, 19.266211]]], [[[-99.036848, 19.266345], [-99.03696, 19.26596], [-99.03726, 19.266068], [-99.037156, 19.266455], [-99.036848, 19.266345]]], [[[-99.040319, 19.26662], [-99.040497, 19.26609], [-99.04045, 19.266598], [-99.040885, 19.26564], [-99.040673, 19.266825], [-99.040319, 19.26662]]], [[[-99.037273, 19.266219], [-99.03735, 19.266096], [-99.038384, 19.266501], [-99.038301, 19.266631], [-99.037273, 19.266219]]], [[[-99.038217, 19.266823], [-99.036836, 19.266433], [-99.037165, 19.266477], [-99.038239, 19.266771], [-99.038217, 19.266823]]], [[[-99.039608, 19.2666], [-99.040025, 19.266317], [-99.039844, 19.266252], [-99.03977, 19.266487], [-99.039322, 19.266332], [-99.039358, 19.265716], [-99.040229, 19.266053], [-99.040092, 19.266463], [-99.040112, 19.266592], [-99.040269, 19.266052], [-99.040479, 19.266085], [-99.039774, 19.26771], [-99.038941, 19.267605], [-99.03896, 19.267271], [-99.038127, 19.266999], [-99.038341, 19.266696], [-99.038389, 19.266917], [-99.039929, 19.267199], [-99.039123, 19.266914], [-99.039311, 19.266346], [-99.039608, 19.2666]]], [[[-99.038096, 19.266937], [-99.037731, 19.267103], [-99.036851, 19.266464], [-99.037304, 19.266628], [-99.038096, 19.266937]]], [[[-99.036054, 19.266192], [-99.036194, 19.266227], [-99.035808, 19.267568], [-99.036054, 19.266192]]], [[[-99.040069, 19.267223], [-99.040336, 19.267279], [-99.040186, 19.267717], [-99.039936, 19.267644], [-99.040069, 19.267223]]], [[[-99.03643, 19.26796], [-99.036137, 19.267869], [-99.035914, 19.268], [-99.035998, 19.26763], [-99.036224, 19.267688], [-99.036419, 19.266989], [-99.036545, 19.267021], [-99.03643, 19.26796]]], [[[-99.036564, 19.267611], [-99.036629, 19.267345], [-99.037219, 19.267557], [-99.037194, 19.26768], [-99.037456, 19.26778], [-99.037381, 19.268035], [-99.037362, 19.268044], [-99.036959, 19.267887], [-99.036571, 19.267735], [-99.036549, 19.267724], [-99.036564, 19.267611]], [[-99.037001, 19.267782], [-99.036564, 19.267611], [-99.036959, 19.267887], [-99.037001, 19.267782]]], [[[-99.038631, 19.268478], [-99.038014, 19.26827], [-99.037416, 19.26806], [-99.037515, 19.267771], [-99.037227, 19.267658], [-99.03732, 19.267405], [-99.037961, 19.267041], [-99.038355, 19.267159], [-99.038267, 19.267478], [-99.038397, 19.267152], [-99.038906, 19.267304], [-99.038631, 19.268478]], [[-99.038117, 19.268027], [-99.038238, 19.267702], [-99.038014, 19.26827], [-99.038117, 19.268027]]], [[[-99.037331, 19.268233], [-99.036504, 19.267985], [-99.036545, 19.267742], [-99.037383, 19.268068], [-99.037331, 19.268233]]], [[[-99.039475, 19.268737], [-99.038648, 19.268492], [-99.038901, 19.267648], [-99.039725, 19.267729], [-99.039475, 19.268737]]], [[[-99.036177, 19.267945], [-99.03648, 19.268029], [-99.036262, 19.268746], [-99.035947, 19.268633], [-99.036177, 19.267945]]], [[[-99.037791, 19.268693], [-99.037212, 19.26849], [-99.037401, 19.268108], [-99.037965, 19.26829], [-99.037791, 19.268693]]], [[[-99.038278, 19.26896], [-99.037807, 19.268794], [-99.037997, 19.268301], [-99.038467, 19.26847], [-99.038278, 19.26896]]], [[[-99.036752, 19.269742], [-99.036138, 19.269637], [-99.036506, 19.26804], [-99.037224, 19.268324], [-99.036752, 19.269742]]], [[[-99.038616, 19.268523], [-99.038311, 19.269396], [-99.038161, 19.269348], [-99.038616, 19.268523]]], [[[-99.038639, 19.268526], [-99.038933, 19.268612], [-99.038648, 19.269493], [-99.038511, 19.269928], [-99.038312, 19.26988], [-99.038639, 19.268526]]], [[[-99.036061, 19.269852], [-99.035788, 19.269629], [-99.036018, 19.268698], [-99.036257, 19.268789], [-99.036103, 19.269654], [-99.036061, 19.269852]], [[-99.035938, 19.269614], [-99.036031, 19.269639], [-99.036103, 19.269654], [-99.035938, 19.269614]]], [[[-99.037943, 19.269797], [-99.037757, 19.269741], [-99.037972, 19.268909], [-99.038174, 19.268967], [-99.037943, 19.269797]]], [[[-99.037771, 19.268752], [-99.037008, 19.270427], [-99.037241, 19.269739], [-99.036844, 19.2696], [-99.037211, 19.268505], [-99.037771, 19.268752]]], [[[-99.038404, 19.269468], [-99.038267, 19.269876], [-99.037963, 19.26979], [-99.038096, 19.269354], [-99.038404, 19.269468]]], [[[-99.037942, 19.268891], [-99.037499, 19.270578], [-99.037145, 19.27047], [-99.037648, 19.269058], [-99.037942, 19.268891]]], [[[-99.038511, 19.269928], [-99.038648, 19.269493], [-99.038933, 19.268612], [-99.039482, 19.268758], [-99.038894, 19.271012], [-99.038036, 19.270732], [-99.038313, 19.269924], [-99.0385, 19.26996], [-99.038511, 19.269928]], [[-99.038796, 19.269995], [-99.038887, 19.270014], [-99.038968, 19.27003], [-99.038796, 19.269995]]], [[[-99.035579, 19.270064], [-99.035432, 19.269811], [-99.036542, 19.270022], [-99.036478, 19.270308], [-99.035579, 19.270064]]], [[[-99.036662, 19.269793], [-99.037161, 19.269776], [-99.036973, 19.27039], [-99.036557, 19.270244], [-99.036662, 19.269793]]], [[[-99.037946, 19.269816], [-99.038268, 19.269906], [-99.037992, 19.270743], [-99.037663, 19.270633], [-99.037946, 19.269816]]], [[[-99.035628, 19.270099], [-99.03573, 19.270114], [-99.036623, 19.270369], [-99.036568, 19.270543], [-99.035628, 19.270099]]], [[[-99.036623, 19.270369], [-99.037222, 19.270556], [-99.037166, 19.270753], [-99.036559, 19.27057], [-99.036623, 19.270369]]], [[[-99.037166, 19.270753], [-99.037068, 19.270994], [-99.036116, 19.270671], [-99.035831, 19.270359], [-99.037166, 19.270753]]], [[[-99.03574, 19.271212], [-99.035506, 19.271181], [-99.035701, 19.270385], [-99.035862, 19.270618], [-99.03574, 19.271212]]], [[[-99.03578, 19.271217], [-99.035904, 19.270667], [-99.036808, 19.271358], [-99.03578, 19.271217]]], [[[-99.037923, 19.270962], [-99.037216, 19.270715], [-99.037262, 19.270571], [-99.038934, 19.271124], [-99.038792, 19.271473], [-99.037871, 19.271129], [-99.038666, 19.271347], [-99.037923, 19.270962]], [[-99.038711, 19.271233], [-99.037928, 19.270947], [-99.037923, 19.270962], [-99.038711, 19.271233]]], [[[-99.03868, 19.271749], [-99.037085, 19.271127], [-99.037207, 19.270735], [-99.037851, 19.271142], [-99.038731, 19.271627], [-99.037505, 19.271125], [-99.03868, 19.271749]]], [[[-99.038675, 19.271763], [-99.038631, 19.271872], [-99.037048, 19.271257], [-99.038675, 19.271763]]], [[[-99.03702, 19.271403], [-99.037042, 19.271271], [-99.038655, 19.271898], [-99.03702, 19.271403]]], [[[-98.974931, 19.221599], [-98.973749, 19.221219], [-98.97359, 19.221162], [-98.973654, 19.221548], [-98.973736, 19.221268], [-98.974933, 19.221603], [-98.974866, 19.221876], [-98.973884, 19.221553], [-98.974847, 19.221887], [-98.974758, 19.222192], [-98.974048, 19.221978], [-98.974345, 19.222071], [-98.97413, 19.222544], [-98.973844, 19.222463], [-98.974606, 19.222752], [-98.974521, 19.223199], [-98.97351, 19.22288], [-98.973671, 19.22261], [-98.973702, 19.222409], [-98.97373, 19.22242], [-98.973702, 19.222404], [-98.973635, 19.222566], [-98.973631, 19.222671], [-98.973486, 19.222626], [-98.973565, 19.222293], [-98.973242, 19.223284], [-98.973412, 19.223394], [-98.973274, 19.223685], [-98.972288, 19.223319], [-98.971991, 19.223426], [-98.972525, 19.222185], [-98.972716, 19.222244], [-98.972939, 19.221726], [-98.97311, 19.221056], [-98.973626, 19.221029], [-98.973996, 19.220828], [-98.97361, 19.220894], [-98.97304, 19.221049], [-98.972904, 19.221463], [-98.972602, 19.221388], [-98.972811, 19.220746], [-98.972602, 19.221388], [-98.972586, 19.221438], [-98.972956, 19.221524], [-98.97271, 19.222228], [-98.972163, 19.222043], [-98.971793, 19.22302], [-98.971529, 19.222843], [-98.97175, 19.222873], [-98.971829, 19.22261], [-98.971586, 19.222518], [-98.971693, 19.222242], [-98.971497, 19.222486], [-98.971111, 19.222206], [-98.971211, 19.222019], [-98.97108, 19.222205], [-98.970926, 19.222259], [-98.970608, 19.22261], [-98.97018, 19.222907], [-98.97015, 19.222962], [-98.968831, 19.222577], [-98.968881, 19.222278], [-98.968742, 19.222564], [-98.967435, 19.222049], [-98.967564, 19.221792], [-98.967796, 19.221892], [-98.968098, 19.221202], [-98.96824, 19.221259], [-98.968265, 19.221232], [-98.967777, 19.220843], [-98.96791, 19.220657], [-98.968174, 19.220845], [-98.968011, 19.220563], [-98.968698, 19.220828], [-98.968011, 19.220563], [-98.96913, 19.219858], [-98.9697, 19.220061], [-98.96913, 19.219858], [-98.97062, 19.219101], [-98.97165, 19.219346], [-98.970075, 19.218642], [-98.971637, 19.214535], [-98.971165, 19.215471], [-98.969902, 19.215218], [-98.970052, 19.215081], [-98.971035, 19.215355], [-98.970013, 19.215056], [-98.970206, 19.214675], [-98.970967, 19.21509], [-98.970224, 19.214568], [-98.970849, 19.214794], [-98.970883, 19.214897], [-98.971265, 19.215037], [-98.970693, 19.21469], [-98.9702, 19.214526], [-98.969651, 19.215678], [-98.969222, 19.215492], [-98.969274, 19.215003], [-98.969738, 19.215008], [-98.970165, 19.214086], [-98.971637, 19.214535], [-98.97075, 19.214172], [-98.970999, 19.213477], [-98.97077, 19.214108], [-98.96969, 19.213953], [-98.969794, 19.213032], [-98.969669, 19.213419], [-98.969529, 19.213247], [-98.96919, 19.213159], [-98.969232, 19.212968], [-98.969156, 19.213173], [-98.969663, 19.21345], [-98.96964, 19.214019], [-98.968872, 19.213746], [-98.968685, 19.213763], [-98.968581, 19.213747], [-98.968525, 19.213734], [-98.968248, 19.213667], [-98.96802, 19.213673], [-98.968438, 19.212691], [-98.967876, 19.213869], [-98.966551, 19.213485], [-98.966868, 19.212633], [-98.966494, 19.213471], [-98.96623, 19.213435], [-98.967885, 19.213952], [-98.96779, 19.214385], [-98.967987, 19.213709], [-98.969269, 19.214004], [-98.969245, 19.215073], [-98.968651, 19.214842], [-98.968329, 19.214763], [-98.969248, 19.21521], [-98.968264, 19.214896], [-98.969218, 19.215233], [-98.9692, 19.215474], [-98.968271, 19.215137], [-98.967633, 19.215209], [-98.967593, 19.215035], [-98.967544, 19.215174], [-98.967722, 19.215342], [-98.967492, 19.215782], [-98.967301, 19.215761], [-98.967417, 19.215344], [-98.967218, 19.215755], [-98.967093, 19.215627], [-98.96724, 19.215252], [-98.967474, 19.215292], [-98.967498, 19.215269], [-98.96744, 19.215086], [-98.966765, 19.214862], [-98.967482, 19.215254], [-98.967212, 19.215206], [-98.967172, 19.2153], [-98.96672, 19.215049], [-98.965446, 19.214625], [-98.965182, 19.215348], [-98.965018, 19.215346], [-98.964795, 19.21556], [-98.965386, 19.215487], [-98.965107, 19.215714], [-98.964845, 19.216431], [-98.965226, 19.216567], [-98.965637, 19.216089], [-98.965371, 19.216681], [-98.965758, 19.216121], [-98.965482, 19.216921], [-98.965845, 19.216226], [-98.965583, 19.217051], [-98.966223, 19.217309], [-98.965571, 19.217238], [-98.965494, 19.217001], [-98.964656, 19.216783], [-98.964802, 19.216422], [-98.964535, 19.216479], [-98.964948, 19.215934], [-98.964982, 19.2157], [-98.964405, 19.21644], [-98.964708, 19.216552], [-98.964628, 19.216796], [-98.964448, 19.216749], [-98.964362, 19.217037], [-98.965559, 19.217488], [-98.964555, 19.217213], [-98.96447, 19.217364], [-98.964416, 19.21743], [-98.965311, 19.217717], [-98.96519, 19.217954], [-98.964699, 19.217805], [-98.965312, 19.21824], [-98.965096, 19.218812], [-98.964929, 19.218826], [-98.965118, 19.218392], [-98.96491, 19.218827], [-98.964603, 19.218832], [-98.964898, 19.218497], [-98.964987, 19.21835], [-98.964655, 19.218346], [-98.964886, 19.218483], [-98.9646, 19.218808], [-98.963524, 19.218898], [-98.962542, 19.217422], [-98.962794, 19.21698], [-98.962517, 19.217401], [-98.962271, 19.216988], [-98.962281, 19.216361], [-98.96251, 19.216386], [-98.962284, 19.216319], [-98.962287, 19.215924], [-98.96282, 19.216044], [-98.962286, 19.215895], [-98.96239, 19.215225], [-98.962813, 19.215594], [-98.962946, 19.215308], [-98.964217, 19.215656], [-98.964508, 19.215692], [-98.962941, 19.215283], [-98.962591, 19.214975], [-98.962702, 19.214616], [-98.96446, 19.213849], [-98.965158, 19.213237], [-98.964587, 19.213065], [-98.96478, 19.212512], [-98.965611, 19.212729], [-98.966589, 19.211799], [-98.96632, 19.211438], [-98.965234, 19.211183], [-98.965159, 19.210956], [-98.965678, 19.209849], [-98.966567, 19.208876], [-98.968422, 19.210525], [-98.971721, 19.212195], [-98.973565, 19.214097], [-98.974944, 19.214616], [-98.978766, 19.215234], [-98.977879, 19.215102], [-98.977602, 19.215916], [-98.979045, 19.216978], [-98.981197, 19.21923], [-98.984413, 19.223536], [-98.981834, 19.230168], [-98.980986, 19.23027], [-98.980257, 19.230646], [-98.977218, 19.229428], [-98.978085, 19.2274], [-98.977705, 19.228223], [-98.977462, 19.228148], [-98.977704, 19.228225], [-98.977607, 19.228431], [-98.977343, 19.228327], [-98.97671, 19.228105], [-98.976537, 19.22807], [-98.976687, 19.2279], [-98.976701, 19.227562], [-98.977017, 19.227656], [-98.976716, 19.227537], [-98.976854, 19.227211], [-98.976459, 19.227086], [-98.976414, 19.227245], [-98.97465, 19.226625], [-98.974852, 19.22633], [-98.97476, 19.226099], [-98.977005, 19.226888], [-98.977205, 19.226533], [-98.978085, 19.2274], [-98.974469, 19.223437], [-98.974352, 19.223742], [-98.973402, 19.223477], [-98.973436, 19.223326], [-98.973351, 19.223214], [-98.974469, 19.223437], [-98.9753, 19.220603], [-98.974931, 19.221599]], [[-98.968674, 19.213356], [-98.968674, 19.213351], [-98.968525, 19.213734], [-98.968674, 19.213356]], [[-98.964445, 19.21635], [-98.964409, 19.216426], [-98.964405, 19.21644], [-98.964445, 19.21635]], [[-98.964281, 19.217309], [-98.964224, 19.217294], [-98.96447, 19.217364], [-98.964281, 19.217309]], [[-98.97131, 19.220099], [-98.971952, 19.220282], [-98.972224, 19.220003], [-98.972388, 19.220054], [-98.972224, 19.220003], [-98.971952, 19.220282], [-98.97131, 19.220099]], [[-98.972144, 19.213256], [-98.971785, 19.213854], [-98.970999, 19.213477], [-98.971785, 19.213854], [-98.972144, 19.213256]], [[-98.969198, 19.211052], [-98.969417, 19.211183], [-98.969198, 19.211052], [-98.968981, 19.211362], [-98.969198, 19.211052]], [[-98.967918, 19.211235], [-98.967878, 19.21118], [-98.967918, 19.211235], [-98.967871, 19.211219], [-98.967918, 19.211235]], [[-98.977883, 19.229612], [-98.977877, 19.229626], [-98.977884, 19.229612], [-98.977883, 19.229612]], [[-98.973519, 19.221286], [-98.973537, 19.221255], [-98.973514, 19.221284], [-98.973519, 19.221286]], [[-98.967512, 19.214315], [-98.967755, 19.214376], [-98.967516, 19.214304], [-98.967512, 19.214315]], [[-98.963583, 19.217276], [-98.963595, 19.217282], [-98.963596, 19.217279], [-98.963583, 19.217276]], [[-98.966049, 19.213941], [-98.966006, 19.214258], [-98.965338, 19.213971], [-98.965613, 19.214166], [-98.966433, 19.214452], [-98.96604, 19.214268], [-98.966049, 19.213941]], [[-98.966527, 19.214596], [-98.96557, 19.214282], [-98.965567, 19.214292], [-98.966527, 19.214596]], [[-98.96779, 19.212445], [-98.967786, 19.212462], [-98.967804, 19.212411], [-98.96779, 19.212445]], [[-98.968778, 19.213059], [-98.968816, 19.213072], [-98.968758, 19.213051], [-98.968778, 19.213059]], [[-98.968561, 19.222263], [-98.968401, 19.222198], [-98.968439, 19.222214], [-98.968561, 19.222263]], [[-98.969685, 19.220077], [-98.969676, 19.220086], [-98.96957, 19.220242], [-98.969676, 19.220086], [-98.969685, 19.220077]], [[-98.969652, 19.22027], [-98.969833, 19.220334], [-98.969948, 19.220332], [-98.969652, 19.22027]], [[-98.969713, 19.221334], [-98.969874, 19.221397], [-98.97006, 19.221459], [-98.969713, 19.221334]], [[-98.97083, 19.221673], [-98.971092, 19.221775], [-98.970822, 19.22167], [-98.97083, 19.221673]], [[-98.972597, 19.220375], [-98.972459, 19.220688], [-98.972499, 19.220598], [-98.972597, 19.220375]], [[-98.972682, 19.220724], [-98.972831, 19.220684], [-98.972721, 19.220656], [-98.972682, 19.220724]]], [[[-98.974469, 19.223423], [-98.97341, 19.223111], [-98.973507, 19.222885], [-98.97452, 19.223207], [-98.974469, 19.223423]]], [[[-98.974359, 19.223749], [-98.97421, 19.224198], [-98.973251, 19.223825], [-98.973401, 19.223479], [-98.974359, 19.223749]]], [[[-98.97329, 19.223713], [-98.973216, 19.223862], [-98.974202, 19.224213], [-98.974077, 19.224532], [-98.973991, 19.224872], [-98.973264, 19.224616], [-98.972876, 19.224519], [-98.973049, 19.224327], [-98.97303, 19.224283], [-98.972232, 19.223893], [-98.972402, 19.22338], [-98.97329, 19.223713]]], [[[-98.972393, 19.224085], [-98.972615, 19.224114], [-98.973005, 19.224351], [-98.972356, 19.224525], [-98.972214, 19.224448], [-98.972393, 19.224085]]], [[[-98.973998, 19.224894], [-98.97409, 19.224536], [-98.974481, 19.223459], [-98.975419, 19.224553], [-98.975007, 19.22537], [-98.973961, 19.22497], [-98.973998, 19.224894]], [[-98.974509, 19.224813], [-98.974496, 19.224848], [-98.974494, 19.224854], [-98.974509, 19.224813]], [[-98.974814, 19.225033], [-98.974812, 19.225038], [-98.974808, 19.225048], [-98.974814, 19.225033]]], [[[-98.972846, 19.224615], [-98.973993, 19.224892], [-98.973926, 19.224968], [-98.973762, 19.225503], [-98.973604, 19.225783], [-98.973425, 19.2257], [-98.973454, 19.22568], [-98.97366, 19.225222], [-98.973714, 19.224992], [-98.973709, 19.224985], [-98.972846, 19.224615]]], [[[-98.973864, 19.225172], [-98.973931, 19.224968], [-98.974993, 19.225378], [-98.974904, 19.225575], [-98.973864, 19.225172]]], [[[-98.972845, 19.224616], [-98.973294, 19.224826], [-98.972986, 19.225092], [-98.973177, 19.225168], [-98.972852, 19.225965], [-98.972556, 19.225874], [-98.972591, 19.225806], [-98.972641, 19.225587], [-98.972725, 19.225377], [-98.972635, 19.225585], [-98.972586, 19.225804], [-98.97255, 19.225873], [-98.972789, 19.226106], [-98.97246, 19.225992], [-98.972218, 19.225952], [-98.97246, 19.225305], [-98.972216, 19.225952], [-98.972059, 19.225807], [-98.971727, 19.225776], [-98.972338, 19.224695], [-98.972637, 19.224906], [-98.972845, 19.224616]], [[-98.972496, 19.225629], [-98.972479, 19.225657], [-98.972481, 19.225654], [-98.972496, 19.225629]]], [[[-98.975084, 19.225271], [-98.975465, 19.224592], [-98.975654, 19.225034], [-98.975491, 19.225287], [-98.975104, 19.226176], [-98.974935, 19.226126], [-98.975275, 19.225452], [-98.975433, 19.225048], [-98.974906, 19.226115], [-98.975084, 19.225271]]], [[[-98.976154, 19.225497], [-98.975968, 19.225781], [-98.97553, 19.225282], [-98.975685, 19.225036], [-98.976154, 19.225497]]], [[[-98.973306, 19.224827], [-98.973709, 19.224991], [-98.97345, 19.225679], [-98.973142, 19.225553], [-98.973126, 19.225566], [-98.972989, 19.225971], [-98.972923, 19.226034], [-98.973081, 19.225495], [-98.973306, 19.224827]]], [[[-98.974664, 19.226193], [-98.973677, 19.225843], [-98.973612, 19.225938], [-98.973472, 19.226303], [-98.973266, 19.226293], [-98.973445, 19.225735], [-98.973628, 19.225803], [-98.9738, 19.225491], [-98.973873, 19.225212], [-98.974923, 19.225608], [-98.974664, 19.226193]], [[-98.973747, 19.225699], [-98.973698, 19.225678], [-98.973728, 19.225691], [-98.973747, 19.225699]]], [[[-98.976773, 19.226107], [-98.976445, 19.22624], [-98.97598, 19.225793], [-98.976167, 19.22551], [-98.976773, 19.226107]]], [[[-98.973103, 19.226228], [-98.972791, 19.226107], [-98.972968, 19.226017], [-98.97307, 19.225793], [-98.97313, 19.225568], [-98.973332, 19.225662], [-98.973103, 19.226228]]], [[[-98.976776, 19.22611], [-98.977149, 19.226478], [-98.976986, 19.226856], [-98.975138, 19.226196], [-98.975503, 19.225377], [-98.976433, 19.226256], [-98.976776, 19.22611]]], [[[-98.974619, 19.226688], [-98.973757, 19.226305], [-98.97351, 19.226256], [-98.973685, 19.225873], [-98.974397, 19.226122], [-98.974304, 19.226361], [-98.973987, 19.226219], [-98.973758, 19.226165], [-98.97433, 19.226391], [-98.97442, 19.226168], [-98.974796, 19.226244], [-98.974837, 19.226315], [-98.974718, 19.226328], [-98.974619, 19.226688]]], [[[-98.97258, 19.226919], [-98.972428, 19.227378], [-98.971832, 19.227121], [-98.972098, 19.226417], [-98.972147, 19.226744], [-98.97258, 19.226919]]], [[[-98.975591, 19.226989], [-98.976418, 19.227248], [-98.976464, 19.227095], [-98.976851, 19.227218], [-98.976707, 19.227534], [-98.974821, 19.226899], [-98.974649, 19.226629], [-98.975591, 19.226989]]], [[[-98.974771, 19.227672], [-98.974618, 19.227595], [-98.974338, 19.227594], [-98.974252, 19.227826], [-98.97415, 19.227801], [-98.973943, 19.227828], [-98.97414, 19.227274], [-98.974424, 19.227339], [-98.974492, 19.227079], [-98.974417, 19.227301], [-98.974121, 19.227268], [-98.973914, 19.227877], [-98.973525, 19.22775], [-98.973764, 19.227094], [-98.974119, 19.22722], [-98.974173, 19.227063], [-98.973749, 19.227078], [-98.973464, 19.227752], [-98.973916, 19.2279], [-98.974196, 19.227829], [-98.974268, 19.228023], [-98.973805, 19.228337], [-98.973336, 19.228856], [-98.973085, 19.228644], [-98.972567, 19.228362], [-98.973036, 19.226965], [-98.972665, 19.226778], [-98.97272, 19.226555], [-98.972602, 19.22675], [-98.972358, 19.226664], [-98.972445, 19.226307], [-98.972592, 19.226206], [-98.972636, 19.226106], [-98.972891, 19.226188], [-98.973413, 19.22639], [-98.973343, 19.226643], [-98.973704, 19.226302], [-98.974829, 19.226952], [-98.976415, 19.22747], [-98.976286, 19.22781], [-98.976598, 19.227922], [-98.976511, 19.22812], [-98.976468, 19.228266], [-98.975818, 19.228107], [-98.975116, 19.227949], [-98.975255, 19.227513], [-98.976093, 19.227762], [-98.975298, 19.227496], [-98.975291, 19.22733], [-98.975097, 19.227936], [-98.97486, 19.227899], [-98.974806, 19.228082], [-98.974771, 19.227672]], [[-98.973021, 19.227644], [-98.97302, 19.227644], [-98.973016, 19.227654], [-98.973021, 19.227644]], [[-98.973043, 19.227617], [-98.973042, 19.227617], [-98.973037, 19.227622], [-98.973043, 19.227617]], [[-98.973289, 19.228033], [-98.973291, 19.228036], [-98.973311, 19.227979], [-98.973289, 19.228033]]], [[[-98.972311, 19.227808], [-98.972465, 19.227476], [-98.97277, 19.227682], [-98.972656, 19.227938], [-98.972311, 19.227808]]], [[[-98.974776, 19.227735], [-98.974689, 19.228004], [-98.9743, 19.227904], [-98.974346, 19.227607], [-98.974776, 19.227735]]], [[[-98.972643, 19.227972], [-98.97252, 19.228334], [-98.972171, 19.228068], [-98.972296, 19.227835], [-98.972643, 19.227972]]], [[[-98.974588, 19.228331], [-98.974235, 19.228164], [-98.974311, 19.227946], [-98.974805, 19.228084], [-98.974833, 19.228088], [-98.974905, 19.228071], [-98.974954, 19.228086], [-98.974981, 19.22809], [-98.974753, 19.228457], [-98.974588, 19.228331]]], [[[-98.974982, 19.22809], [-98.974905, 19.228071], [-98.974806, 19.228083], [-98.974861, 19.2279], [-98.975207, 19.227971], [-98.975107, 19.228354], [-98.975184, 19.228428], [-98.975132, 19.228576], [-98.974906, 19.228482], [-98.974982, 19.22809]]], [[[-98.97578, 19.228106], [-98.97559, 19.228696], [-98.975564, 19.228681], [-98.975531, 19.22867], [-98.975398, 19.228654], [-98.975239, 19.22858], [-98.975133, 19.228577], [-98.975186, 19.228428], [-98.975109, 19.228354], [-98.975207, 19.227978], [-98.97578, 19.228106]]], [[[-98.976273, 19.229039], [-98.976613, 19.228111], [-98.976724, 19.228148], [-98.976273, 19.229039]]], [[[-98.974609, 19.228415], [-98.97484, 19.228487], [-98.974515, 19.229265], [-98.973395, 19.22887], [-98.974123, 19.228156], [-98.974219, 19.228164], [-98.974609, 19.228415]]], [[[-98.975589, 19.228698], [-98.975512, 19.228965], [-98.975035, 19.228802], [-98.975239, 19.228581], [-98.975397, 19.228656], [-98.975589, 19.228698]]], [[[-98.974438, 19.229379], [-98.97453, 19.22928], [-98.97477, 19.228738], [-98.975103, 19.228841], [-98.974762, 19.229603], [-98.97496, 19.228901], [-98.974645, 19.229521], [-98.974438, 19.229379]]], [[[-98.975722, 19.229021], [-98.976164, 19.228232], [-98.975935, 19.228894], [-98.975913, 19.229073], [-98.976305, 19.228272], [-98.975536, 19.2302], [-98.975189, 19.229988], [-98.975847, 19.22815], [-98.976017, 19.228195], [-98.975722, 19.229021]]], [[[-98.975167, 19.22998], [-98.975028, 19.229845], [-98.975534, 19.228982], [-98.975167, 19.22998]]], [[[-98.975493, 19.231604], [-98.976475, 19.232096], [-98.976612, 19.23213], [-98.976985, 19.231285], [-98.977146, 19.23136], [-98.976357, 19.233118], [-98.976101, 19.232654], [-98.974873, 19.232081], [-98.974196, 19.231373], [-98.974285, 19.231179], [-98.974575, 19.231301], [-98.975047, 19.231344], [-98.974267, 19.231148], [-98.974183, 19.231356], [-98.973421, 19.230312], [-98.973606, 19.230176], [-98.973785, 19.229909], [-98.973835, 19.229769], [-98.974504, 19.229967], [-98.974475, 19.23017], [-98.97452, 19.229944], [-98.973835, 19.229743], [-98.973406, 19.230292], [-98.973091, 19.2297], [-98.972574, 19.229044], [-98.972533, 19.228719], [-98.972374, 19.2283], [-98.97556, 19.230249], [-98.976336, 19.228279], [-98.976495, 19.228324], [-98.976193, 19.229181], [-98.97639, 19.229173], [-98.976758, 19.228146], [-98.977598, 19.228432], [-98.977195, 19.229436], [-98.9779, 19.229715], [-98.977179, 19.231292], [-98.975819, 19.2307], [-98.976062, 19.230036], [-98.976655, 19.230162], [-98.976394, 19.230034], [-98.975923, 19.229935], [-98.975748, 19.230832], [-98.975273, 19.230704], [-98.976964, 19.231285], [-98.976577, 19.232085], [-98.975493, 19.231604]], [[-98.977148, 19.229423], [-98.977193, 19.229439], [-98.977195, 19.229436], [-98.977148, 19.229423]]], [[[-98.972204, 19.233088], [-98.972949, 19.231365], [-98.97251, 19.232244], [-98.97222, 19.232121], [-98.972558, 19.231378], [-98.972821, 19.230556], [-98.972561, 19.231214], [-98.972372, 19.231142], [-98.972625, 19.230503], [-98.971843, 19.230203], [-98.971853, 19.23001], [-98.972718, 19.230313], [-98.971858, 19.22998], [-98.972401, 19.228596], [-98.972535, 19.229084], [-98.974238, 19.231487], [-98.974903, 19.23213], [-98.975903, 19.232573], [-98.977183, 19.234298], [-98.976401, 19.234324], [-98.973925, 19.233609], [-98.974144, 19.233085], [-98.974205, 19.232887], [-98.974144, 19.232842], [-98.973215, 19.232536], [-98.974196, 19.232896], [-98.973911, 19.233601], [-98.972204, 19.233088]], [[-98.97392, 19.231776], [-98.973921, 19.231776], [-98.973929, 19.231761], [-98.97392, 19.231776]]], [[[-99.035522, 19.260296], [-99.035186, 19.262005], [-99.035024, 19.261972], [-99.035068, 19.261336], [-99.035006, 19.261969], [-99.034741, 19.261915], [-99.034805, 19.261418], [-99.034557, 19.261944], [-99.035072, 19.262273], [-99.034331, 19.262132], [-99.034617, 19.261186], [-99.034837, 19.261218], [-99.034907, 19.260794], [-99.035142, 19.260822], [-99.034907, 19.260794], [-99.03502, 19.260204], [-99.035522, 19.260296]], [[-99.035372, 19.2605], [-99.035366, 19.260538], [-99.035148, 19.260513], [-99.035366, 19.260538], [-99.035372, 19.2605]]], [[[-99.031391, 19.261881], [-99.031266, 19.26186], [-99.03147, 19.260853], [-99.031391, 19.261881]]], [[[-99.03101, 19.261163], [-99.030792, 19.262163], [-99.030512, 19.262014], [-99.030751, 19.261886], [-99.03101, 19.261163]]], [[[-99.030792, 19.261027], [-99.030556, 19.261822], [-99.029784, 19.262582], [-99.03038, 19.26098], [-99.030792, 19.261027]]], [[[-99.03104, 19.261067], [-99.031455, 19.260868], [-99.030945, 19.263255], [-99.031055, 19.262113], [-99.030802, 19.262166], [-99.03104, 19.261067]], [[-99.031093, 19.261665], [-99.031114, 19.261826], [-99.031145, 19.261672], [-99.031093, 19.261665]]], [[[-99.030817, 19.263225], [-99.030524, 19.263183], [-99.030433, 19.262945], [-99.030459, 19.262137], [-99.031018, 19.262234], [-99.030817, 19.263225]]], [[[-99.033302, 19.263173], [-99.033089, 19.263138], [-99.033234, 19.2623], [-99.033466, 19.262337], [-99.033302, 19.263173]]], [[[-99.033714, 19.26247], [-99.033981, 19.262537], [-99.033817, 19.263255], [-99.033302, 19.263173], [-99.033682, 19.261862], [-99.033324, 19.261714], [-99.034111, 19.261738], [-99.034199, 19.262092], [-99.034024, 19.262048], [-99.034016, 19.262053], [-99.033994, 19.26213], [-99.034683, 19.262237], [-99.034612, 19.262493], [-99.034336, 19.262424], [-99.03421, 19.263069], [-99.034296, 19.262714], [-99.034497, 19.262775], [-99.034363, 19.263134], [-99.034143, 19.263079], [-99.034388, 19.263173], [-99.034263, 19.263813], [-99.033942, 19.263646], [-99.034095, 19.263099], [-99.033836, 19.263259], [-99.034001, 19.262542], [-99.033714, 19.26247], [-99.033751, 19.262277], [-99.033714, 19.26247]], [[-99.033897, 19.262098], [-99.033941, 19.262118], [-99.033994, 19.26213], [-99.033897, 19.262098]]], [[[-99.031205, 19.265003], [-99.031305, 19.264139], [-99.031093, 19.264874], [-99.031181, 19.264109], [-99.030999, 19.264762], [-99.031052, 19.264075], [-99.030886, 19.264628], [-99.030696, 19.264348], [-99.030539, 19.263212], [-99.03145, 19.263372], [-99.031584, 19.262736], [-99.031424, 19.263365], [-99.031108, 19.263293], [-99.031266, 19.26186], [-99.031406, 19.261883], [-99.03158, 19.26111], [-99.03174, 19.261128], [-99.031596, 19.261967], [-99.031838, 19.260703], [-99.03208, 19.260608], [-99.031772, 19.261872], [-99.032091, 19.260605], [-99.032266, 19.260544], [-99.03213, 19.261302], [-99.031842, 19.262394], [-99.031834, 19.262481], [-99.032139, 19.261305], [-99.032271, 19.260542], [-99.032514, 19.260379], [-99.031961, 19.263111], [-99.032127, 19.263087], [-99.032051, 19.263424], [-99.03189, 19.263393], [-99.03181, 19.264261], [-99.031917, 19.26395], [-99.032416, 19.264096], [-99.031786, 19.265593], [-99.031834, 19.264952], [-99.031493, 19.265313], [-99.031392, 19.264841], [-99.031212, 19.26501], [-99.031469, 19.264181], [-99.031205, 19.265003]]], [[[-99.010645, 19.26475], [-99.009389, 19.266053], [-99.009172, 19.266228], [-99.008558, 19.266134], [-99.008601, 19.265623], [-99.008362, 19.265377], [-99.008738, 19.264461], [-99.008576, 19.26373], [-99.008325, 19.263635], [-99.009292, 19.261303], [-99.011001, 19.261688], [-99.011236, 19.261742], [-99.012488, 19.262131], [-99.012569, 19.262265], [-99.011916, 19.262085], [-99.012539, 19.262375], [-99.012501, 19.262512], [-99.012636, 19.262567], [-99.012583, 19.262213], [-99.013584, 19.262551], [-99.013377, 19.263031], [-99.012725, 19.264444], [-99.011213, 19.264707], [-99.011557, 19.263101], [-99.011177, 19.264476], [-99.010931, 19.264643], [-99.011036, 19.264245], [-99.011048, 19.263724], [-99.010822, 19.264192], [-99.010964, 19.263502], [-99.010645, 19.26475]], [[-99.012804, 19.262884], [-99.012771, 19.263139], [-99.01285, 19.262904], [-99.013377, 19.263031], [-99.012804, 19.262884]], [[-99.011265, 19.263344], [-99.011249, 19.263441], [-99.011317, 19.263116], [-99.011265, 19.263344]], [[-99.008591, 19.26515], [-99.008623, 19.265068], [-99.008496, 19.265188], [-99.008591, 19.26515]], [[-99.008588, 19.263191], [-99.009125, 19.263374], [-99.009092, 19.263604], [-99.009152, 19.263687], [-99.009131, 19.263367], [-99.008588, 19.263191]], [[-99.008788, 19.264768], [-99.009013, 19.26465], [-99.008823, 19.264733], [-99.008788, 19.264768]], [[-99.009178, 19.263753], [-99.009253, 19.26399], [-99.009353, 19.264], [-99.009271, 19.263771], [-99.009178, 19.263753]], [[-99.010043, 19.262171], [-99.009983, 19.262154], [-99.009916, 19.262654], [-99.010043, 19.262171]], [[-99.009562, 19.263392], [-99.009683, 19.263425], [-99.009904, 19.262133], [-99.009562, 19.263392]], [[-99.009627, 19.263748], [-99.00954, 19.264225], [-99.009499, 19.264376], [-99.00965, 19.26425], [-99.009627, 19.263748]], [[-99.009631, 19.263668], [-99.009847, 19.262965], [-99.009703, 19.263431], [-99.009631, 19.263668]], [[-99.009665, 19.264594], [-99.009839, 19.26483], [-99.009897, 19.264714], [-99.009665, 19.264594]], [[-99.009908, 19.261746], [-99.009945, 19.261982], [-99.010036, 19.262013], [-99.009886, 19.261517], [-99.009908, 19.261746]], [[-99.012591, 19.262942], [-99.012432, 19.263419], [-99.012638, 19.262841], [-99.012591, 19.262942]], [[-99.012656, 19.262824], [-99.012651, 19.262823], [-99.012638, 19.262841], [-99.012656, 19.262824]], [[-99.012625, 19.263196], [-99.012658, 19.263101], [-99.012721, 19.262848], [-99.012625, 19.263196]]], [[[-99.03545, 19.263478], [-99.035376, 19.264085], [-99.035121, 19.263956], [-99.035199, 19.26345], [-99.03545, 19.263478]]], [[[-99.034177, 19.264521], [-99.034407, 19.263145], [-99.034804, 19.262486], [-99.035352, 19.262509], [-99.035239, 19.263087], [-99.034918, 19.263188], [-99.034926, 19.263715], [-99.034865, 19.263362], [-99.034665, 19.263322], [-99.034859, 19.263361], [-99.034402, 19.265444], [-99.03388, 19.265544], [-99.034177, 19.264521]], [[-99.034665, 19.262947], [-99.034651, 19.262943], [-99.034403, 19.263352], [-99.034665, 19.262947]]], [[[-99.033083, 19.263155], [-99.032639, 19.265192], [-99.032288, 19.26511], [-99.032431, 19.26409], [-99.031935, 19.26393], [-99.032075, 19.263429], [-99.032341, 19.263487], [-99.032075, 19.263429], [-99.032183, 19.262958], [-99.032437, 19.263011], [-99.032396, 19.263232], [-99.032441, 19.263022], [-99.033083, 19.263155]], [[-99.032536, 19.264136], [-99.032622, 19.263833], [-99.032631, 19.263801], [-99.032536, 19.264136]], [[-99.032931, 19.263254], [-99.0329, 19.263398], [-99.032808, 19.263832], [-99.032931, 19.263254]]], [[[-99.033568, 19.263243], [-99.033111, 19.265353], [-99.032663, 19.265215], [-99.033113, 19.263171], [-99.033568, 19.263243]], [[-99.033212, 19.263683], [-99.033192, 19.263805], [-99.033267, 19.263384], [-99.033212, 19.263683]], [[-99.033149, 19.264076], [-99.033089, 19.264452], [-99.033192, 19.263805], [-99.033149, 19.264076]]], [[[-99.035011, 19.265262], [-99.034432, 19.265444], [-99.034785, 19.263709], [-99.034892, 19.264002], [-99.035029, 19.263208], [-99.035191, 19.263243], [-99.035079, 19.263986], [-99.035122, 19.264139], [-99.034884, 19.264119], [-99.03512, 19.264149], [-99.035011, 19.265262]], [[-99.034896, 19.264518], [-99.034915, 19.264369], [-99.034941, 19.264174], [-99.034896, 19.264518]]], [[[-99.033128, 19.265352], [-99.033581, 19.263246], [-99.033967, 19.263334], [-99.033293, 19.265415], [-99.033128, 19.265352]]], [[[-99.03562, 19.264192], [-99.03602, 19.264295], [-99.03599, 19.264364], [-99.035563, 19.264724], [-99.035509, 19.264664], [-99.035275, 19.264974], [-99.035256, 19.264872], [-99.035053, 19.265218], [-99.035165, 19.264134], [-99.035406, 19.264122], [-99.035336, 19.264588], [-99.035488, 19.263799], [-99.035677, 19.263837], [-99.035537, 19.264561], [-99.035744, 19.264387], [-99.035559, 19.264542], [-99.03562, 19.264192]], [[-99.03551, 19.264583], [-99.035428, 19.264659], [-99.035262, 19.26484], [-99.03551, 19.264583]]], [[[-99.033648, 19.265479], [-99.033492, 19.265441], [-99.033942, 19.263674], [-99.033648, 19.265479]]], [[[-99.033727, 19.265512], [-99.034041, 19.26372], [-99.034245, 19.263975], [-99.033863, 19.265542], [-99.033727, 19.265512]]], [[[-99.035779, 19.265363], [-99.035477, 19.265304], [-99.035571, 19.265016], [-99.035447, 19.265296], [-99.035597, 19.265338], [-99.035786, 19.26539], [-99.035934, 19.265359], [-99.035884, 19.265532], [-99.035055, 19.265326], [-99.035409, 19.264942], [-99.035869, 19.264566], [-99.035979, 19.264635], [-99.035779, 19.265363]], [[-99.035554, 19.264974], [-99.035619, 19.264988], [-99.035409, 19.264942], [-99.035554, 19.264974]]], [[[-99.033073, 19.265781], [-99.032347, 19.26554], [-99.03306, 19.26579], [-99.032334, 19.265635], [-99.032969, 19.266001], [-99.032126, 19.265719], [-99.032376, 19.265161], [-99.033238, 19.265435], [-99.033121, 19.265652], [-99.032395, 19.265416], [-99.033073, 19.265781]]], [[[-99.011062, 19.266541], [-99.01033, 19.266491], [-99.01034, 19.266432], [-99.009422, 19.266394], [-99.009359, 19.266315], [-99.009701, 19.265939], [-99.010261, 19.266134], [-99.009701, 19.265939], [-99.010612, 19.26498], [-99.01214, 19.264658], [-99.011942, 19.265378], [-99.012013, 19.265408], [-99.01214, 19.264658], [-99.012807, 19.264517], [-99.012642, 19.265201], [-99.012775, 19.265214], [-99.01291, 19.264476], [-99.012954, 19.265615], [-99.012656, 19.26557], [-99.012954, 19.265615], [-99.012975, 19.265898], [-99.012419, 19.265763], [-99.012975, 19.265898], [-99.012818, 19.266699], [-99.011062, 19.266541], [-99.011146, 19.266282], [-99.011062, 19.266541]], [[-99.010275, 19.266108], [-99.010295, 19.266073], [-99.010261, 19.266134], [-99.010275, 19.266108]], [[-99.011828, 19.264821], [-99.011732, 19.265083], [-99.011684, 19.265294], [-99.011828, 19.264821]], [[-99.012769, 19.265266], [-99.012773, 19.265233], [-99.012642, 19.265201], [-99.012769, 19.265266]], [[-99.012631, 19.265256], [-99.012597, 19.265387], [-99.012616, 19.265317], [-99.012631, 19.265256]], [[-99.012834, 19.265391], [-99.012833, 19.265378], [-99.012833, 19.265391], [-99.012834, 19.265391]], [[-99.010392, 19.266027], [-99.01041, 19.266107], [-99.010396, 19.266045], [-99.010392, 19.266027]], [[-99.010716, 19.266513], [-99.010848, 19.266361], [-99.010775, 19.266339], [-99.010716, 19.266513]], [[-99.011773, 19.265672], [-99.011014, 19.265566], [-99.011118, 19.265401], [-99.011014, 19.265566], [-99.01134, 19.265786], [-99.010948, 19.265687], [-99.011426, 19.265936], [-99.01173, 19.266038], [-99.011977, 19.266048], [-99.012088, 19.265925], [-99.01226, 19.265991], [-99.012329, 19.265889], [-99.011773, 19.265672]], [[-99.01163, 19.265547], [-99.011115, 19.265448], [-99.011159, 19.265456], [-99.01163, 19.265547]], [[-99.011679, 19.265351], [-99.011651, 19.265461], [-99.011221, 19.265335], [-99.011168, 19.26538], [-99.011811, 19.265608], [-99.011671, 19.265332], [-99.011277, 19.265224], [-99.011679, 19.265351]], [[-99.011205, 19.264964], [-99.011192, 19.265002], [-99.011185, 19.265042], [-99.011284, 19.26487], [-99.011252, 19.264897], [-99.011226, 19.264929], [-99.011205, 19.264964]], [[-99.01137, 19.265168], [-99.011405, 19.265111], [-99.011488, 19.264911], [-99.011405, 19.265111], [-99.01137, 19.265168]], [[-99.011759, 19.26614], [-99.01176, 19.26605], [-99.011738, 19.266041], [-99.01167, 19.26623], [-99.011931, 19.266262], [-99.011726, 19.266192], [-99.011759, 19.26614]], [[-99.011819, 19.265592], [-99.012388, 19.265817], [-99.012415, 19.26577], [-99.011819, 19.265592]], [[-99.01226, 19.265444], [-99.012379, 19.265489], [-99.012503, 19.265013], [-99.01226, 19.265444]], [[-99.012762, 19.265481], [-99.012837, 19.265478], [-99.012836, 19.265474], [-99.012762, 19.265481]]], [[[-99.036219, 19.265917], [-99.034614, 19.265478], [-99.035808, 19.265796], [-99.036219, 19.265917]]], [[[-99.013423, 19.265991], [-99.013091, 19.26586], [-99.013084, 19.264444], [-99.013912, 19.264563], [-99.013808, 19.265193], [-99.013692, 19.264786], [-99.013652, 19.26512], [-99.01372, 19.265194], [-99.013954, 19.265215], [-99.01388, 19.265526], [-99.014915, 19.265977], [-99.014736, 19.266599], [-99.015291, 19.266824], [-99.015228, 19.267088], [-99.01328, 19.266727], [-99.01334, 19.266512], [-99.013221, 19.266495], [-99.01328, 19.266727], [-99.012964, 19.266718], [-99.013065, 19.265968], [-99.013354, 19.266014], [-99.01329, 19.266202], [-99.013199, 19.266492], [-99.013423, 19.265991]], [[-99.013395, 19.265158], [-99.013371, 19.2654], [-99.013386, 19.265257], [-99.013395, 19.265158]], [[-99.013401, 19.265072], [-99.013408, 19.264968], [-99.013399, 19.265106], [-99.013401, 19.265072]], [[-99.013496, 19.266021], [-99.013528, 19.266002], [-99.013566, 19.265928], [-99.013496, 19.266021]], [[-99.014465, 19.266379], [-99.014209, 19.266136], [-99.01365, 19.265928], [-99.014209, 19.266136], [-99.014465, 19.266379]], [[-99.014456, 19.266465], [-99.014595, 19.266641], [-99.014427, 19.266601], [-99.014595, 19.266641], [-99.01468, 19.266505], [-99.014456, 19.266465]], [[-99.014461, 19.266391], [-99.014454, 19.266409], [-99.014439, 19.266462], [-99.014461, 19.266391]], [[-99.0145, 19.266294], [-99.014497, 19.266302], [-99.014518, 19.266262], [-99.0145, 19.266294]], [[-99.014538, 19.266224], [-99.014535, 19.26623], [-99.014559, 19.266192], [-99.014538, 19.266224]], [[-99.014582, 19.266157], [-99.014579, 19.266162], [-99.014607, 19.266125], [-99.014582, 19.266157]], [[-99.014631, 19.266094], [-99.014629, 19.266098], [-99.014662, 19.266061], [-99.014631, 19.266094]], [[-99.014728, 19.265997], [-99.014684, 19.266037], [-99.014739, 19.265988], [-99.014728, 19.265997]], [[-99.014724, 19.266368], [-99.014715, 19.266399], [-99.014719, 19.266386], [-99.014724, 19.266368]], [[-99.014769, 19.265963], [-99.014751, 19.265977], [-99.014811, 19.265932], [-99.014769, 19.265963]]], [[[-99.011544, 19.265732], [-99.011817, 19.265839], [-99.011773, 19.265672], [-99.012329, 19.265889], [-99.01226, 19.265991], [-99.012088, 19.265925], [-99.011982, 19.26604], [-99.011426, 19.265936], [-99.011544, 19.265732]]], [[[-99.033919, 19.266392], [-99.033033, 19.266092], [-99.033105, 19.265918], [-99.033982, 19.266219], [-99.033919, 19.266392]]], [[[-99.036032, 19.266186], [-99.035811, 19.267016], [-99.035491, 19.266927], [-99.035695, 19.266164], [-99.035472, 19.266091], [-99.035542, 19.265856], [-99.03436, 19.265535], [-99.035936, 19.265853], [-99.035827, 19.266199], [-99.036032, 19.266186]]], [[[-99.033886, 19.266402], [-99.033782, 19.26668], [-99.032968, 19.26623], [-99.033886, 19.266402]]], [[[-99.015692, 19.266514], [-99.016271, 19.266624], [-99.016404, 19.266176], [-99.016552, 19.266219], [-99.016142, 19.267469], [-99.015228, 19.267088], [-99.015291, 19.266824], [-99.015528, 19.26692], [-99.015692, 19.266514]]], [[[-99.034371, 19.267328], [-99.034151, 19.267267], [-99.034411, 19.266413], [-99.034053, 19.267106], [-99.03427, 19.266358], [-99.034077, 19.26697], [-99.033794, 19.266867], [-99.033991, 19.266247], [-99.034257, 19.266352], [-99.033934, 19.266175], [-99.033122, 19.2659], [-99.033212, 19.265639], [-99.033559, 19.265758], [-99.033577, 19.265763], [-99.033262, 19.265564], [-99.034257, 19.265551], [-99.034153, 19.265788], [-99.033854, 19.26572], [-99.0341, 19.265904], [-99.033749, 19.265808], [-99.033741, 19.26583], [-99.034581, 19.26612], [-99.03417, 19.265815], [-99.034306, 19.265554], [-99.034908, 19.265724], [-99.034849, 19.265861], [-99.034908, 19.265724], [-99.035512, 19.265886], [-99.035453, 19.266084], [-99.035183, 19.265988], [-99.03536, 19.266054], [-99.035121, 19.266946], [-99.035251, 19.267012], [-99.035034, 19.267765], [-99.034698, 19.267668], [-99.034928, 19.267012], [-99.035056, 19.26645], [-99.034443, 19.268451], [-99.034591, 19.267389], [-99.034347, 19.268303], [-99.034197, 19.268056], [-99.034624, 19.266475], [-99.034638, 19.266307], [-99.034371, 19.267328]], [[-99.035061, 19.266146], [-99.035132, 19.26617], [-99.034622, 19.265987], [-99.035061, 19.266146]]], [[[-99.032886, 19.266782], [-99.033535, 19.266999], [-99.033415, 19.267287], [-99.033137, 19.267083], [-99.032886, 19.266782]]], [[[-99.033879, 19.266903], [-99.034073, 19.266979], [-99.033815, 19.26761], [-99.033673, 19.267526], [-99.033879, 19.266903]]], [[[-99.01797, 19.267255], [-99.017781, 19.267722], [-99.018732, 19.268111], [-99.018584, 19.268473], [-99.017843, 19.268386], [-99.017565, 19.26826], [-99.017264, 19.268106], [-99.016142, 19.267469], [-99.016555, 19.26622], [-99.01681, 19.26624], [-99.016785, 19.266803], [-99.017523, 19.266965], [-99.017573, 19.266796], [-99.018389, 19.26713], [-99.018332, 19.267259], [-99.017743, 19.267022], [-99.01797, 19.267255]], [[-99.017372, 19.267822], [-99.017316, 19.267967], [-99.017264, 19.268106], [-99.017372, 19.267822]], [[-99.017505, 19.267145], [-99.017497, 19.267281], [-99.017523, 19.266965], [-99.017505, 19.267145]]], [[[-99.034146, 19.267282], [-99.034361, 19.267338], [-99.034158, 19.26802], [-99.034146, 19.267282]]], [[[-99.03528, 19.266983], [-99.035149, 19.266942], [-99.035529, 19.26614], [-99.035677, 19.266183], [-99.035471, 19.266962], [-99.035297, 19.266924], [-99.035814, 19.267039], [-99.035683, 19.267555], [-99.035966, 19.26763], [-99.035552, 19.268445], [-99.035228, 19.269518], [-99.035457, 19.268663], [-99.035133, 19.269004], [-99.035623, 19.268179], [-99.035289, 19.268062], [-99.035079, 19.268253], [-99.035288, 19.267736], [-99.035092, 19.26767], [-99.03528, 19.266983]]], [[[-99.016566, 19.268577], [-99.016272, 19.2686], [-99.01644, 19.26803], [-99.016272, 19.2686], [-99.01622, 19.268609], [-99.016074, 19.268619], [-99.016109, 19.268518], [-99.016074, 19.268619], [-99.015852, 19.268641], [-99.015109, 19.268693], [-99.014994, 19.268698], [-99.015174, 19.268016], [-99.0151, 19.268003], [-99.014994, 19.268698], [-99.014635, 19.268724], [-99.01481, 19.268003], [-99.014635, 19.268724], [-99.014084, 19.268761], [-99.014121, 19.268596], [-99.013631, 19.26846], [-99.013661, 19.26822], [-99.013631, 19.26846], [-99.014084, 19.268761], [-99.011833, 19.268873], [-99.012238, 19.268181], [-99.012618, 19.268258], [-99.012915, 19.268281], [-99.013163, 19.268668], [-99.012915, 19.268281], [-99.012238, 19.268181], [-99.012858, 19.267153], [-99.013227, 19.267351], [-99.013151, 19.267587], [-99.013227, 19.267351], [-99.012858, 19.267153], [-99.013027, 19.266946], [-99.013454, 19.266961], [-99.013383, 19.267327], [-99.013585, 19.266971], [-99.013355, 19.267525], [-99.0136, 19.26756], [-99.013585, 19.266971], [-99.013961, 19.266994], [-99.013939, 19.26733], [-99.013938, 19.267353], [-99.014296, 19.267355], [-99.014314, 19.267039], [-99.014617, 19.267119], [-99.014545, 19.267398], [-99.014303, 19.267356], [-99.01457, 19.267537], [-99.014617, 19.267119], [-99.014709, 19.267146], [-99.01482, 19.267182], [-99.014899, 19.267208], [-99.015306, 19.267355], [-99.01594, 19.267602], [-99.016387, 19.267969], [-99.016456, 19.267863], [-99.016691, 19.267996], [-99.016901, 19.268146], [-99.016833, 19.268327], [-99.01682, 19.268371], [-99.016901, 19.268146], [-99.017136, 19.268278], [-99.016699, 19.268564], [-99.016743, 19.268396], [-99.016699, 19.268564], [-99.016566, 19.268577], [-99.016567, 19.268542], [-99.016495, 19.26854], [-99.016376, 19.268544], [-99.016486, 19.268232], [-99.016376, 19.268544], [-99.016566, 19.268577]], [[-99.015147, 19.26783], [-99.015198, 19.267641], [-99.0151, 19.268003], [-99.015147, 19.26783]], [[-99.012961, 19.268151], [-99.013037, 19.267935], [-99.013151, 19.267587], [-99.013234, 19.267592], [-99.013343, 19.267587], [-99.013151, 19.267587], [-99.012961, 19.268151]], [[-99.014743, 19.267462], [-99.014733, 19.2675], [-99.01482, 19.267182], [-99.014743, 19.267462]], [[-99.012416, 19.268782], [-99.012406, 19.268671], [-99.012408, 19.268726], [-99.012416, 19.268782]], [[-99.012756, 19.268573], [-99.01277, 19.268465], [-99.012767, 19.26849], [-99.012756, 19.268573]], [[-99.013227, 19.267351], [-99.013306, 19.267329], [-99.013232, 19.267336], [-99.013227, 19.267351]], [[-99.013343, 19.267587], [-99.013345, 19.267594], [-99.013349, 19.267564], [-99.013343, 19.267587]], [[-99.014212, 19.267936], [-99.013941, 19.267877], [-99.013997, 19.267624], [-99.013941, 19.267877], [-99.014212, 19.267936]], [[-99.014191, 19.268305], [-99.013972, 19.26825], [-99.013849, 19.268178], [-99.014153, 19.268455], [-99.014191, 19.268305]], [[-99.014484, 19.267838], [-99.01452, 19.267846], [-99.014565, 19.267555], [-99.014484, 19.267838]], [[-99.014902, 19.267613], [-99.014919, 19.267563], [-99.014891, 19.267646], [-99.014902, 19.267613]], [[-99.014718, 19.267594], [-99.014781, 19.267772], [-99.01462, 19.267732], [-99.014781, 19.267772], [-99.014831, 19.267781], [-99.014814, 19.267623], [-99.014857, 19.267767], [-99.014976, 19.267793], [-99.014884, 19.268122], [-99.014827, 19.268356], [-99.014976, 19.267793], [-99.014891, 19.267646], [-99.014718, 19.267594]], [[-99.014712, 19.268646], [-99.014759, 19.268465], [-99.014748, 19.268506], [-99.014712, 19.268646]], [[-99.01499, 19.268221], [-99.015083, 19.26782], [-99.014884, 19.268669], [-99.01499, 19.268221]], [[-99.015035, 19.268231], [-99.015061, 19.268238], [-99.01499, 19.268221], [-99.015035, 19.268231]], [[-99.015449, 19.268162], [-99.01548, 19.26808], [-99.015452, 19.268142], [-99.015449, 19.268162]], [[-99.015359, 19.267926], [-99.015269, 19.267859], [-99.01526, 19.267897], [-99.015359, 19.267926]], [[-99.015274, 19.267662], [-99.01608, 19.267963], [-99.016173, 19.267985], [-99.016189, 19.267944], [-99.015686, 19.267777], [-99.015274, 19.267662]], [[-99.015705, 19.26771], [-99.015728, 19.267632], [-99.015686, 19.267777], [-99.015705, 19.26771]], [[-99.015525, 19.268444], [-99.015695, 19.267908], [-99.015563, 19.268325], [-99.015525, 19.268444]], [[-99.015277, 19.267826], [-99.015395, 19.267849], [-99.015279, 19.267817], [-99.015277, 19.267826]], [[-99.015297, 19.267745], [-99.015279, 19.267817], [-99.01529, 19.267773], [-99.015297, 19.267745]], [[-99.01551, 19.267976], [-99.015513, 19.267968], [-99.015531, 19.267895], [-99.01552, 19.267935], [-99.015513, 19.267968], [-99.01551, 19.267976]], [[-99.015882, 19.268296], [-99.01591, 19.268199], [-99.015912, 19.26819], [-99.015882, 19.268296]], [[-99.016214, 19.268217], [-99.016286, 19.268019], [-99.016261, 19.268083], [-99.016214, 19.268217]], [[-99.016348, 19.26807], [-99.016286, 19.26809], [-99.016339, 19.268104], [-99.016348, 19.26807]], [[-99.016509, 19.268501], [-99.016691, 19.267996], [-99.016495, 19.26854], [-99.016509, 19.268501]], [[-99.016513, 19.268157], [-99.016563, 19.268015], [-99.016547, 19.268061], [-99.016513, 19.268157]]], [[[-99.034999, 19.269226], [-99.035271, 19.268121], [-99.035472, 19.268166], [-99.035016, 19.269217], [-99.034999, 19.269226]]], [[[-99.035736, 19.269172], [-99.036005, 19.268693], [-99.035726, 19.269767], [-99.035256, 19.269545], [-99.035667, 19.268538], [-99.035899, 19.268652], [-99.035736, 19.269172]]], [[[-99.01566, 19.268874], [-99.015635, 19.268877], [-99.015408, 19.26967], [-99.015462, 19.269813], [-99.01361, 19.269055], [-99.013537, 19.268926], [-99.015395, 19.2689], [-99.015351, 19.269111], [-99.015136, 19.269095], [-99.015414, 19.269117], [-99.015289, 19.269656], [-99.015338, 19.269661], [-99.015465, 19.268894], [-99.01566, 19.268874]], [[-99.014686, 19.269399], [-99.014673, 19.269348], [-99.014654, 19.269396], [-99.014686, 19.269399]], [[-99.014767, 19.269372], [-99.01487, 19.269395], [-99.014906, 19.269243], [-99.01487, 19.269395], [-99.014767, 19.269372]], [[-99.014866, 19.269414], [-99.014863, 19.26943], [-99.01487, 19.269395], [-99.014866, 19.269414]], [[-99.014823, 19.269423], [-99.014863, 19.26943], [-99.014891, 19.269435], [-99.014863, 19.26943], [-99.014823, 19.269423]], [[-99.01471, 19.269183], [-99.014705, 19.269213], [-99.014737, 19.269027], [-99.01471, 19.269183]], [[-99.014953, 19.268966], [-99.014946, 19.269004], [-99.014956, 19.26895], [-99.014953, 19.268966]]], [[[-99.015635, 19.268877], [-99.015736, 19.268866], [-99.016036, 19.268831], [-99.015946, 19.269246], [-99.016036, 19.268831], [-99.016322, 19.268799], [-99.016131, 19.269327], [-99.015924, 19.270008], [-99.015533, 19.269844], [-99.015635, 19.268877]], [[-99.015585, 19.269722], [-99.015692, 19.269741], [-99.015719, 19.269879], [-99.015653, 19.269534], [-99.015585, 19.269722]], [[-99.015704, 19.269564], [-99.015739, 19.269615], [-99.01582, 19.26959], [-99.015855, 19.269485], [-99.01583, 19.269552], [-99.01582, 19.26959], [-99.015704, 19.269564]], [[-99.015863, 19.269229], [-99.015861, 19.269229], [-99.015764, 19.269536], [-99.015861, 19.269229], [-99.015863, 19.269229]]], [[[-99.03406, 19.26968], [-99.034405, 19.268625], [-99.033863, 19.270867], [-99.03362, 19.270844], [-99.034305, 19.268484], [-99.03406, 19.26968]]], [[[-99.034986, 19.27048], [-99.034799, 19.270433], [-99.034936, 19.269846], [-99.034788, 19.27043], [-99.034606, 19.270384], [-99.034751, 19.269812], [-99.034596, 19.270384], [-99.034265, 19.270303], [-99.03463, 19.268939], [-99.034583, 19.269773], [-99.034775, 19.269112], [-99.034847, 19.269833], [-99.034946, 19.269333], [-99.03537, 19.269919], [-99.035139, 19.269875], [-99.034986, 19.27048]]], [[[-99.033863, 19.270867], [-99.034284, 19.269448], [-99.034508, 19.268782], [-99.034097, 19.270899], [-99.033863, 19.270867]]], [[[-99.020581, 19.270328], [-99.021573, 19.270536], [-99.021255, 19.271047], [-99.019272, 19.270663], [-99.019509, 19.27008], [-99.019373, 19.269729], [-99.019476, 19.26875], [-99.020946, 19.268992], [-99.020581, 19.270328]], [[-99.01967, 19.269793], [-99.01964, 19.269792], [-99.019723, 19.26981], [-99.01967, 19.269793]], [[-99.019574, 19.269778], [-99.019464, 19.269773], [-99.01964, 19.269792], [-99.019574, 19.269778]], [[-99.020104, 19.269885], [-99.019979, 19.269867], [-99.020116, 19.269901], [-99.020104, 19.269885]]], [[[-99.016702, 19.269685], [-99.017193, 19.269831], [-99.016876, 19.270452], [-99.01652, 19.270284], [-99.016702, 19.269685]]], [[[-99.016945, 19.270485], [-99.017193, 19.269831], [-99.017359, 19.269884], [-99.017496, 19.269919], [-99.017393, 19.270152], [-99.017526, 19.269851], [-99.017829, 19.269035], [-99.017496, 19.269919], [-99.017666, 19.268972], [-99.01781, 19.269028], [-99.017666, 19.268972], [-99.017359, 19.269884], [-99.017193, 19.269831], [-99.017306, 19.269472], [-99.017193, 19.269831], [-99.016674, 19.269676], [-99.016755, 19.269356], [-99.016674, 19.269676], [-99.016702, 19.269685], [-99.01652, 19.270284], [-99.01626, 19.270172], [-99.016415, 19.269659], [-99.01626, 19.270172], [-99.015924, 19.270008], [-99.016325, 19.268799], [-99.016691, 19.268771], [-99.016708, 19.26895], [-99.016882, 19.268947], [-99.016691, 19.268771], [-99.018335, 19.268633], [-99.018144, 19.269086], [-99.018127, 19.269148], [-99.018335, 19.268633], [-99.018699, 19.268648], [-99.018646, 19.268794], [-99.018999, 19.268681], [-99.018769, 19.269198], [-99.018763, 19.269212], [-99.018999, 19.268681], [-99.019272, 19.26871], [-99.018952, 19.27032], [-99.019288, 19.269157], [-99.019396, 19.269973], [-99.019114, 19.270749], [-99.01928, 19.271351], [-99.0191, 19.271748], [-99.018176, 19.271177], [-99.018488, 19.270457], [-99.018176, 19.271177], [-99.018007, 19.271089], [-99.018373, 19.270236], [-99.018007, 19.271089], [-99.017711, 19.270899], [-99.017872, 19.270467], [-99.017711, 19.270899], [-99.016945, 19.270485]], [[-99.017788, 19.270936], [-99.017786, 19.27094], [-99.018071, 19.270314], [-99.017788, 19.270936]], [[-99.016756, 19.269356], [-99.017029, 19.26941], [-99.017306, 19.269472], [-99.017029, 19.26941], [-99.016756, 19.269356]], [[-99.019141, 19.268736], [-99.019088, 19.268691], [-99.019015, 19.268872], [-99.019141, 19.268736]], [[-99.017254, 19.270182], [-99.017144, 19.270516], [-99.017341, 19.269919], [-99.017254, 19.270182]], [[-99.0181, 19.26899], [-99.017742, 19.26994], [-99.017749, 19.269921], [-99.0181, 19.26899]], [[-99.01798, 19.269803], [-99.017891, 19.27005], [-99.017927, 19.269952], [-99.01798, 19.269803]], [[-99.017917, 19.27099], [-99.018054, 19.270664], [-99.018052, 19.270669], [-99.017917, 19.27099]], [[-99.018008, 19.2701], [-99.018188, 19.269624], [-99.018306, 19.269311], [-99.018008, 19.2701]], [[-99.018542, 19.269537], [-99.018513, 19.269527], [-99.018398, 19.269829], [-99.018542, 19.269537]], [[-99.018178, 19.270047], [-99.018293, 19.270081], [-99.018398, 19.269829], [-99.018178, 19.270047]], [[-99.018183, 19.270889], [-99.018465, 19.270267], [-99.018552, 19.270309], [-99.018465, 19.270267], [-99.018434, 19.270256], [-99.018183, 19.270889]], [[-99.018494, 19.269879], [-99.018358, 19.270232], [-99.01844, 19.270028], [-99.018494, 19.269879]], [[-99.018512, 19.269165], [-99.018376, 19.269534], [-99.018408, 19.269452], [-99.018512, 19.269165]], [[-99.018552, 19.270309], [-99.018601, 19.270192], [-99.01859, 19.270189], [-99.018552, 19.270309]], [[-99.018835, 19.270186], [-99.018901, 19.270176], [-99.018603, 19.270084], [-99.018835, 19.270186]], [[-99.018601, 19.270192], [-99.018648, 19.270207], [-99.018634, 19.270203], [-99.018601, 19.270192]], [[-99.01876, 19.269218], [-99.018762, 19.269215], [-99.018621, 19.269559], [-99.01876, 19.269218]], [[-99.019096, 19.269068], [-99.018924, 19.269277], [-99.018625, 19.270036], [-99.018924, 19.269277], [-99.018999, 19.269297], [-99.019096, 19.269068]], [[-99.018856, 19.269654], [-99.018863, 19.269638], [-99.018795, 19.269806], [-99.018856, 19.269654]], [[-99.018871, 19.269924], [-99.018936, 19.269945], [-99.018853, 19.269919], [-99.018871, 19.269924]], [[-99.018882, 19.27004], [-99.018877, 19.270015], [-99.018876, 19.27001], [-99.018882, 19.27004]], [[-99.019127, 19.269253], [-99.018982, 19.269615], [-99.018889, 19.269834], [-99.018982, 19.269615], [-99.019127, 19.269253]], [[-99.018897, 19.270138], [-99.018894, 19.270112], [-99.018892, 19.270102], [-99.018897, 19.270138]], [[-99.018903, 19.270199], [-99.018904, 19.270222], [-99.018904, 19.270211], [-99.018903, 19.270199]], [[-99.019168, 19.26889], [-99.019087, 19.268876], [-99.019164, 19.2689], [-99.019168, 19.26889]]], [[[-99.017749, 19.272363], [-99.017311, 19.273434], [-99.016233, 19.273067], [-99.016471, 19.272488], [-99.016612, 19.272001], [-99.016233, 19.273067], [-99.015755, 19.272906], [-99.016127, 19.271688], [-99.015652, 19.272871], [-99.014249, 19.272397], [-99.012791, 19.271897], [-99.012789, 19.271428], [-99.012791, 19.271897], [-99.011461, 19.271335], [-99.011788, 19.270378], [-99.011461, 19.271335], [-99.011574, 19.270721], [-99.011382, 19.271268], [-99.011007, 19.270784], [-99.010903, 19.270569], [-99.010738, 19.270807], [-99.010834, 19.270407], [-99.010738, 19.270807], [-99.010417, 19.270762], [-99.010123, 19.270429], [-99.010237, 19.270386], [-99.010288, 19.270108], [-99.010139, 19.270371], [-99.010123, 19.270429], [-99.010158, 19.270528], [-99.010136, 19.27063], [-99.009336, 19.270459], [-99.010774, 19.269543], [-99.011791, 19.269105], [-99.012016, 19.269085], [-99.011824, 19.269491], [-99.012016, 19.269085], [-99.012393, 19.269051], [-99.012124, 19.269797], [-99.012393, 19.269051], [-99.013102, 19.268998], [-99.012993, 19.269713], [-99.013102, 19.268998], [-99.013238, 19.269027], [-99.013418, 19.269243], [-99.013458, 19.26912], [-99.013598, 19.269273], [-99.013605, 19.269183], [-99.013699, 19.269223], [-99.013788, 19.269261], [-99.013728, 19.269438], [-99.014172, 19.269496], [-99.014077, 19.269776], [-99.014125, 19.269783], [-99.014183, 19.269428], [-99.014564, 19.26959], [-99.014218, 19.270601], [-99.014564, 19.26959], [-99.014746, 19.269673], [-99.014574, 19.270094], [-99.014746, 19.269673], [-99.015054, 19.269814], [-99.015401, 19.269968], [-99.015356, 19.270085], [-99.015082, 19.270798], [-99.014805, 19.271598], [-99.015401, 19.269968], [-99.016066, 19.27024], [-99.015964, 19.2705], [-99.016066, 19.27024], [-99.016259, 19.270316], [-99.016386, 19.270375], [-99.016654, 19.270507], [-99.016499, 19.271163], [-99.016654, 19.270507], [-99.018055, 19.271272], [-99.01792, 19.271658], [-99.018055, 19.271272], [-99.018562, 19.27155], [-99.019095, 19.271903], [-99.018891, 19.272486], [-99.019095, 19.271903], [-99.019238, 19.27199], [-99.019038, 19.27353], [-99.019233, 19.27294], [-99.019345, 19.273026], [-99.01947, 19.273228], [-99.019441, 19.27332], [-99.019745, 19.273425], [-99.019558, 19.273866], [-99.019779, 19.273445], [-99.020177, 19.27368], [-99.019801, 19.274424], [-99.019267, 19.274292], [-99.018528, 19.274049], [-99.018444, 19.274014], [-99.018106, 19.273873], [-99.017997, 19.273827], [-99.017311, 19.273434], [-99.017749, 19.272363]], [[-99.013703, 19.269445], [-99.013728, 19.269418], [-99.013699, 19.269223], [-99.013703, 19.269445]], [[-99.0184, 19.27301], [-99.018378, 19.273075], [-99.018106, 19.273873], [-99.0184, 19.27301]], [[-99.01859, 19.272406], [-99.018395, 19.273008], [-99.0184, 19.27301], [-99.01859, 19.272406]], [[-99.017328, 19.273096], [-99.017216, 19.273401], [-99.017228, 19.273368], [-99.017328, 19.273096]], [[-99.015921, 19.272666], [-99.015841, 19.272935], [-99.016208, 19.27171], [-99.015921, 19.272666]], [[-99.011773, 19.269598], [-99.011687, 19.269603], [-99.011938, 19.269683], [-99.011773, 19.269598]], [[-99.013652, 19.27119], [-99.013768, 19.271208], [-99.014084, 19.269735], [-99.013905, 19.269695], [-99.013652, 19.27119]], [[-99.013748, 19.271373], [-99.014055, 19.271477], [-99.013768, 19.271208], [-99.013748, 19.271373]], [[-99.014164, 19.271511], [-99.014406, 19.270945], [-99.014164, 19.271511], [-99.014238, 19.271527], [-99.014308, 19.271529], [-99.014454, 19.270967], [-99.014164, 19.271511]], [[-99.014207, 19.269874], [-99.014324, 19.269488], [-99.014234, 19.269783], [-99.014074, 19.269854], [-99.014207, 19.269874]], [[-99.015859, 19.270158], [-99.015893, 19.270171], [-99.015826, 19.270145], [-99.015859, 19.270158]], [[-99.018374, 19.27179], [-99.018502, 19.271517], [-99.018414, 19.271705], [-99.018374, 19.27179]], [[-99.019012, 19.274001], [-99.019319, 19.273006], [-99.019152, 19.273546], [-99.019012, 19.274001]], [[-99.016677, 19.271779], [-99.01678, 19.271794], [-99.016931, 19.270921], [-99.016677, 19.271779]], [[-99.010495, 19.270039], [-99.010501, 19.26997], [-99.010315, 19.269961], [-99.010501, 19.26997], [-99.010495, 19.270039]], [[-99.010679, 19.270007], [-99.010674, 19.270045], [-99.010495, 19.270039], [-99.010674, 19.270045], [-99.010679, 19.270007]], [[-99.010713, 19.26977], [-99.010676, 19.269768], [-99.010706, 19.26977], [-99.010713, 19.26977]], [[-99.011682, 19.269604], [-99.0116, 19.2696], [-99.011636, 19.269346], [-99.0116, 19.2696], [-99.011682, 19.269604]], [[-99.012286, 19.269895], [-99.012079, 19.270579], [-99.01229, 19.26988], [-99.012286, 19.269895]], [[-99.012765, 19.27123], [-99.012728, 19.271464], [-99.012676, 19.271831], [-99.012859, 19.270689], [-99.012926, 19.270046], [-99.012859, 19.270689], [-99.012765, 19.27123]], [[-99.013283, 19.269758], [-99.013296, 19.269708], [-99.013268, 19.269355], [-99.013283, 19.269758]], [[-99.013171, 19.269731], [-99.01319, 19.269069], [-99.013096, 19.269723], [-99.013171, 19.269731]], [[-99.013671, 19.269631], [-99.013659, 19.26949], [-99.013661, 19.269515], [-99.013671, 19.269631]], [[-99.013998, 19.270975], [-99.01408, 19.271005], [-99.014187, 19.271029], [-99.014522, 19.27063], [-99.014664, 19.270122], [-99.014187, 19.271029], [-99.013998, 19.270975], [-99.014078, 19.270695], [-99.013998, 19.270975]], [[-99.014165, 19.270416], [-99.014159, 19.270432], [-99.014107, 19.270602], [-99.014165, 19.270416]], [[-99.014258, 19.270139], [-99.014249, 19.270163], [-99.014202, 19.270305], [-99.014258, 19.270139]], [[-99.0143, 19.270021], [-99.014361, 19.269854], [-99.014345, 19.269896], [-99.0143, 19.270021]], [[-99.01438, 19.269804], [-99.014479, 19.269553], [-99.014411, 19.269724], [-99.01438, 19.269804]], [[-99.014586, 19.270885], [-99.014365, 19.271483], [-99.014348, 19.27153], [-99.014586, 19.270885]], [[-99.014575, 19.271581], [-99.014874, 19.270758], [-99.014781, 19.271014], [-99.014575, 19.271581]], [[-99.014836, 19.270208], [-99.014607, 19.270828], [-99.014881, 19.270099], [-99.014836, 19.270208]], [[-99.014739, 19.271607], [-99.014719, 19.271608], [-99.014725, 19.271608], [-99.014739, 19.271607]], [[-99.014788, 19.271602], [-99.014768, 19.271605], [-99.014775, 19.271604], [-99.014788, 19.271602]], [[-99.014832, 19.271592], [-99.014816, 19.271596], [-99.014825, 19.271594], [-99.014832, 19.271592]], [[-99.014876, 19.271576], [-99.014863, 19.271581], [-99.014872, 19.271578], [-99.014876, 19.271576]], [[-99.015185, 19.270935], [-99.015199, 19.270956], [-99.014959, 19.271551], [-99.015199, 19.270956], [-99.015185, 19.270935]], [[-99.015141, 19.270174], [-99.015085, 19.270252], [-99.015116, 19.270238], [-99.015141, 19.270174]], [[-99.015577, 19.27096], [-99.015388, 19.270893], [-99.015281, 19.270864], [-99.015577, 19.27096], [-99.015643, 19.271012], [-99.015577, 19.27096]], [[-99.01548, 19.270216], [-99.015365, 19.270606], [-99.015437, 19.270722], [-99.015365, 19.270606], [-99.01548, 19.270216]], [[-99.01551, 19.270057], [-99.01569, 19.270159], [-99.015622, 19.27009], [-99.01551, 19.270057]], [[-99.015902, 19.271261], [-99.016106, 19.270567], [-99.015791, 19.271642], [-99.015902, 19.271261]], [[-99.015532, 19.272616], [-99.01553, 19.272621], [-99.015791, 19.271642], [-99.015532, 19.272616]], [[-99.016014, 19.271186], [-99.016163, 19.27111], [-99.016082, 19.270785], [-99.016015, 19.271082], [-99.016014, 19.271186]], [[-99.016242, 19.272343], [-99.016452, 19.272374], [-99.016537, 19.27214], [-99.016452, 19.272374], [-99.016252, 19.27232], [-99.016333, 19.272069], [-99.016242, 19.272343]], [[-99.016478, 19.271738], [-99.016524, 19.271603], [-99.016408, 19.271574], [-99.016478, 19.271738]], [[-99.016647, 19.271245], [-99.016547, 19.271636], [-99.016675, 19.271136], [-99.016647, 19.271245]], [[-99.016924, 19.272462], [-99.017075, 19.272054], [-99.016808, 19.272713], [-99.016924, 19.272462]], [[-99.017256, 19.271922], [-99.017002, 19.271854], [-99.017136, 19.27189], [-99.017256, 19.271922]], [[-99.018179, 19.272275], [-99.01844, 19.272381], [-99.018261, 19.272959], [-99.01844, 19.272381], [-99.018179, 19.272275]], [[-99.017988, 19.271743], [-99.017992, 19.271731], [-99.017902, 19.271709], [-99.017988, 19.271743]], [[-99.018141, 19.271884], [-99.018031, 19.271841], [-99.018027, 19.271851], [-99.018141, 19.271884]], [[-99.018745, 19.272436], [-99.018628, 19.272407], [-99.018626, 19.272407], [-99.018745, 19.272436]], [[-99.018789, 19.272911], [-99.018607, 19.273493], [-99.018593, 19.273538], [-99.018789, 19.272911]]], [[[-99.015561, 19.271606], [-99.015553, 19.271632], [-99.015551, 19.271455], [-99.015614, 19.271233], [-99.015398, 19.271175], [-99.015271, 19.271616], [-99.015398, 19.271175], [-99.015481, 19.270931], [-99.015398, 19.271175], [-99.015614, 19.271233], [-99.015597, 19.271463], [-99.015561, 19.271606]]], [[[-99.014584, 19.275847], [-99.01486, 19.274816], [-99.014584, 19.275847], [-99.014344, 19.275767], [-99.014495, 19.275269], [-99.014224, 19.275725], [-99.01464, 19.274249], [-99.014292, 19.275368], [-99.01412, 19.27528], [-99.014345, 19.274649], [-99.01412, 19.27528], [-99.013891, 19.275235], [-99.0142, 19.274282], [-99.013891, 19.275235], [-99.013776, 19.275211], [-99.013687, 19.275191], [-99.013518, 19.275152], [-99.013395, 19.275123], [-99.01317, 19.275071], [-99.013013, 19.275042], [-99.013206, 19.274419], [-99.012446, 19.274137], [-99.013278, 19.274266], [-99.012479, 19.274046], [-99.012973, 19.272557], [-99.01274, 19.271994], [-99.013398, 19.272227], [-99.013341, 19.272525], [-99.013398, 19.272227], [-99.014232, 19.272518], [-99.014088, 19.272779], [-99.014381, 19.272563], [-99.014238, 19.272864], [-99.014381, 19.272563], [-99.014717, 19.272667], [-99.014217, 19.274078], [-99.014717, 19.272667], [-99.015245, 19.272836], [-99.015124, 19.273225], [-99.015245, 19.272836], [-99.015407, 19.272891], [-99.015282, 19.273332], [-99.015407, 19.272891], [-99.01582, 19.273032], [-99.016167, 19.273151], [-99.015599, 19.274894], [-99.016278, 19.273189], [-99.015363, 19.276023], [-99.015562, 19.275013], [-99.015172, 19.275981], [-99.015971, 19.273333], [-99.015489, 19.274927], [-99.015172, 19.275981], [-99.014884, 19.275915], [-99.015033, 19.275317], [-99.0148, 19.275896], [-99.0151, 19.274884], [-99.0148, 19.275896], [-99.014645, 19.275861], [-99.014923, 19.274852], [-99.014584, 19.275847]], [[-99.014157, 19.273642], [-99.014072, 19.273622], [-99.013687, 19.275191], [-99.014157, 19.273642]], [[-99.01293, 19.272752], [-99.013146, 19.27282], [-99.013837, 19.273039], [-99.01293, 19.272752], [-99.012974, 19.272557], [-99.01293, 19.272752]], [[-99.012885, 19.273584], [-99.012994, 19.273594], [-99.012893, 19.273558], [-99.012885, 19.273584]], [[-99.013089, 19.272886], [-99.012915, 19.272832], [-99.012921, 19.272834], [-99.013089, 19.272886]], [[-99.012963, 19.273344], [-99.012936, 19.273388], [-99.012961, 19.273369], [-99.012963, 19.273344]], [[-99.012993, 19.273039], [-99.013162, 19.273062], [-99.013782, 19.273288], [-99.013093, 19.272896], [-99.013162, 19.273062], [-99.012993, 19.273039]], [[-99.013439, 19.273752], [-99.013674, 19.273814], [-99.013647, 19.273909], [-99.013724, 19.273929], [-99.013601, 19.274367], [-99.013775, 19.273942], [-99.013944, 19.27288], [-99.013674, 19.273814], [-99.013439, 19.273752]], [[-99.013873, 19.273051], [-99.013859, 19.273085], [-99.013909, 19.272964], [-99.013873, 19.273051]], [[-99.014263, 19.272875], [-99.01409, 19.273407], [-99.014264, 19.272876], [-99.014263, 19.272875]], [[-99.01437, 19.274577], [-99.014359, 19.274608], [-99.014469, 19.274297], [-99.01437, 19.274577]], [[-99.01448, 19.273995], [-99.014412, 19.274152], [-99.014432, 19.274162], [-99.01448, 19.273995]], [[-99.014833, 19.273466], [-99.014613, 19.274239], [-99.014797, 19.274274], [-99.014635, 19.274195], [-99.014833, 19.273466]], [[-99.014892, 19.272884], [-99.014676, 19.273682], [-99.014931, 19.273011], [-99.014892, 19.272884]], [[-99.015272, 19.274913], [-99.015273, 19.274914], [-99.015273, 19.274913], [-99.015272, 19.274913]]], [[[-99.013206, 19.274419], [-99.013038, 19.274776], [-99.013045, 19.274584], [-99.012393, 19.274415], [-99.012446, 19.274137], [-99.013206, 19.274419]]], [[[-99.018434, 19.274125], [-99.018059, 19.27528], [-99.0179, 19.275223], [-99.018434, 19.274125]]], [[[-99.018296, 19.275359], [-99.018675, 19.27439], [-99.018164, 19.275315], [-99.018434, 19.274125], [-99.019265, 19.274412], [-99.018818, 19.275527], [-99.018296, 19.275359]]], [[[-99.017428, 19.276499], [-99.017709, 19.275316], [-99.017255, 19.276483], [-99.017635, 19.275293], [-99.017148, 19.276439], [-99.017822, 19.274133], [-99.0171, 19.276419], [-99.016539, 19.276272], [-99.017029, 19.274999], [-99.016539, 19.276272], [-99.016921, 19.27498], [-99.016446, 19.276255], [-99.016333, 19.276236], [-99.01581, 19.276132], [-99.015647, 19.27609], [-99.015901, 19.275383], [-99.015647, 19.27609], [-99.015363, 19.276023], [-99.016278, 19.273189], [-99.01646, 19.273252], [-99.015912, 19.274878], [-99.01646, 19.273252], [-99.017381, 19.273628], [-99.017145, 19.274323], [-99.017381, 19.273628], [-99.017687, 19.273807], [-99.017226, 19.275058], [-99.017687, 19.273807], [-99.017965, 19.273937], [-99.017878, 19.274205], [-99.018112, 19.273991], [-99.017939, 19.274562], [-99.018112, 19.273991], [-99.018305, 19.27407], [-99.017428, 19.276499]], [[-99.016531, 19.274974], [-99.016556, 19.274913], [-99.016481, 19.274971], [-99.016531, 19.274974]], [[-99.017161, 19.275035], [-99.017494, 19.274019], [-99.017138, 19.275031], [-99.017292, 19.274495], [-99.017107, 19.275021], [-99.017138, 19.275031], [-99.017161, 19.275035]]], [[[-99.019112, 19.27564], [-99.018925, 19.27557], [-99.019121, 19.275057], [-99.018818, 19.275527], [-99.019265, 19.274412], [-99.019558, 19.274519], [-99.019112, 19.27564]]], [[[-99.014381, 19.279121], [-99.014349, 19.279293], [-99.01309, 19.27916], [-99.012643, 19.279063], [-99.012419, 19.278996], [-99.011742, 19.278666], [-99.010654, 19.278532], [-99.01046, 19.278236], [-99.010705, 19.278261], [-99.01046, 19.278236], [-99.010344, 19.278058], [-99.010101, 19.277686], [-99.01229, 19.2778], [-99.012248, 19.277909], [-99.012546, 19.277943], [-99.012664, 19.277949], [-99.012245, 19.278041], [-99.012609, 19.27814], [-99.012664, 19.277949], [-99.012308, 19.277915], [-99.01235, 19.277753], [-99.010369, 19.277669], [-99.010592, 19.277539], [-99.010369, 19.277669], [-99.010086, 19.277662], [-99.009026, 19.276086], [-99.00905, 19.275839], [-99.00923, 19.275777], [-99.009386, 19.275714], [-99.00904, 19.275842], [-99.008948, 19.275651], [-99.009155, 19.275574], [-99.008806, 19.275698], [-99.008857, 19.275454], [-99.00865, 19.275367], [-99.008794, 19.275316], [-99.00865, 19.275367], [-99.008325, 19.274705], [-99.008526, 19.274611], [-99.008844, 19.274893], [-99.009836, 19.275043], [-99.010453, 19.275284], [-99.010541, 19.275418], [-99.009555, 19.275691], [-99.010541, 19.275418], [-99.010659, 19.275662], [-99.010654, 19.275662], [-99.009709, 19.275963], [-99.010659, 19.275662], [-99.010798, 19.276012], [-99.010609, 19.276079], [-99.010824, 19.276092], [-99.010703, 19.276565], [-99.010464, 19.276673], [-99.010703, 19.276565], [-99.010576, 19.277058], [-99.010632, 19.277516], [-99.01091, 19.276198], [-99.01134, 19.276307], [-99.01091, 19.276198], [-99.010705, 19.275543], [-99.010956, 19.274582], [-99.010705, 19.275543], [-99.01045, 19.275137], [-99.008781, 19.274795], [-99.008324, 19.274209], [-99.00878, 19.274279], [-99.008209, 19.274066], [-99.008183, 19.273404], [-99.008455, 19.273408], [-99.008481, 19.274], [-99.008455, 19.273408], [-99.008828, 19.273452], [-99.008778, 19.273992], [-99.009063, 19.274022], [-99.008778, 19.273992], [-99.008833, 19.273395], [-99.008178, 19.273333], [-99.008233, 19.271953], [-99.008095, 19.272634], [-99.008038, 19.272282], [-99.007492, 19.271873], [-99.008596, 19.271916], [-99.008702, 19.271958], [-99.008844, 19.271991], [-99.009032, 19.272056], [-99.00924, 19.271858], [-99.009168, 19.272389], [-99.00928, 19.272554], [-99.009408, 19.271872], [-99.009168, 19.272389], [-99.009298, 19.271701], [-99.008967, 19.271432], [-99.009816, 19.271677], [-99.009905, 19.271696], [-99.008967, 19.271432], [-99.008861, 19.270636], [-99.00922, 19.27054], [-99.010088, 19.27088], [-99.00992, 19.271395], [-99.009939, 19.27155], [-99.010167, 19.270905], [-99.010863, 19.270974], [-99.010755, 19.271579], [-99.010863, 19.270974], [-99.0111, 19.270986], [-99.01135, 19.271425], [-99.010944, 19.272944], [-99.01135, 19.271425], [-99.011525, 19.271514], [-99.011364, 19.27213], [-99.011525, 19.271514], [-99.01218, 19.271789], [-99.012115, 19.271991], [-99.01218, 19.271789], [-99.01248, 19.271922], [-99.012393, 19.272293], [-99.01248, 19.271922], [-99.012644, 19.272021], [-99.01285, 19.272631], [-99.012309, 19.274408], [-99.012268, 19.275249], [-99.012118, 19.275187], [-99.012268, 19.275249], [-99.01216, 19.275672], [-99.012267, 19.275254], [-99.01242, 19.274496], [-99.013007, 19.274662], [-99.012959, 19.27509], [-99.014189, 19.275364], [-99.014158, 19.275781], [-99.014674, 19.275936], [-99.014556, 19.276354], [-99.014674, 19.275936], [-99.015594, 19.276157], [-99.015526, 19.276353], [-99.015759, 19.276194], [-99.015734, 19.276656], [-99.015585, 19.277122], [-99.015452, 19.277497], [-99.014699, 19.277306], [-99.014797, 19.27694], [-99.01529, 19.277054], [-99.014935, 19.276972], [-99.015095, 19.276525], [-99.014831, 19.276948], [-99.015071, 19.27619], [-99.014797, 19.27694], [-99.014699, 19.277306], [-99.015452, 19.277497], [-99.015389, 19.277677], [-99.015146, 19.277605], [-99.015389, 19.277677], [-99.015298, 19.277934], [-99.014002, 19.277556], [-99.015298, 19.277934], [-99.015276, 19.277997], [-99.0154, 19.278022], [-99.015873, 19.27622], [-99.016283, 19.276312], [-99.015944, 19.27717], [-99.016283, 19.276312], [-99.016222, 19.276798], [-99.016363, 19.27633], [-99.016778, 19.276473], [-99.016249, 19.278204], [-99.015542, 19.278052], [-99.015811, 19.27811], [-99.015614, 19.279004], [-99.015813, 19.27811], [-99.016249, 19.278204], [-99.015819, 19.279608], [-99.014349, 19.279293], [-99.014381, 19.279121]], [[-99.011473, 19.278119], [-99.011092, 19.278093], [-99.010344, 19.278058], [-99.011473, 19.278119]], [[-99.009408, 19.2762], [-99.009467, 19.276311], [-99.009542, 19.276146], [-99.009611, 19.276316], [-99.009554, 19.276141], [-99.009408, 19.2762], [-99.009345, 19.275984], [-99.00923, 19.275777], [-99.009408, 19.2762]], [[-99.010468, 19.277089], [-99.010443, 19.277096], [-99.010576, 19.277058], [-99.010468, 19.277089]], [[-99.008796, 19.272372], [-99.008838, 19.272126], [-99.008844, 19.271991], [-99.008796, 19.272372]], [[-99.014092, 19.275964], [-99.014137, 19.275846], [-99.014158, 19.275781], [-99.014092, 19.275964]], [[-99.01388, 19.279128], [-99.014261, 19.279218], [-99.013683, 19.278839], [-99.013911, 19.278992], [-99.01388, 19.279128]], [[-99.012034, 19.278419], [-99.012056, 19.278304], [-99.01203, 19.278441], [-99.012034, 19.278419]], [[-99.011823, 19.278267], [-99.011807, 19.27841], [-99.011823, 19.278267], [-99.012056, 19.278304], [-99.011823, 19.278267]], [[-99.012965, 19.278882], [-99.012806, 19.278938], [-99.013337, 19.279096], [-99.012965, 19.278882]], [[-99.011661, 19.278481], [-99.01165, 19.278648], [-99.011668, 19.278384], [-99.011661, 19.278481]], [[-99.012079, 19.277674], [-99.012067, 19.277721], [-99.012114, 19.277541], [-99.012079, 19.277674]], [[-99.011229, 19.274573], [-99.010844, 19.27585], [-99.011229, 19.274573], [-99.011404, 19.274637], [-99.011171, 19.274552], [-99.011044, 19.274521], [-99.011229, 19.274573]], [[-99.011099, 19.273879], [-99.01102, 19.274186], [-99.011231, 19.273921], [-99.011099, 19.273879]], [[-99.010906, 19.273821], [-99.010975, 19.273385], [-99.011134, 19.273469], [-99.011103, 19.273446], [-99.010865, 19.273328], [-99.010616, 19.273316], [-99.010975, 19.273385], [-99.010906, 19.273821], [-99.011099, 19.273879], [-99.010906, 19.273821]], [[-99.010047, 19.272927], [-99.009999, 19.273061], [-99.009934, 19.273193], [-99.009999, 19.273061], [-99.010047, 19.272927]], [[-99.011541, 19.273911], [-99.011633, 19.273944], [-99.011404, 19.274637], [-99.011635, 19.273938], [-99.011541, 19.273911]], [[-99.008994, 19.272121], [-99.008838, 19.272126], [-99.008985, 19.272149], [-99.008994, 19.272121]], [[-99.010237, 19.271801], [-99.01037, 19.27177], [-99.009933, 19.271573], [-99.010237, 19.271801]], [[-99.008296, 19.273158], [-99.008312, 19.272776], [-99.008278, 19.272987], [-99.008296, 19.273158]], [[-99.008442, 19.273232], [-99.008666, 19.273228], [-99.008445, 19.2732], [-99.008442, 19.273232]], [[-99.0087, 19.272032], [-99.008581, 19.272152], [-99.008738, 19.27204], [-99.0087, 19.272032]], [[-99.00867, 19.273228], [-99.00871, 19.273221], [-99.008763, 19.272755], [-99.00871, 19.273221], [-99.00867, 19.273228]], [[-99.009128, 19.272668], [-99.008773, 19.27264], [-99.009364, 19.272688], [-99.009303, 19.272964], [-99.009491, 19.272699], [-99.009128, 19.272668]], [[-99.008769, 19.274406], [-99.00937, 19.274497], [-99.00878, 19.27428], [-99.008769, 19.274406]], [[-99.009359, 19.274248], [-99.009391, 19.27405], [-99.009365, 19.274214], [-99.009359, 19.274248]], [[-99.00879, 19.274146], [-99.008787, 19.274185], [-99.009365, 19.274214], [-99.00879, 19.274146]], [[-99.008967, 19.273075], [-99.008978, 19.273112], [-99.008972, 19.273088], [-99.008967, 19.273075]], [[-99.008996, 19.273333], [-99.008991, 19.273369], [-99.008995, 19.273346], [-99.008996, 19.273333]], [[-99.009145, 19.275099], [-99.009121, 19.275098], [-99.009006, 19.275134], [-99.009145, 19.275099]], [[-99.009386, 19.274049], [-99.009177, 19.274039], [-99.009273, 19.274048], [-99.009386, 19.274049]], [[-99.010287, 19.27701], [-99.010277, 19.27699], [-99.010183, 19.276796], [-99.010287, 19.27701]], [[-99.010183, 19.276796], [-99.009731, 19.276974], [-99.010117, 19.27668], [-99.009649, 19.276886], [-99.009586, 19.276825], [-99.009445, 19.276634], [-99.009353, 19.276446], [-99.009215, 19.276258], [-99.009172, 19.276154], [-99.009215, 19.276258], [-99.009445, 19.276634], [-99.009586, 19.276825], [-99.009731, 19.276974], [-99.009877, 19.277194], [-99.010047, 19.277118], [-99.009877, 19.277194], [-99.009731, 19.276974], [-99.010183, 19.276796]], [[-99.009912, 19.277265], [-99.009957, 19.277244], [-99.009877, 19.277194], [-99.009912, 19.277265]], [[-99.009453, 19.273257], [-99.009309, 19.273463], [-99.009401, 19.273467], [-99.009453, 19.273257]], [[-99.009573, 19.273593], [-99.009636, 19.273273], [-99.009456, 19.273245], [-99.009636, 19.273273], [-99.009573, 19.273593]], [[-99.00957, 19.271799], [-99.009469, 19.271608], [-99.009419, 19.271727], [-99.00957, 19.271799]], [[-99.009364, 19.274545], [-99.009494, 19.274606], [-99.009561, 19.274625], [-99.009364, 19.274545]], [[-99.009522, 19.272572], [-99.009494, 19.272339], [-99.009484, 19.27248], [-99.009522, 19.272572]], [[-99.009382, 19.27425], [-99.009382, 19.274413], [-99.009404, 19.274251], [-99.009382, 19.27425]], [[-99.009423, 19.275168], [-99.009395, 19.275162], [-99.0094, 19.275165], [-99.009423, 19.275168]], [[-99.009463, 19.275088], [-99.009455, 19.275131], [-99.00948, 19.275042], [-99.009463, 19.275088]], [[-99.010183, 19.275028], [-99.010189, 19.275005], [-99.009553, 19.274836], [-99.010183, 19.275028]], [[-99.009621, 19.275892], [-99.009639, 19.275886], [-99.00957, 19.27591], [-99.009621, 19.275892]], [[-99.009705, 19.272917], [-99.009643, 19.273237], [-99.009636, 19.273273], [-99.009705, 19.272917]], [[-99.009942, 19.274168], [-99.00993, 19.27422], [-99.010267, 19.274215], [-99.010288, 19.274048], [-99.010234, 19.27421], [-99.009978, 19.274052], [-99.009942, 19.274168]], [[-99.010123, 19.273584], [-99.009986, 19.274027], [-99.009772, 19.273992], [-99.009768, 19.274026], [-99.009986, 19.274027], [-99.010123, 19.273584]], [[-99.010479, 19.27262], [-99.009882, 19.272553], [-99.010396, 19.272671], [-99.010386, 19.273077], [-99.010479, 19.27262]], [[-99.010042, 19.271891], [-99.009901, 19.272475], [-99.010066, 19.271828], [-99.010042, 19.271891]], [[-99.009914, 19.271954], [-99.009947, 19.271889], [-99.009924, 19.271888], [-99.009914, 19.271954]], [[-99.010249, 19.273354], [-99.01026, 19.273331], [-99.010792, 19.273555], [-99.01026, 19.273331], [-99.010249, 19.273354]], [[-99.010238, 19.273322], [-99.009943, 19.273197], [-99.010128, 19.273275], [-99.010238, 19.273322]], [[-99.010299, 19.272553], [-99.010371, 19.272499], [-99.010155, 19.272524], [-99.010299, 19.272553]], [[-99.010225, 19.271843], [-99.010067, 19.272336], [-99.010212, 19.271884], [-99.010225, 19.271843]], [[-99.010132, 19.271835], [-99.010144, 19.271835], [-99.010207, 19.271821], [-99.010132, 19.271835]], [[-99.01014, 19.273364], [-99.010194, 19.273597], [-99.010617, 19.273764], [-99.010194, 19.273597], [-99.010657, 19.273648], [-99.01014, 19.273364]], [[-99.010488, 19.27506], [-99.010496, 19.274995], [-99.010305, 19.275004], [-99.010488, 19.27506]], [[-99.010168, 19.27716], [-99.010443, 19.277095], [-99.010382, 19.276975], [-99.010431, 19.277072], [-99.010168, 19.27716]], [[-99.010532, 19.272515], [-99.010567, 19.272299], [-99.010366, 19.272273], [-99.010567, 19.272299], [-99.010532, 19.272515]], [[-99.010255, 19.277786], [-99.010356, 19.277974], [-99.011097, 19.278027], [-99.010356, 19.277974], [-99.010355, 19.277904], [-99.010267, 19.277787], [-99.010255, 19.277786]], [[-99.010425, 19.277597], [-99.010301, 19.277299], [-99.010385, 19.2775], [-99.010425, 19.277597]], [[-99.010399, 19.273454], [-99.010449, 19.273472], [-99.010727, 19.273538], [-99.010399, 19.273454]], [[-99.010663, 19.277925], [-99.010658, 19.277812], [-99.010311, 19.27779], [-99.010658, 19.277812], [-99.010663, 19.277925]], [[-99.010513, 19.274279], [-99.010539, 19.274203], [-99.010515, 19.274274], [-99.010513, 19.274279]], [[-99.010619, 19.2751], [-99.010556, 19.274471], [-99.010501, 19.274954], [-99.010557, 19.274968], [-99.010551, 19.275096], [-99.010619, 19.2751]], [[-99.010731, 19.271886], [-99.010605, 19.27186], [-99.010704, 19.271941], [-99.010711, 19.271882], [-99.010731, 19.271886]], [[-99.010676, 19.271562], [-99.01067, 19.271625], [-99.010734, 19.271694], [-99.01067, 19.271625], [-99.010676, 19.271562]], [[-99.010684, 19.272079], [-99.010693, 19.272014], [-99.0107, 19.271967], [-99.010684, 19.272079]], [[-99.010891, 19.273873], [-99.010803, 19.274176], [-99.010752, 19.27436], [-99.010891, 19.273873]], [[-99.011588, 19.273526], [-99.011568, 19.273588], [-99.011186, 19.273503], [-99.011568, 19.273588], [-99.011588, 19.273526]], [[-99.011367, 19.276043], [-99.011257, 19.276078], [-99.01165, 19.274716], [-99.011257, 19.276078], [-99.011514, 19.276139], [-99.011688, 19.276193], [-99.011367, 19.276043]], [[-99.011387, 19.276466], [-99.011223, 19.27718], [-99.011438, 19.276465], [-99.011387, 19.276466]], [[-99.011397, 19.27466], [-99.011383, 19.274706], [-99.011374, 19.274734], [-99.011397, 19.27466]], [[-99.011759, 19.275949], [-99.01142, 19.275857], [-99.011589, 19.275903], [-99.011759, 19.275949]], [[-99.01158, 19.277644], [-99.011569, 19.277588], [-99.011561, 19.27764], [-99.01158, 19.277644]], [[-99.011505, 19.277634], [-99.011504, 19.277636], [-99.011561, 19.27764], [-99.011505, 19.277634]], [[-99.011545, 19.276487], [-99.011754, 19.276535], [-99.011501, 19.277635], [-99.011754, 19.276535], [-99.011545, 19.276487]], [[-99.011609, 19.273462], [-99.011712, 19.273486], [-99.011647, 19.273471], [-99.011609, 19.273462]], [[-99.011827, 19.273648], [-99.011791, 19.27379], [-99.012016, 19.272894], [-99.011827, 19.273648]], [[-99.011737, 19.274759], [-99.011925, 19.274342], [-99.011857, 19.274325], [-99.011737, 19.274759]], [[-99.011894, 19.273802], [-99.01232, 19.272372], [-99.011986, 19.272392], [-99.0123, 19.272373], [-99.011894, 19.273802]], [[-99.011907, 19.275976], [-99.012271, 19.276064], [-99.012484, 19.276102], [-99.012373, 19.27647], [-99.012527, 19.27611], [-99.012271, 19.276064], [-99.01252, 19.275317], [-99.012271, 19.276064], [-99.012367, 19.275395], [-99.012164, 19.276034], [-99.011907, 19.275976]], [[-99.012281, 19.272872], [-99.012421, 19.272982], [-99.012101, 19.273985], [-99.012421, 19.272982], [-99.012682, 19.273033], [-99.012281, 19.272872]], [[-99.012178, 19.277196], [-99.012203, 19.277205], [-99.012309, 19.276683], [-99.012178, 19.277196]], [[-99.012604, 19.278158], [-99.012235, 19.278128], [-99.013075, 19.278258], [-99.012604, 19.278158]], [[-99.0124, 19.27529], [-99.012488, 19.2749], [-99.012403, 19.27528], [-99.0124, 19.27529]], [[-99.012377, 19.278839], [-99.012408, 19.278847], [-99.012369, 19.278837], [-99.012377, 19.278839]], [[-99.0128, 19.278797], [-99.012411, 19.278706], [-99.01281, 19.278799], [-99.0128, 19.278797]], [[-99.012951, 19.276091], [-99.012784, 19.276052], [-99.012605, 19.276025], [-99.0127, 19.275745], [-99.012605, 19.276025], [-99.012951, 19.276091], [-99.013162, 19.276158], [-99.012951, 19.276091]], [[-99.012746, 19.276584], [-99.013003, 19.276649], [-99.012746, 19.276584], [-99.012951, 19.276091], [-99.012746, 19.276584]], [[-99.012865, 19.277204], [-99.013003, 19.276649], [-99.013158, 19.276172], [-99.013003, 19.276649], [-99.012865, 19.277204]], [[-99.013217, 19.276696], [-99.013173, 19.277418], [-99.013346, 19.276729], [-99.013555, 19.276795], [-99.01363, 19.276812], [-99.013647, 19.276815], [-99.013354, 19.277813], [-99.013485, 19.277845], [-99.013647, 19.276815], [-99.013757, 19.276833], [-99.013908, 19.276442], [-99.013757, 19.276833], [-99.013555, 19.276795], [-99.013874, 19.275783], [-99.013914, 19.275961], [-99.014119, 19.275842], [-99.01331, 19.275649], [-99.013874, 19.275783], [-99.013555, 19.276795], [-99.013289, 19.276711], [-99.013353, 19.276524], [-99.013098, 19.27667], [-99.01301, 19.277567], [-99.012786, 19.27752], [-99.01301, 19.277567], [-99.013217, 19.276696]], [[-99.013052, 19.277747], [-99.013036, 19.27783], [-99.013457, 19.277939], [-99.013036, 19.27783], [-99.013052, 19.277747]], [[-99.01358, 19.27537], [-99.013543, 19.275529], [-99.013722, 19.275575], [-99.01358, 19.27537], [-99.013219, 19.275292], [-99.01358, 19.27537]], [[-99.014354, 19.278168], [-99.013467, 19.277906], [-99.01386, 19.278029], [-99.013837, 19.278189], [-99.013758, 19.278498], [-99.013736, 19.278604], [-99.013733, 19.278642], [-99.013837, 19.278189], [-99.01386, 19.278029], [-99.014354, 19.278168]], [[-99.013651, 19.277227], [-99.013569, 19.277533], [-99.013593, 19.277443], [-99.013651, 19.277227]], [[-99.013825, 19.276228], [-99.013858, 19.276129], [-99.013864, 19.276112], [-99.013825, 19.276228]], [[-99.014828, 19.279015], [-99.014871, 19.278845], [-99.014861, 19.278887], [-99.014828, 19.279015]], [[-99.014798, 19.279033], [-99.014558, 19.279038], [-99.014823, 19.279039], [-99.013786, 19.2788], [-99.014798, 19.279033]], [[-99.014027, 19.276131], [-99.014126, 19.276168], [-99.013889, 19.276894], [-99.014126, 19.276168], [-99.014027, 19.276131]], [[-99.015214, 19.2784], [-99.015281, 19.278164], [-99.013931, 19.277809], [-99.015214, 19.2784]], [[-99.014041, 19.277416], [-99.014039, 19.277423], [-99.015169, 19.27774], [-99.014041, 19.277416]], [[-99.014163, 19.276978], [-99.014079, 19.276961], [-99.014097, 19.276965], [-99.014163, 19.276978]], [[-99.014274, 19.27829], [-99.015177, 19.278528], [-99.015182, 19.278511], [-99.01435, 19.278195], [-99.014274, 19.27829]], [[-99.014598, 19.276736], [-99.014624, 19.276742], [-99.014458, 19.276702], [-99.014598, 19.276736]], [[-99.014313, 19.277195], [-99.014335, 19.277202], [-99.014458, 19.276702], [-99.014313, 19.277195]], [[-99.014717, 19.276837], [-99.014851, 19.276361], [-99.014844, 19.276385], [-99.014717, 19.276837]], [[-99.015074, 19.278888], [-99.015162, 19.278581], [-99.014955, 19.27873], [-99.015074, 19.278888]]], [[[-99.019112, 19.27564], [-99.019558, 19.274519], [-99.019787, 19.274603], [-99.019304, 19.275703], [-99.019491, 19.275216], [-99.019304, 19.275703], [-99.019112, 19.27564]]], [[[-98.9696, 19.214925], [-98.969974, 19.214068], [-98.97014, 19.214082], [-98.96972, 19.214971], [-98.9696, 19.214925]]], [[[-98.969505, 19.214056], [-98.969946, 19.214078], [-98.969586, 19.214918], [-98.969488, 19.214887], [-98.969272, 19.214984], [-98.969505, 19.214056]]], [[[-98.965811, 19.21519], [-98.965372, 19.215127], [-98.965929, 19.215408], [-98.965313, 19.215261], [-98.965942, 19.215431], [-98.965917, 19.215583], [-98.965203, 19.215363], [-98.965454, 19.214669], [-98.965949, 19.214822], [-98.965873, 19.214989], [-98.965448, 19.214901], [-98.965822, 19.215], [-98.965811, 19.21519]]], [[[-98.966513, 19.215609], [-98.967073, 19.215806], [-98.967013, 19.215942], [-98.966566, 19.215773], [-98.966559, 19.215942], [-98.967143, 19.216167], [-98.967088, 19.216335], [-98.965822, 19.215942], [-98.96592, 19.215757], [-98.965367, 19.215605], [-98.965422, 19.215452], [-98.965958, 19.215616], [-98.965989, 19.215449], [-98.966363, 19.21554], [-98.965932, 19.215241], [-98.966381, 19.215461], [-98.96653, 19.215035], [-98.966717, 19.215077], [-98.966513, 19.215609]]], [[[-98.969907, 19.215242], [-98.96987, 19.215509], [-98.970372, 19.215717], [-98.970944, 19.215639], [-98.97002, 19.215267], [-98.971159, 19.215497], [-98.970925, 19.216138], [-98.969923, 19.215692], [-98.969758, 19.215679], [-98.969907, 19.215242]]], [[[-98.967851, 19.216492], [-98.967949, 19.216303], [-98.968205, 19.21636], [-98.968299, 19.216111], [-98.969296, 19.216501], [-98.96905, 19.217081], [-98.96737, 19.216526], [-98.967752, 19.215276], [-98.968211, 19.21531], [-98.967813, 19.216098], [-98.968188, 19.215448], [-98.968073, 19.216161], [-98.96831, 19.21573], [-98.96819, 19.215671], [-98.968279, 19.215486], [-98.968203, 19.215425], [-98.968223, 19.215261], [-98.968156, 19.215211], [-98.969167, 19.215586], [-98.969101, 19.215902], [-98.969193, 19.215596], [-98.969544, 19.21576], [-98.969298, 19.216467], [-98.968323, 19.216089], [-98.968396, 19.215798], [-98.968176, 19.216316], [-98.967934, 19.216269], [-98.967851, 19.216492]]], [[[-98.967295, 19.216571], [-98.96707, 19.21652], [-98.967332, 19.215808], [-98.967517, 19.21589], [-98.967295, 19.216571]]], [[[-98.965344, 19.215997], [-98.965497, 19.216044], [-98.965211, 19.216538], [-98.964881, 19.21642], [-98.965118, 19.215937], [-98.96531, 19.21599], [-98.965155, 19.216452], [-98.965344, 19.215997]]], [[[-98.9659, 19.216558], [-98.966011, 19.216252], [-98.965798, 19.216113], [-98.966393, 19.216319], [-98.966173, 19.216828], [-98.9659, 19.216558]]], [[[-98.969367, 19.217199], [-98.96909, 19.217103], [-98.969784, 19.215698], [-98.970892, 19.216194], [-98.970547, 19.21725], [-98.96941, 19.217204], [-98.969566, 19.216742], [-98.969367, 19.217199]]], [[[-98.961852, 19.216792], [-98.961945, 19.216264], [-98.962184, 19.216094], [-98.962129, 19.216957], [-98.961852, 19.216792]]], [[[-98.956956, 19.216008], [-98.957156, 19.215752], [-98.957169, 19.215972], [-98.957463, 19.215768], [-98.957891, 19.21604], [-98.957894, 19.216696], [-98.958369, 19.216428], [-98.957746, 19.215888], [-98.957818, 19.215559], [-98.959348, 19.215366], [-98.959326, 19.215625], [-98.959119, 19.215679], [-98.958911, 19.215937], [-98.958861, 19.216144], [-98.958659, 19.216555], [-98.958523, 19.216961], [-98.958925, 19.216035], [-98.959356, 19.215677], [-98.959378, 19.215486], [-98.960685, 19.21558], [-98.960804, 19.215199], [-98.961282, 19.215144], [-98.961128, 19.215536], [-98.961292, 19.215143], [-98.962297, 19.214917], [-98.962193, 19.215473], [-98.961695, 19.2154], [-98.962196, 19.215542], [-98.962165, 19.215996], [-98.961627, 19.215913], [-98.962086, 19.216032], [-98.961913, 19.216254], [-98.961814, 19.216783], [-98.96052, 19.216058], [-98.960121, 19.217287], [-98.960511, 19.218226], [-98.960039, 19.218353], [-98.959003, 19.218024], [-98.958561, 19.217439], [-98.957413, 19.217127], [-98.957427, 19.216517], [-98.957071, 19.216435], [-98.957036, 19.216085], [-98.956956, 19.216008]], [[-98.959493, 19.216494], [-98.959498, 19.216474], [-98.959475, 19.216553], [-98.959493, 19.216494]], [[-98.959843, 19.216797], [-98.959828, 19.216863], [-98.95983, 19.216853], [-98.959843, 19.216797]]], [[[-98.966643, 19.21641], [-98.96708, 19.216557], [-98.966704, 19.217332], [-98.966939, 19.216643], [-98.966617, 19.217248], [-98.966331, 19.217007], [-98.966643, 19.21641]]], [[[-98.965782, 19.216875], [-98.966166, 19.217012], [-98.96579, 19.216843], [-98.96589, 19.216572], [-98.966349, 19.217074], [-98.966249, 19.217255], [-98.965716, 19.217083], [-98.965782, 19.216875]]], [[[-98.95473, 19.216271], [-98.954032, 19.217925], [-98.952461, 19.216788], [-98.954176, 19.216054], [-98.95473, 19.216271]], [[-98.95386, 19.217449], [-98.953757, 19.217719], [-98.953864, 19.217452], [-98.95386, 19.217449]]], [[[-98.967106, 19.216561], [-98.967247, 19.216749], [-98.967175, 19.216783], [-98.966863, 19.217474], [-98.966723, 19.217352], [-98.967106, 19.216561]]], [[[-98.964436, 19.216869], [-98.965529, 19.217179], [-98.964724, 19.217077], [-98.965592, 19.217401], [-98.964402, 19.217003], [-98.964436, 19.216869]]], [[[-98.960554, 19.216125], [-98.961962, 19.216999], [-98.961862, 19.217084], [-98.961401, 19.21844], [-98.960992, 19.218294], [-98.960909, 19.218444], [-98.960644, 19.218286], [-98.960254, 19.217544], [-98.960182, 19.217105], [-98.960554, 19.216125]]], [[[-98.967836, 19.216796], [-98.968067, 19.21686], [-98.96782, 19.217323], [-98.968053, 19.217422], [-98.967842, 19.217951], [-98.966886, 19.217492], [-98.967242, 19.216917], [-98.967295, 19.217264], [-98.967398, 19.216944], [-98.96721, 19.216785], [-98.967641, 19.216943], [-98.967547, 19.217089], [-98.967487, 19.217347], [-98.967789, 19.217017], [-98.967643, 19.217398], [-98.967815, 19.217053], [-98.967836, 19.216796]]], [[[-98.968056, 19.217196], [-98.968083, 19.216876], [-98.968682, 19.217103], [-98.968448, 19.218052], [-98.968319, 19.21783], [-98.968271, 19.218032], [-98.967848, 19.217979], [-98.968117, 19.217306], [-98.968054, 19.217211], [-98.96823, 19.217273], [-98.968017, 19.21798], [-98.968257, 19.217263], [-98.968056, 19.217196]]], [[[-98.951847, 19.218117], [-98.951751, 19.218481], [-98.951328, 19.218355], [-98.951908, 19.217216], [-98.95238, 19.216851], [-98.952647, 19.217009], [-98.952036, 19.218177], [-98.951847, 19.218117]]], [[[-98.951316, 19.218351], [-98.951004, 19.218241], [-98.951887, 19.217232], [-98.951316, 19.218351]]], [[[-98.968759, 19.217582], [-98.96874, 19.217072], [-98.96929, 19.217248], [-98.970492, 19.21731], [-98.970096, 19.218546], [-98.96848, 19.218049], [-98.968607, 19.217554], [-98.968759, 19.217582]]], [[[-98.951761, 19.218477], [-98.951851, 19.218124], [-98.952039, 19.21818], [-98.952664, 19.217017], [-98.952956, 19.217225], [-98.952558, 19.21802], [-98.952365, 19.218659], [-98.951761, 19.218477]]], [[[-98.954142, 19.218341], [-98.95301, 19.218046], [-98.953212, 19.217406], [-98.953809, 19.21784], [-98.954142, 19.218341]]], [[[-98.951096, 19.217844], [-98.951361, 19.217639], [-98.950976, 19.218232], [-98.950086, 19.217941], [-98.950221, 19.217597], [-98.951096, 19.217844]]], [[[-98.965267, 19.218439], [-98.965326, 19.218225], [-98.965168, 19.218016], [-98.965577, 19.217664], [-98.9656, 19.217735], [-98.966253, 19.217906], [-98.965609, 19.217653], [-98.96449, 19.217389], [-98.964567, 19.217234], [-98.965409, 19.217579], [-98.966135, 19.217701], [-98.965603, 19.217521], [-98.966173, 19.217598], [-98.965605, 19.217272], [-98.966616, 19.217613], [-98.966138, 19.218808], [-98.965904, 19.21855], [-98.965956, 19.218016], [-98.966165, 19.218093], [-98.96599, 19.218521], [-98.966201, 19.218069], [-98.965775, 19.217895], [-98.965492, 19.217835], [-98.965926, 19.218003], [-98.965827, 19.218495], [-98.965622, 19.218527], [-98.965267, 19.218439]]], [[[-98.952951, 19.218839], [-98.952375, 19.218662], [-98.952959, 19.217228], [-98.953204, 19.217404], [-98.953002, 19.218044], [-98.953155, 19.218094], [-98.952951, 19.218839]]], [[[-98.956923, 19.216034], [-98.957042, 19.216472], [-98.957359, 19.216582], [-98.957326, 19.217142], [-98.958406, 19.21749], [-98.958693, 19.217921], [-98.959377, 19.218234], [-98.959951, 19.218414], [-98.960767, 19.218385], [-98.960945, 19.218912], [-98.960685, 19.219899], [-98.960388, 19.219846], [-98.960009, 19.22033], [-98.959607, 19.22024], [-98.956731, 19.219245], [-98.954086, 19.217946], [-98.954551, 19.216861], [-98.955864, 19.21733], [-98.956567, 19.217379], [-98.954551, 19.216824], [-98.954966, 19.215879], [-98.956923, 19.216034]], [[-98.957211, 19.218543], [-98.956955, 19.219301], [-98.957216, 19.218545], [-98.957211, 19.218543]], [[-98.955329, 19.217865], [-98.955162, 19.218399], [-98.955322, 19.217917], [-98.955329, 19.217865]], [[-98.954655, 19.217546], [-98.954637, 19.217537], [-98.954613, 19.217604], [-98.954655, 19.217546]], [[-98.955489, 19.217328], [-98.955482, 19.217354], [-98.955496, 19.217312], [-98.955489, 19.217328]], [[-98.956632, 19.218283], [-98.956822, 19.218345], [-98.956001, 19.218062], [-98.956632, 19.218283]]], [[[-98.967515, 19.218703], [-98.967744, 19.218247], [-98.967431, 19.218211], [-98.967517, 19.217888], [-98.967992, 19.218086], [-98.967836, 19.218351], [-98.967713, 19.218771], [-98.967515, 19.218703]]], [[[-98.967591, 19.218284], [-98.967494, 19.218708], [-98.966884, 19.218522], [-98.967025, 19.218111], [-98.967591, 19.218284]]], [[[-98.967857, 19.218877], [-98.967848, 19.218395], [-98.968205, 19.218069], [-98.970737, 19.21895], [-98.968606, 19.219846], [-98.968114, 19.219525], [-98.966138, 19.218808], [-98.966653, 19.217587], [-98.966427, 19.2175], [-98.966552, 19.217279], [-98.966863, 19.21755], [-98.96657, 19.218269], [-98.96688, 19.217562], [-98.967186, 19.217684], [-98.966852, 19.218531], [-98.967857, 19.218877]]], [[[-98.965255, 19.218474], [-98.965956, 19.218725], [-98.96513, 19.21882], [-98.965255, 19.218474]], [[-98.965503, 19.21869], [-98.96552, 19.218722], [-98.965519, 19.218719], [-98.965503, 19.21869]]], [[[-98.951315, 19.218372], [-98.950912, 19.219303], [-98.950558, 19.219079], [-98.950816, 19.218203], [-98.951315, 19.218372]]], [[[-98.951506, 19.219469], [-98.950926, 19.219306], [-98.951327, 19.218374], [-98.951745, 19.218503], [-98.951506, 19.219469]]], [[[-98.960649, 19.220301], [-98.961002, 19.218899], [-98.96092, 19.218484], [-98.961003, 19.218338], [-98.961434, 19.218487], [-98.961988, 19.217014], [-98.963246, 19.218799], [-98.964007, 19.22084], [-98.963292, 19.220636], [-98.960649, 19.220301]]], [[[-98.95161, 19.219197], [-98.951782, 19.218513], [-98.952937, 19.21886], [-98.952796, 19.219553], [-98.95161, 19.219197]]], [[[-98.951537, 19.219538], [-98.951608, 19.219213], [-98.953523, 19.219797], [-98.953067, 19.219632], [-98.953123, 19.219357], [-98.953047, 19.219633], [-98.952808, 19.219555], [-98.95317, 19.218099], [-98.954153, 19.218359], [-98.95518, 19.219988], [-98.954026, 19.220228], [-98.953939, 19.220358], [-98.953406, 19.220126], [-98.951537, 19.219538]]], [[[-98.950762, 19.219296], [-98.950296, 19.220853], [-98.950083, 19.220771], [-98.950534, 19.21922], [-98.950762, 19.219296]]], [[[-98.950435, 19.220906], [-98.9503, 19.220854], [-98.950777, 19.219298], [-98.950925, 19.219333], [-98.950435, 19.220906]]], [[[-98.950444, 19.22091], [-98.950927, 19.219333], [-98.9515, 19.21949], [-98.951264, 19.220256], [-98.951512, 19.220345], [-98.951229, 19.221164], [-98.950444, 19.22091]]], [[[-98.966367, 19.2198], [-98.966031, 19.220366], [-98.965993, 19.220721], [-98.966216, 19.221168], [-98.966033, 19.220767], [-98.966416, 19.219803], [-98.966409, 19.218957], [-98.968372, 19.219737], [-98.967551, 19.220545], [-98.967262, 19.220366], [-98.967529, 19.220567], [-98.966361, 19.222036], [-98.966018, 19.221799], [-98.966136, 19.221373], [-98.965877, 19.2218], [-98.96492, 19.221546], [-98.964249, 19.220904], [-98.963898, 19.219347], [-98.964404, 19.21892], [-98.966318, 19.218926], [-98.966367, 19.2198]]], [[[-98.957173, 19.220323], [-98.957491, 19.219544], [-98.959047, 19.22007], [-98.960251, 19.220752], [-98.959628, 19.221738], [-98.95737, 19.220861], [-98.957494, 19.220552], [-98.957173, 19.220323]]], [[[-98.958933, 19.22253], [-98.959467, 19.222072], [-98.959335, 19.222775], [-98.959118, 19.222803], [-98.958844, 19.223418], [-98.957408, 19.222657], [-98.956568, 19.221755], [-98.95407, 19.218028], [-98.956282, 19.219121], [-98.957446, 19.219513], [-98.957071, 19.220337], [-98.957425, 19.220569], [-98.957316, 19.220884], [-98.959552, 19.22177], [-98.958933, 19.22253]], [[-98.958732, 19.222563], [-98.958693, 19.222564], [-98.958705, 19.222564], [-98.958732, 19.222563]]], [[[-98.9552, 19.220019], [-98.955848, 19.221098], [-98.957173, 19.22257], [-98.957074, 19.22275], [-98.951259, 19.221175], [-98.951545, 19.220365], [-98.95208, 19.22056], [-98.95185, 19.22097], [-98.952089, 19.220569], [-98.952436, 19.220643], [-98.951337, 19.220244], [-98.951538, 19.219564], [-98.95397, 19.220396], [-98.9552, 19.220019]], [[-98.955074, 19.22123], [-98.955065, 19.221178], [-98.955074, 19.221232], [-98.955074, 19.22123]], [[-98.955067, 19.221551], [-98.955072, 19.221511], [-98.955066, 19.22156], [-98.955067, 19.221551]], [[-98.955081, 19.22131], [-98.955077, 19.221264], [-98.955081, 19.221312], [-98.955081, 19.22131]], [[-98.955077, 19.221471], [-98.95508, 19.22143], [-98.955077, 19.221475], [-98.955077, 19.221471]], [[-98.955082, 19.221391], [-98.955081, 19.221347], [-98.955082, 19.221394], [-98.955082, 19.221391]]], [[[-98.968042, 19.22126], [-98.967746, 19.22116], [-98.967763, 19.221373], [-98.967282, 19.221376], [-98.967691, 19.220943], [-98.968042, 19.22126]]], [[[-98.961719, 19.220912], [-98.961499, 19.22149], [-98.96071, 19.22098], [-98.960591, 19.220472], [-98.963733, 19.220829], [-98.964057, 19.221272], [-98.963502, 19.220986], [-98.963315, 19.221727], [-98.963238, 19.221464], [-98.962887, 19.221521], [-98.962871, 19.222233], [-98.962441, 19.22191], [-98.962356, 19.22206], [-98.962403, 19.22156], [-98.96178, 19.221181], [-98.961884, 19.220969], [-98.961719, 19.220912]]], [[[-98.960462, 19.221331], [-98.960317, 19.221777], [-98.960045, 19.221719], [-98.959977, 19.221926], [-98.959685, 19.221756], [-98.960295, 19.220805], [-98.961503, 19.221553], [-98.961425, 19.221696], [-98.961477, 19.221551], [-98.961116, 19.221625], [-98.960462, 19.221331]]], [[[-98.951272, 19.222507], [-98.951336, 19.222284], [-98.951113, 19.222211], [-98.951403, 19.221281], [-98.952224, 19.221581], [-98.952114, 19.221894], [-98.951789, 19.221769], [-98.951551, 19.222607], [-98.951272, 19.222507]]], [[[-98.966827, 19.222097], [-98.966964, 19.221888], [-98.967563, 19.222239], [-98.967479, 19.22239], [-98.966827, 19.222097]]], [[[-98.960041, 19.222717], [-98.960112, 19.222554], [-98.960346, 19.222657], [-98.960222, 19.222258], [-98.961116, 19.222475], [-98.960517, 19.22215], [-98.96078, 19.22223], [-98.960914, 19.221883], [-98.961231, 19.221816], [-98.961136, 19.222269], [-98.961333, 19.222298], [-98.961476, 19.221751], [-98.961653, 19.221734], [-98.961962, 19.22193], [-98.961857, 19.222776], [-98.961213, 19.222475], [-98.961108, 19.222857], [-98.96071, 19.222553], [-98.960898, 19.222811], [-98.960706, 19.223176], [-98.961002, 19.223128], [-98.96101, 19.223341], [-98.960078, 19.223082], [-98.96036, 19.222959], [-98.960041, 19.222717]]], [[[-98.959022, 19.223095], [-98.959344, 19.222804], [-98.959485, 19.222156], [-98.959674, 19.222276], [-98.959514, 19.222727], [-98.959976, 19.222612], [-98.959684, 19.222903], [-98.959816, 19.223117], [-98.959566, 19.222932], [-98.959022, 19.223095]]], [[[-98.967908, 19.222671], [-98.967666, 19.222597], [-98.967775, 19.222263], [-98.968618, 19.222569], [-98.968538, 19.222797], [-98.967892, 19.223013], [-98.967908, 19.222671]]], [[[-98.972509, 19.222183], [-98.972017, 19.223233], [-98.971794, 19.223022], [-98.972205, 19.222087], [-98.972509, 19.222183]]], [[[-98.969232, 19.2228], [-98.968955, 19.223307], [-98.968779, 19.223235], [-98.96893, 19.222685], [-98.969232, 19.2228]]], [[[-98.960813, 19.224006], [-98.959776, 19.223843], [-98.958967, 19.223553], [-98.958983, 19.223269], [-98.959432, 19.223235], [-98.959344, 19.223437], [-98.959533, 19.223568], [-98.959482, 19.223204], [-98.959859, 19.223431], [-98.960107, 19.223221], [-98.959922, 19.223797], [-98.960813, 19.224006]]], [[[-98.971966, 19.22476], [-98.971872, 19.224918], [-98.970709, 19.224277], [-98.9707, 19.224041], [-98.970433, 19.223967], [-98.9707, 19.224041], [-98.970643, 19.224227], [-98.970331, 19.224155], [-98.970369, 19.223949], [-98.970029, 19.224271], [-98.970172, 19.223792], [-98.969891, 19.22435], [-98.970176, 19.222941], [-98.970626, 19.222614], [-98.970979, 19.222272], [-98.971107, 19.222209], [-98.971566, 19.222546], [-98.971813, 19.222618], [-98.971728, 19.222858], [-98.971514, 19.222812], [-98.971481, 19.222907], [-98.972003, 19.223253], [-98.971943, 19.223426], [-98.972099, 19.223499], [-98.972016, 19.223649], [-98.971593, 19.223741], [-98.971305, 19.223605], [-98.971108, 19.223543], [-98.970414, 19.223567], [-98.970583, 19.223242], [-98.971605, 19.223476], [-98.970652, 19.223199], [-98.970554, 19.223224], [-98.970267, 19.223595], [-98.971095, 19.223558], [-98.971594, 19.22376], [-98.971939, 19.223698], [-98.972391, 19.224084], [-98.972194, 19.224453], [-98.972356, 19.224605], [-98.972074, 19.22512], [-98.971957, 19.224725], [-98.971714, 19.224627], [-98.971786, 19.224294], [-98.971697, 19.224224], [-98.970864, 19.224109], [-98.97169, 19.22423], [-98.971711, 19.224631], [-98.971966, 19.22476]], [[-98.970258, 19.223607], [-98.970249, 19.223631], [-98.970267, 19.223595], [-98.970258, 19.223607]]], [[[-98.969539, 19.223969], [-98.969173, 19.224589], [-98.968893, 19.224367], [-98.969148, 19.223476], [-98.969338, 19.223518], [-98.969004, 19.223369], [-98.969277, 19.22282], [-98.970106, 19.223023], [-98.969765, 19.224023], [-98.969539, 19.223969]], [[-98.969805, 19.22388], [-98.969835, 19.223771], [-98.969765, 19.224023], [-98.969805, 19.22388]], [[-98.969709, 19.223445], [-98.969667, 19.22343], [-98.969851, 19.223714], [-98.969811, 19.223481], [-98.969709, 19.223445]]], [[[-98.953444, 19.224647], [-98.953231, 19.225244], [-98.952868, 19.225108], [-98.95343, 19.223668], [-98.953629, 19.223671], [-98.954007, 19.222942], [-98.953579, 19.223647], [-98.953086, 19.223467], [-98.953382, 19.222744], [-98.95313, 19.222643], [-98.953274, 19.222302], [-98.953126, 19.22265], [-98.952876, 19.222406], [-98.953096, 19.221813], [-98.956822, 19.222741], [-98.959345, 19.2241], [-98.958732, 19.224493], [-98.957322, 19.224414], [-98.956356, 19.224576], [-98.954546, 19.224008], [-98.955078, 19.224279], [-98.954785, 19.224312], [-98.954691, 19.224556], [-98.955204, 19.224759], [-98.954935, 19.225738], [-98.953349, 19.225299], [-98.953608, 19.224705], [-98.953444, 19.224647]]], [[[-98.96911, 19.223449], [-98.969022, 19.223835], [-98.968823, 19.224301], [-98.968675, 19.224223], [-98.968902, 19.22338], [-98.96911, 19.223449]]], [[[-98.952926, 19.223488], [-98.953148, 19.223561], [-98.952966, 19.223978], [-98.953171, 19.224213], [-98.952926, 19.224138], [-98.952776, 19.224427], [-98.952184, 19.224232], [-98.952235, 19.224058], [-98.952726, 19.224214], [-98.952926, 19.223488]]], [[[-98.969235, 19.224958], [-98.969087, 19.224887], [-98.969553, 19.22399], [-98.969814, 19.224292], [-98.969368, 19.224842], [-98.969346, 19.224549], [-98.969235, 19.224958]]], [[[-98.960691, 19.224459], [-98.960645, 19.224786], [-98.960268, 19.224771], [-98.960226, 19.224506], [-98.960691, 19.224459]]], [[[-98.959444, 19.225191], [-98.958982, 19.224856], [-98.958683, 19.225256], [-98.958607, 19.22483], [-98.958657, 19.224548], [-98.959112, 19.224545], [-98.959503, 19.224139], [-98.959976, 19.224289], [-98.959877, 19.224566], [-98.959603, 19.224478], [-98.959444, 19.225191]]], [[[-98.958212, 19.224528], [-98.958127, 19.225121], [-98.957605, 19.224985], [-98.957686, 19.224701], [-98.957497, 19.224585], [-98.958212, 19.224528]]], [[[-98.96988, 19.224369], [-98.970423, 19.224187], [-98.97065, 19.224293], [-98.970499, 19.224717], [-98.970329, 19.224651], [-98.970304, 19.224714], [-98.970663, 19.2248], [-98.970811, 19.224382], [-98.971328, 19.224702], [-98.971126, 19.224991], [-98.97134, 19.224711], [-98.971849, 19.224929], [-98.971734, 19.225155], [-98.971861, 19.224938], [-98.971998, 19.225114], [-98.971904, 19.225211], [-98.971678, 19.225819], [-98.971414, 19.225604], [-98.969986, 19.224973], [-98.969522, 19.224843], [-98.96988, 19.224369]]], [[[-98.956046, 19.224606], [-98.957064, 19.224541], [-98.956835, 19.225246], [-98.956476, 19.22516], [-98.95637, 19.225538], [-98.955537, 19.225628], [-98.955734, 19.224897], [-98.955895, 19.22476], [-98.956416, 19.224923], [-98.956046, 19.224606]]], [[[-98.9524, 19.225778], [-98.952152, 19.225798], [-98.952371, 19.224959], [-98.953189, 19.225301], [-98.953178, 19.225477], [-98.952797, 19.225521], [-98.952747, 19.22521], [-98.95243, 19.225145], [-98.9524, 19.225778]]], [[[-98.972423, 19.226301], [-98.972322, 19.22654], [-98.972083, 19.226349], [-98.972268, 19.226085], [-98.971644, 19.225925], [-98.971853, 19.225816], [-98.972161, 19.225984], [-98.972606, 19.226137], [-98.972423, 19.226301]]], [[[-98.969378, 19.224924], [-98.969983, 19.225017], [-98.970172, 19.225261], [-98.970637, 19.225537], [-98.971266, 19.225735], [-98.970218, 19.225173], [-98.971346, 19.225644], [-98.971602, 19.225997], [-98.972073, 19.226074], [-98.97148, 19.22763], [-98.970743, 19.226926], [-98.97097, 19.226405], [-98.970722, 19.226904], [-98.970472, 19.226667], [-98.970809, 19.226074], [-98.970579, 19.225972], [-98.97028, 19.22649], [-98.969337, 19.225679], [-98.969378, 19.224924]], [[-98.97052, 19.225668], [-98.970569, 19.225684], [-98.970462, 19.225646], [-98.97052, 19.225668]]], [[[-98.970591, 19.226002], [-98.97078, 19.226088], [-98.970441, 19.226635], [-98.970293, 19.2265], [-98.970591, 19.226002]]], [[[-98.954361, 19.226001], [-98.954538, 19.225976], [-98.954359, 19.226638], [-98.954553, 19.226692], [-98.954609, 19.226372], [-98.954782, 19.226408], [-98.954689, 19.225939], [-98.955094, 19.225907], [-98.954936, 19.226808], [-98.955131, 19.226986], [-98.954732, 19.227016], [-98.954686, 19.227135], [-98.954618, 19.227123], [-98.954568, 19.227265], [-98.954774, 19.227323], [-98.954719, 19.227107], [-98.954914, 19.227216], [-98.955472, 19.226935], [-98.955043, 19.226846], [-98.95522, 19.226708], [-98.955228, 19.225878], [-98.955936, 19.225783], [-98.955833, 19.226165], [-98.956046, 19.226069], [-98.956163, 19.226319], [-98.956195, 19.226065], [-98.956346, 19.226114], [-98.95631, 19.226504], [-98.956766, 19.226391], [-98.956627, 19.226619], [-98.95614, 19.228055], [-98.953939, 19.227314], [-98.95405, 19.226935], [-98.954692, 19.227106], [-98.95425, 19.226909], [-98.954352, 19.226671], [-98.954135, 19.22661], [-98.954361, 19.226001]]], [[[-98.959065, 19.228907], [-98.956161, 19.228017], [-98.95702, 19.22607], [-98.957938, 19.226629], [-98.959087, 19.226975], [-98.959643, 19.226948], [-98.959803, 19.227155], [-98.959184, 19.227947], [-98.958568, 19.227691], [-98.958631, 19.227402], [-98.95854, 19.227716], [-98.958842, 19.227904], [-98.957978, 19.227807], [-98.95916, 19.227979], [-98.958817, 19.228364], [-98.959169, 19.228656], [-98.959065, 19.228907]], [[-98.957522, 19.227201], [-98.95756, 19.227212], [-98.957455, 19.227171], [-98.957522, 19.227201]]], [[[-98.971822, 19.227132], [-98.97243, 19.227417], [-98.972193, 19.227978], [-98.971529, 19.227649], [-98.971822, 19.227132]]], [[[-98.961344, 19.228793], [-98.961666, 19.228792], [-98.961565, 19.229008], [-98.961792, 19.228666], [-98.962421, 19.228821], [-98.961935, 19.229094], [-98.96223, 19.229414], [-98.961898, 19.229454], [-98.961911, 19.229874], [-98.961642, 19.229781], [-98.961717, 19.229533], [-98.96162, 19.229745], [-98.959071, 19.228946], [-98.959216, 19.228737], [-98.9592, 19.228635], [-98.958879, 19.228354], [-98.959062, 19.228253], [-98.959849, 19.227168], [-98.959713, 19.226966], [-98.959399, 19.226836], [-98.959088, 19.226945], [-98.957958, 19.226609], [-98.957092, 19.226058], [-98.956769, 19.226014], [-98.957112, 19.225695], [-98.957015, 19.225921], [-98.957288, 19.225837], [-98.957452, 19.226225], [-98.957542, 19.2259], [-98.957304, 19.225589], [-98.958173, 19.225762], [-98.958601, 19.225455], [-98.958588, 19.225717], [-98.958873, 19.225796], [-98.958595, 19.226644], [-98.958737, 19.226245], [-98.958977, 19.226332], [-98.959176, 19.225716], [-98.958965, 19.225665], [-98.959015, 19.225472], [-98.959556, 19.225352], [-98.959808, 19.225532], [-98.95957, 19.225794], [-98.960016, 19.226019], [-98.960192, 19.226047], [-98.960242, 19.225612], [-98.960449, 19.225629], [-98.960335, 19.226122], [-98.959991, 19.226191], [-98.959789, 19.226793], [-98.961206, 19.227751], [-98.960654, 19.228439], [-98.960542, 19.22884], [-98.960773, 19.229042], [-98.960979, 19.228971], [-98.960797, 19.228423], [-98.961001, 19.228529], [-98.961186, 19.22822], [-98.961468, 19.228377], [-98.961344, 19.228793]], [[-98.959326, 19.228774], [-98.959238, 19.228997], [-98.959301, 19.228841], [-98.959326, 19.228774]], [[-98.959437, 19.225769], [-98.959445, 19.225739], [-98.959433, 19.225779], [-98.959437, 19.225769]]], [[[-98.97067, 19.229228], [-98.970808, 19.228915], [-98.970888, 19.22852], [-98.970878, 19.228479], [-98.97155, 19.228738], [-98.970625, 19.228348], [-98.968434, 19.227628], [-98.968368, 19.227816], [-98.967665, 19.227464], [-98.967721, 19.227207], [-98.967392, 19.227058], [-98.967613, 19.226561], [-98.968531, 19.227152], [-98.968265, 19.227351], [-98.969268, 19.227441], [-98.969136, 19.22712], [-98.96942, 19.22683], [-98.96919, 19.226728], [-98.969806, 19.226234], [-98.971155, 19.227571], [-98.97235, 19.228331], [-98.972431, 19.228519], [-98.971841, 19.229822], [-98.971819, 19.230161], [-98.971366, 19.230036], [-98.972396, 19.230447], [-98.972178, 19.23103], [-98.97219, 19.231088], [-98.972578, 19.231249], [-98.972167, 19.232124], [-98.972547, 19.232267], [-98.972355, 19.232383], [-98.971462, 19.232072], [-98.971539, 19.231848], [-98.971821, 19.231945], [-98.971946, 19.231964], [-98.971545, 19.231824], [-98.971913, 19.230801], [-98.971158, 19.230399], [-98.971207, 19.230248], [-98.970669, 19.229487], [-98.97067, 19.229228]], [[-98.971682, 19.230456], [-98.971701, 19.230463], [-98.971716, 19.230468], [-98.971682, 19.230456]], [[-98.972412, 19.231313], [-98.972419, 19.231255], [-98.972018, 19.232099], [-98.972412, 19.231313]]], [[[-98.965463, 19.229147], [-98.965674, 19.229197], [-98.965852, 19.228872], [-98.966132, 19.228924], [-98.965882, 19.229213], [-98.966448, 19.229222], [-98.966112, 19.229607], [-98.966392, 19.229457], [-98.966327, 19.22983], [-98.966118, 19.229786], [-98.966427, 19.230205], [-98.966294, 19.230901], [-98.966122, 19.230864], [-98.966082, 19.231138], [-98.965396, 19.230933], [-98.965488, 19.23007], [-98.965928, 19.229789], [-98.965405, 19.22969], [-98.965469, 19.229313], [-98.964464, 19.228952], [-98.964753, 19.228876], [-98.964952, 19.228251], [-98.965142, 19.228678], [-98.965578, 19.228706], [-98.965463, 19.229147]]], [[[-98.962577, 19.22987], [-98.963153, 19.229825], [-98.963366, 19.229306], [-98.963762, 19.229612], [-98.963622, 19.23019], [-98.964037, 19.230288], [-98.964272, 19.229667], [-98.964551, 19.229731], [-98.964561, 19.230206], [-98.964837, 19.230241], [-98.964759, 19.229484], [-98.965118, 19.229577], [-98.964959, 19.230463], [-98.965123, 19.230849], [-98.962526, 19.230044], [-98.962577, 19.22987]], [[-98.964414, 19.230378], [-98.964396, 19.230376], [-98.964414, 19.23038], [-98.964414, 19.230378]], [[-98.964593, 19.230413], [-98.964591, 19.230335], [-98.964591, 19.230355], [-98.964593, 19.230413]]], [[[-98.969943, 19.23112], [-98.970139, 19.231181], [-98.970183, 19.23118], [-98.970301, 19.230793], [-98.970263, 19.231154], [-98.97114, 19.231264], [-98.970754, 19.231128], [-98.971094, 19.23038], [-98.971599, 19.230673], [-98.971271, 19.231503], [-98.971087, 19.231419], [-98.970644, 19.231269], [-98.970619, 19.231324], [-98.971525, 19.231843], [-98.971179, 19.232745], [-98.967393, 19.231573], [-98.967513, 19.230957], [-98.96701, 19.230822], [-98.967504, 19.230977], [-98.96716, 19.231505], [-98.966652, 19.231329], [-98.966703, 19.231024], [-98.966621, 19.231311], [-98.966151, 19.231191], [-98.96667, 19.230329], [-98.968089, 19.230534], [-98.967966, 19.23138], [-98.968217, 19.230087], [-98.968091, 19.230444], [-98.966884, 19.230353], [-98.966682, 19.230295], [-98.966505, 19.229674], [-98.966596, 19.229265], [-98.966842, 19.229328], [-98.966813, 19.229568], [-98.967078, 19.229191], [-98.967977, 19.229597], [-98.968033, 19.22925], [-98.967528, 19.229027], [-98.967469, 19.228736], [-98.967192, 19.229029], [-98.967189, 19.228734], [-98.966861, 19.228709], [-98.966849, 19.228531], [-98.96756, 19.228314], [-98.967562, 19.228756], [-98.967769, 19.228901], [-98.968407, 19.229041], [-98.96788, 19.228799], [-98.96808, 19.228635], [-98.968943, 19.228998], [-98.968697, 19.230031], [-98.968738, 19.230043], [-98.96906, 19.228424], [-98.968623, 19.228141], [-98.968498, 19.228403], [-98.968225, 19.228172], [-98.968514, 19.227693], [-98.968988, 19.227841], [-98.969092, 19.227882], [-98.969209, 19.227929], [-98.969568, 19.22811], [-98.969773, 19.228182], [-98.970863, 19.228472], [-98.970554, 19.229613], [-98.97072, 19.229651], [-98.970404, 19.230363], [-98.97018, 19.230278], [-98.97024, 19.230766], [-98.970116, 19.230761], [-98.970021, 19.230824], [-98.970012, 19.230856], [-98.970177, 19.230813], [-98.970097, 19.231057], [-98.970276, 19.23077], [-98.970162, 19.231176], [-98.969943, 19.231098], [-98.969943, 19.23112]], [[-98.969081, 19.227891], [-98.969085, 19.227893], [-98.969092, 19.227882], [-98.969081, 19.227891]], [[-98.968617, 19.230996], [-98.968446, 19.231474], [-98.968489, 19.231484], [-98.968617, 19.230996]], [[-98.968476, 19.231531], [-98.968484, 19.231503], [-98.968489, 19.231484], [-98.968476, 19.231531]], [[-98.968632, 19.230802], [-98.968521, 19.230774], [-98.968517, 19.230775], [-98.968632, 19.230802]], [[-98.96935, 19.230409], [-98.969309, 19.230399], [-98.969333, 19.230405], [-98.96935, 19.230409]]], [[[-98.970404, 19.230363], [-98.97072, 19.229651], [-98.971068, 19.230368], [-98.970716, 19.231126], [-98.970314, 19.231003], [-98.970353, 19.230374], [-98.970404, 19.230363]]], [[[-98.971611, 19.230685], [-98.97143, 19.231593], [-98.971292, 19.231513], [-98.97153, 19.230849], [-98.971611, 19.230685]]], [[[-98.971744, 19.230756], [-98.97188, 19.230813], [-98.971595, 19.231656], [-98.971498, 19.231388], [-98.971744, 19.230756]]], [[[-98.971221, 19.232761], [-98.971296, 19.232553], [-98.972097, 19.232792], [-98.971306, 19.232518], [-98.971445, 19.232095], [-98.972429, 19.232411], [-98.972184, 19.233063], [-98.971221, 19.232761]]]]}}]}