{"type": "FeatureCollection", "generado": "2026-08-22", "umbral_ha": 0.5, "suma_individual_ha": 25968.1, "union_ha": 25667.63, "doble_conteo_ha": 300.47, "nota": "Intersecciones geométricas calculadas con Shapely. De Zona Patrimonio solo se considera el polígono de Patrimonio Mundial (UNESCO). Umbral 0.5 ha para excluir roces de digitalización.", "features": [{"type": "Feature", "properties": {"cruce": "Inventario × Inventario", "a": "Anzaldo", "a_sub": "AVA · Barranca", "b": "Lomas de Padierna", "b_sub": "ANP · Federal", "ha": 14.25, "pct_a": 88.0, "pct_b": 1.2}, "geometry": {"type": "MultiPolygon", "coordinates": [[[[-99.236367, 19.315147], [-99.236777, 19.315197], [-99.236922, 19.315086], [-99.237074, 19.315155], [-99.237193, 19.315095], [-99.237367, 19.314862], [-99.237656, 19.31479], [-99.237747, 19.314713], [-99.237792, 19.31459], [-99.238327, 19.314319], [-99.23854, 19.314057], [-99.238865, 19.313868], [-99.23903, 19.313516], [-99.239306, 19.313338], [-99.239477, 19.313114], [-99.23978, 19.313075], [-99.240015, 19.312727], [-99.24039, 19.312619], [-99.240595, 19.31245], [-99.240556, 19.312392], [-99.240739, 19.312168], [-99.241006, 19.311631], [-99.240991, 19.311492], [-99.240861, 19.311317], [-99.240916, 19.311147], [-99.240892, 19.311096], [-99.241213, 19.31077], [-99.241202, 19.310621], [-99.241263, 19.310652], [-99.24141, 19.310553], [-99.241697, 19.310493], [-99.241906, 19.31039], [-99.242183, 19.310355], [-99.242402, 19.310208], [-99.242644, 19.310122], [-99.242778, 19.310161], [-99.242931, 19.310107], [-99.243211, 19.309944], [-99.243199, 19.309802], [-99.24332, 19.309642], [-99.243462, 19.309567], [-99.243961, 19.309458], [-99.24425, 19.309554], [-99.244399, 19.309521], [-99.244416, 19.309557], [-99.244858, 19.30934], [-99.244836, 19.309306], [-99.244959, 19.309215], [-99.24511, 19.30918], [-99.245204, 19.309193], [-99.245303, 19.309302], [-99.24538, 19.309281], [-99.24547, 19.309202], [-99.245592, 19.308958], [-99.245765, 19.308869], [-99.245729, 19.308657], [-99.246048, 19.308479], [-99.245935, 19.308063], [-99.246111, 19.307814], [-99.246272, 19.307714], [-99.246294, 19.307577], [-99.24648, 19.307408], [-99.246745, 19.307399], [-99.24689, 19.307342], [-99.24695, 19.307415], [-99.247225, 19.307306], [-99.247465, 19.306866], [-99.247769, 19.306626], [-99.248111, 19.306833], [-99.24819, 19.306807], [-99.248155, 19.30665], [-99.248268, 19.306448], [-99.248441, 19.306347], [-99.248521, 19.3062], [-99.248665, 19.306074], [-99.248636, 19.30604], [-99.248881, 19.305886], [-99.248907, 19.305929], [-99.249076, 19.305861], [-99.249548, 19.305873], [-99.249596, 19.306006], [-99.249783, 19.306064], [-99.249912, 19.306003], [-99.249891, 19.305945], [-99.250025, 19.305841], [-99.250243, 19.305797], [-99.250329, 19.305873], [-99.250496, 19.305832], [-99.250853, 19.305886], [-99.251115, 19.305818], [-99.251154, 19.305749], [-99.251245, 19.305793], [-99.25122, 19.305875], [-99.251298, 19.305961], [-99.251505, 19.305958], [-99.251686, 19.305702], [-99.25173, 19.305732], [-99.252088, 19.305567], [-99.25232, 19.305399], [-99.252483, 19.305493], [-99.252562, 19.30546], [-99.252764, 19.305552], [-99.253049, 19.305374], [-99.253261, 19.305388], [-99.253524, 19.305527], [-99.254096, 19.305492], [-99.25429, 19.305619], [-99.254352, 19.305587], [-99.25436, 19.305491], [-99.254581, 19.305492], [-99.255058, 19.305685], [-99.255328, 19.305548], [-99.255459, 19.305336], [-99.255938, 19.30522], [-99.25665399316468, 19.30515232393375], [-99.25685890543005, 19.305397157863037], [-99.256374, 19.305402], [-99.255914, 19.30556], [-99.255563, 19.305601], [-99.25556, 19.305543], [-99.255494, 19.305545], [-99.255409, 19.305643], [-99.255458, 19.305746], [-99.255867, 19.306108], [-99.256232, 19.306277], [-99.256462, 19.306313], [-99.256531, 19.30642], [-99.256656, 19.306473], [-99.257279, 19.306415], [-99.257437, 19.306454], [-99.25763368188214, 19.306322878745238], [-99.25781359484465, 19.306537842927394], [-99.257671, 19.306645], [-99.257301, 19.30668], [-99.257341, 19.306615], [-99.25675, 19.30665], [-99.256502, 19.306618], [-99.256374, 19.306483], [-99.256114, 19.306494], [-99.255823, 19.306303], [-99.255761, 19.306344], [-99.25527, 19.30599], [-99.254255, 19.305878], [-99.254169, 19.305856], [-99.25418, 19.305791], [-99.254096, 19.305727], [-99.253261, 19.305564], [-99.252882, 19.305713], [-99.252855, 19.305772], [-99.252596, 19.305788], [-99.252341, 19.305706], [-99.252341, 19.305572], [-99.252289, 19.305527], [-99.251911, 19.305725], [-99.251733, 19.30575], [-99.251469, 19.30605], [-99.251383, 19.306075], [-99.25121, 19.305997], [-99.251183, 19.305908], [-99.251096, 19.305884], [-99.250671, 19.305958], [-99.250657, 19.305907], [-99.250499, 19.305886], [-99.250226, 19.30597], [-99.2501, 19.305911], [-99.249967, 19.305986], [-99.249997, 19.306033], [-99.249745, 19.306136], [-99.249455, 19.306018], [-99.249043, 19.306033], [-99.24904, 19.305998], [-99.248727, 19.306126], [-99.248716, 19.30618], [-99.24841, 19.306429], [-99.248418, 19.306519], [-99.248269, 19.306621], [-99.248454, 19.306755], [-99.249027, 19.306692], [-99.249207, 19.306714], [-99.249726, 19.306955], [-99.250128, 19.307032], [-99.250168, 19.307138], [-99.250223, 19.307095], [-99.250405, 19.307204], [-99.250379, 19.307303], [-99.250886, 19.307397], [-99.250897, 19.307363], [-99.251203, 19.307403], [-99.25168, 19.307545], [-99.251836, 19.30767], [-99.251822, 19.307714], [-99.25192, 19.30773], [-99.252053, 19.307633], [-99.252444, 19.307662], [-99.252842, 19.307325], [-99.254161, 19.307378], [-99.254645, 19.307454], [-99.255003, 19.307413], [-99.256003, 19.307447], [-99.256296, 19.307418], [-99.25673, 19.307712], [-99.257036, 19.307745], [-99.257331, 19.307608], [-99.257248, 19.307843], [-99.257634, 19.307949], [-99.257649, 19.307906], [-99.257818, 19.308026], [-99.258224, 19.308131], [-99.258416, 19.308049], [-99.258755, 19.308074], [-99.258947, 19.308136], [-99.25935079106117, 19.308374520634665], [-99.25949741063882, 19.308549705108078], [-99.259289, 19.308485], [-99.259257, 19.308547], [-99.25957, 19.30879], [-99.259352, 19.308961], [-99.259104, 19.308427], [-99.25888, 19.308183], [-99.258438, 19.30814], [-99.258185, 19.308269], [-99.258465, 19.308691], [-99.25849, 19.308829], [-99.258746, 19.309178], [-99.258936, 19.309314], [-99.258794, 19.309327], [-99.258519, 19.309088], [-99.258344, 19.308732], [-99.258136, 19.308505], [-99.258122, 19.308273], [-99.258053, 19.308212], [-99.257801, 19.308183], [-99.25754, 19.308034], [-99.257186, 19.307928], [-99.256829, 19.307947], [-99.256451, 19.307773], [-99.25633, 19.307616], [-99.255604, 19.307535], [-99.254907, 19.307573], [-99.25473, 19.307526], [-99.252787, 19.307451], [-99.25236, 19.307773], [-99.252658, 19.307899], [-99.253159, 19.307803], [-99.253137, 19.307853], [-99.252817, 19.307973], [-99.252523, 19.307965], [-99.252267, 19.307773], [-99.252061, 19.307711], [-99.252, 19.307825], [-99.251829, 19.307801], [-99.251249, 19.307555], [-99.251233, 19.307495], [-99.250251, 19.307407], [-99.250079, 19.307229], [-99.250081, 19.307172], [-99.249576, 19.307095], [-99.249083, 19.306819], [-99.24897, 19.306886], [-99.248455, 19.306856], [-99.248262, 19.307016], [-99.247924, 19.306899], [-99.247742, 19.306948], [-99.247643, 19.306913], [-99.24749, 19.307184], [-99.247054, 19.307481], [-99.246996, 19.307582], [-99.246808, 19.307622], [-99.246785, 19.307754], [-99.246442, 19.308206], [-99.246555, 19.308283], [-99.246379, 19.308548], [-99.246348, 19.308707], [-99.24607, 19.308612], [-99.245908, 19.309136], [-99.245682, 19.309553], [-99.245338, 19.309346], [-99.245001, 19.30955], [-99.244669, 19.309621], [-99.244534, 19.309771], [-99.244329, 19.309858], [-99.244206, 19.309834], [-99.243973, 19.309641], [-99.243746, 19.309682], [-99.243603, 19.309757], [-99.24328, 19.31017], [-99.24319, 19.310214], [-99.242458, 19.310328], [-99.242336, 19.310423], [-99.242366, 19.31046], [-99.241399, 19.310694], [-99.241374, 19.310925], [-99.241033, 19.311201], [-99.241279, 19.311581], [-99.241199, 19.312046], [-99.24106, 19.311997], [-99.24062, 19.312735], [-99.240414, 19.312903], [-99.240238, 19.31289], [-99.240076, 19.312936], [-99.239912, 19.313234], [-99.239628, 19.313278], [-99.239248, 19.313598], [-99.239116, 19.313961], [-99.239008, 19.314092], [-99.238864, 19.314187], [-99.23881, 19.31415], [-99.238637, 19.314269], [-99.238395, 19.314545], [-99.23798, 19.314669], [-99.237703, 19.314947], [-99.237386, 19.315011], [-99.237349, 19.315186], [-99.237229, 19.315313], [-99.237032, 19.315308], [-99.237045, 19.315345], [-99.236841, 19.315427], [-99.23653, 19.315466], [-99.236289, 19.315424], [-99.236236, 19.315565], [-99.23561, 19.315849], [-99.235086, 19.315975], [-99.234984, 19.315906], [-99.235573, 19.315629], [-99.236367, 19.315147]]], [[[-99.256279, 19.312941], [-99.256205, 19.312926], [-99.256214, 19.312765], [-99.255824, 19.312651], [-99.256111, 19.312612], [-99.256092, 19.31249], [-99.255973, 19.312222], [-99.255857, 19.312116], [-99.255692, 19.31207], [-99.255619, 19.311884], [-99.255694, 19.31178], [-99.255625, 19.311404], [-99.255469, 19.311288], [-99.255471, 19.311211], [-99.255558, 19.311106], [-99.25549, 19.311023], [-99.255381, 19.3112], [-99.255199, 19.31112], [-99.255221, 19.311048], [-99.255334, 19.311034], [-99.255359, 19.310662], [-99.255501, 19.3107], [-99.255508, 19.310611], [-99.255369, 19.31055], [-99.255383, 19.310483], [-99.255442, 19.310483], [-99.255449, 19.310362], [-99.255277, 19.310238], [-99.255277, 19.310083], [-99.255144, 19.30974], [-99.255293, 19.309731], [-99.255257, 19.309605], [-99.25529, 19.309579], [-99.255153, 19.309329], [-99.255157, 19.308897], [-99.255106, 19.308729], [-99.255222, 19.308656], [-99.255229, 19.308449], [-99.254831, 19.308443], [-99.25457, 19.308367], [-99.254671, 19.308619], [-99.254942, 19.308963], [-99.255077, 19.309475], [-99.255062, 19.309549], [-99.25498, 19.3096], [-99.255043, 19.309894], [-99.254909, 19.309593], [-99.254715, 19.309466], [-99.254528, 19.309181], [-99.254529, 19.308787], [-99.254315, 19.308382], [-99.254209, 19.308361], [-99.25416, 19.308254], [-99.254084, 19.308211], [-99.254176, 19.308157], [-99.254331, 19.308195], [-99.254298, 19.30796], [-99.254391, 19.308109], [-99.254427, 19.30808], [-99.254747, 19.308271], [-99.254891, 19.308307], [-99.255087, 19.308303], [-99.255085, 19.308266], [-99.255263, 19.308327], [-99.25584, 19.30872], [-99.256123, 19.30864], [-99.256751, 19.308785], [-99.25697, 19.30889], [-99.257067, 19.309022], [-99.256188, 19.308971], [-99.256182, 19.309124], [-99.256766, 19.309339], [-99.256764, 19.309468], [-99.257553, 19.310207], [-99.257731, 19.310282], [-99.257757, 19.310253], [-99.25811, 19.310681], [-99.258525, 19.310615], [-99.258412, 19.310663], [-99.258529, 19.310769], [-99.258423, 19.310829], [-99.258447, 19.311093], [-99.258535, 19.31119], [-99.258461, 19.311213], [-99.258642, 19.311686], [-99.258806, 19.311697], [-99.258969, 19.311798], [-99.259138, 19.311806], [-99.259132, 19.311752], [-99.259232, 19.311745], [-99.259228, 19.311695], [-99.259408, 19.311709], [-99.259472, 19.311658], [-99.25963, 19.311837], [-99.259392, 19.311826], [-99.259391, 19.312025], [-99.259273, 19.31221], [-99.2588, 19.312067], [-99.258236, 19.311538], [-99.257983, 19.311016], [-99.257882, 19.310635], [-99.257736, 19.310387], [-99.257464, 19.310231], [-99.257147, 19.310329], [-99.257104, 19.310129], [-99.257199, 19.310062], [-99.25658, 19.309523], [-99.256552, 19.309551], [-99.256424, 19.309509], [-99.256114, 19.309664], [-99.255931, 19.309372], [-99.2557, 19.309364], [-99.25559, 19.309256], [-99.255621, 19.309125], [-99.255744, 19.309018], [-99.255738, 19.308977], [-99.255594, 19.308854], [-99.255591, 19.308789], [-99.25548, 19.308778], [-99.2554, 19.308704], [-99.255341, 19.308767], [-99.255332, 19.308946], [-99.255401, 19.30913], [-99.255434, 19.309536], [-99.255636, 19.30982], [-99.255724, 19.309769], [-99.255723, 19.310004], [-99.255657, 19.310028], [-99.255745, 19.310228], [-99.255722, 19.310298], [-99.255888, 19.310933], [-99.256093, 19.31121], [-99.255978, 19.311498], [-99.256065, 19.312249], [-99.256231, 19.31253], [-99.256327, 19.312586], [-99.256447, 19.312374], [-99.256566, 19.312663], [-99.256576, 19.312829], [-99.256622, 19.312849], [-99.256607, 19.313106], [-99.256346, 19.313057], [-99.256279, 19.312941]]]]}}, {"type": "Feature", "properties": {"cruce": "Inventario × Inventario", "a": "Coyotera", "a_sub": "AVA · Barranca", "b": "Lomas de Padierna", "b_sub": "ANP · Federal", "ha": 9.94, "pct_a": 93.2, "pct_b": 0.9}, "geometry": {"type": "MultiPolygon", "coordinates": [[[[-99.230511, 19.328034], [-99.230937, 19.327792], [-99.231132, 19.32762], [-99.231523, 19.327211], [-99.23148, 19.327111], [-99.23183, 19.326994], [-99.231947, 19.327109], [-99.232159, 19.326964], [-99.232224, 19.326793], [-99.232567, 19.32643], [-99.232618, 19.326552], [-99.232381, 19.326682], [-99.232184, 19.326966], [-99.230818, 19.328038], [-99.230435, 19.32821], [-99.22996264734039, 19.328219950427773], [-99.22990181984768, 19.328130377755443], [-99.230511, 19.328034]]], [[[-99.233191, 19.326216], [-99.233295, 19.325834], [-99.233514, 19.325567], [-99.233534, 19.325281], [-99.233698, 19.325045], [-99.233975, 19.325022], [-99.234182, 19.324949], [-99.234608, 19.324689], [-99.234765, 19.32443], [-99.234889, 19.324328], [-99.235195, 19.324191], [-99.235329, 19.324201], [-99.235548, 19.323987], [-99.235938, 19.323856], [-99.236175, 19.32369], [-99.236285, 19.323436], [-99.236445, 19.32326], [-99.236524, 19.322692], [-99.236648, 19.322352], [-99.23653, 19.322296], [-99.236597, 19.322221], [-99.236733, 19.322335], [-99.236781, 19.322472], [-99.236611, 19.322786], [-99.236556, 19.32312], [-99.236586, 19.323249], [-99.236404, 19.323479], [-99.236362, 19.323667], [-99.236235, 19.323767], [-99.236257, 19.323793], [-99.235988, 19.324007], [-99.234982, 19.324426], [-99.234798, 19.324611], [-99.23478, 19.324582], [-99.234545, 19.324881], [-99.234046, 19.325126], [-99.234221, 19.325366], [-99.233807, 19.325675], [-99.233644, 19.325476], [-99.233381, 19.325891], [-99.233307, 19.326262], [-99.233348, 19.326314], [-99.233191, 19.326373], [-99.23273, 19.326308], [-99.232718, 19.326419], [-99.232665, 19.326452], [-99.232629, 19.326256], [-99.233191, 19.326216]]], [[[-99.239758, 19.318116], [-99.239837, 19.318063], [-99.239995, 19.318252], [-99.240184, 19.318054], [-99.24035, 19.317956], [-99.240558, 19.317995], [-99.240852, 19.317815], [-99.240998, 19.317827], [-99.241127, 19.317728], [-99.241283, 19.317404], [-99.241428, 19.316656], [-99.24149, 19.316611], [-99.241579, 19.316277], [-99.241792, 19.316054], [-99.241853, 19.316139], [-99.241911, 19.316088], [-99.242092, 19.315885], [-99.242077, 19.315847], [-99.242303, 19.315674], [-99.242272, 19.315583], [-99.242728, 19.315087], [-99.242793, 19.315207], [-99.242461, 19.315584], [-99.242345, 19.315816], [-99.242216, 19.31591], [-99.242031, 19.316171], [-99.241717, 19.316349], [-99.241752, 19.316393], [-99.24169, 19.316434], [-99.241742, 19.316501], [-99.241521, 19.31671], [-99.241543, 19.316901], [-99.241459, 19.316933], [-99.241328, 19.317465], [-99.24137, 19.317525], [-99.241256, 19.31767], [-99.241298, 19.317701], [-99.241241, 19.317705], [-99.241171, 19.317939], [-99.241054, 19.317982], [-99.240897, 19.317901], [-99.240706, 19.318103], [-99.240465, 19.318213], [-99.240436, 19.318171], [-99.240285, 19.318202], [-99.23969, 19.318608], [-99.239531, 19.31853], [-99.239643, 19.31845], [-99.239605, 19.318395], [-99.23976, 19.318279], [-99.239796, 19.318326], [-99.239869, 19.318268], [-99.239758, 19.318116]]], [[[-99.243632, 19.313912], [-99.243671, 19.313941], [-99.243642, 19.3141], [-99.243699, 19.314192], [-99.243506, 19.314367], [-99.243233, 19.314442], [-99.243219, 19.31438], [-99.243311, 19.314264], [-99.243462, 19.314194], [-99.243632, 19.313912]]], [[[-99.244527, 19.3133], [-99.244467, 19.313244], [-99.245063, 19.312777], [-99.245121, 19.312625], [-99.245164, 19.312692], [-99.245023, 19.312945], [-99.244884, 19.313012], [-99.244903, 19.313045], [-99.244843, 19.313092], [-99.244763, 19.313051], [-99.244556, 19.313252], [-99.244614, 19.313362], [-99.244138, 19.313635], [-99.244058, 19.31354], [-99.24422, 19.313428], [-99.24432, 19.313447], [-99.244527, 19.3133]]], [[[-99.244978, 19.313631], [-99.245658, 19.313417], [-99.245709, 19.313478], [-99.245281, 19.313674], [-99.244681, 19.313807], [-99.24465, 19.313758], [-99.244758, 19.313762], [-99.244978, 19.313631]]], [[[-99.246283, 19.314566], [-99.246069, 19.314672], [-99.245908, 19.314535], [-99.245863, 19.314429], [-99.246085, 19.314523], [-99.246283, 19.314566]]], [[[-99.254594, 19.316323], [-99.254259, 19.316274], [-99.254276, 19.316214], [-99.254001, 19.316253], [-99.254003, 19.316168], [-99.253412, 19.316151], [-99.25346, 19.316262], [-99.253194, 19.316183], [-99.253003, 19.316202], [-99.252401, 19.316385], [-99.25242, 19.316442], [-99.252166, 19.316481], [-99.251865, 19.316449], [-99.251629, 19.316338], [-99.251421, 19.316326], [-99.251336, 19.316242], [-99.250989, 19.316441], [-99.250872, 19.316445], [-99.250578, 19.316331], [-99.250342, 19.316366], [-99.250025, 19.316277], [-99.249877, 19.316311], [-99.24941, 19.316188], [-99.249027, 19.315936], [-99.248691, 19.315872], [-99.248494, 19.315599], [-99.248252, 19.315509], [-99.248141, 19.315329], [-99.247554, 19.315189], [-99.247086, 19.315206], [-99.246856, 19.31514], [-99.246797, 19.31506], [-99.246535, 19.315004], [-99.246289, 19.314763], [-99.246033, 19.314768], [-99.246378, 19.314598], [-99.246516, 19.314632], [-99.246514, 19.314774], [-99.24691, 19.314825], [-99.246903, 19.314873], [-99.247076, 19.314938], [-99.247133, 19.315054], [-99.247404, 19.3151], [-99.24757, 19.314986], [-99.247704, 19.315043], [-99.248331, 19.315108], [-99.248419, 19.315183], [-99.24843, 19.315292], [-99.248906, 19.315721], [-99.24935, 19.315841], [-99.249434, 19.31569], [-99.250229, 19.316028], [-99.25062, 19.316026], [-99.252106, 19.315647], [-99.253126, 19.31562], [-99.25312, 19.315863], [-99.253848, 19.316009], [-99.253906, 19.315973], [-99.254373, 19.316145], [-99.254959, 19.316233], [-99.255131, 19.316099], [-99.255281, 19.316203], [-99.25543, 19.31607], [-99.255361, 19.315992], [-99.2553, 19.316039], [-99.255324, 19.316078], [-99.255091, 19.31604], [-99.255019, 19.315946], [-99.254161, 19.315684], [-99.254096, 19.315473], [-99.254135, 19.315432], [-99.25424, 19.315468], [-99.254528, 19.315033], [-99.255312, 19.315742], [-99.255394, 19.315487], [-99.256163, 19.315497], [-99.256319, 19.315685], [-99.256112, 19.315838], [-99.256176, 19.315967], [-99.255756, 19.316235], [-99.255617, 19.316255], [-99.255607, 19.316363], [-99.255466, 19.316458], [-99.255268, 19.316427], [-99.255025, 19.316522], [-99.254564, 19.316357], [-99.254594, 19.316323]]], [[[-99.24707, 19.314032], [-99.247188, 19.314067], [-99.247168, 19.314134], [-99.246821, 19.313951], [-99.246744, 19.313878], [-99.246789, 19.313808], [-99.246844, 19.313829], [-99.247016, 19.313939], [-99.24707, 19.314032]]], [[[-99.248081, 19.314112], [-99.248077, 19.314145], [-99.248236, 19.314098], [-99.248174, 19.314294], [-99.247797, 19.3143], [-99.247802, 19.314205], [-99.247965, 19.314159], [-99.247968, 19.314126], [-99.248081, 19.314112]]], [[[-99.248504, 19.314411], [-99.248283, 19.314312], [-99.248347, 19.314151], [-99.248718, 19.314281], [-99.248667, 19.314314], [-99.248641, 19.314449], [-99.248711, 19.314453], [-99.24871, 19.314635], [-99.249147, 19.314555], [-99.249505, 19.314557], [-99.249505, 19.314609], [-99.249617, 19.314618], [-99.249747, 19.314571], [-99.249988, 19.314576], [-99.249996, 19.314527], [-99.250515, 19.314585], [-99.250792, 19.314537], [-99.250981, 19.314464], [-99.251251, 19.314252], [-99.251589, 19.31407], [-99.25163, 19.313974], [-99.25218, 19.313608], [-99.252541, 19.313707], [-99.252455, 19.313842], [-99.252762, 19.313945], [-99.253352, 19.314056], [-99.253613, 19.313998], [-99.253579, 19.314212], [-99.253361, 19.314174], [-99.253306, 19.314226], [-99.253057, 19.314133], [-99.252898, 19.314285], [-99.252459, 19.314149], [-99.252114, 19.314191], [-99.252025, 19.314289], [-99.251426, 19.314579], [-99.250727, 19.314763], [-99.249172, 19.314723], [-99.248759, 19.314768], [-99.248561, 19.314747], [-99.248512, 19.314597], [-99.248531, 19.314506], [-99.248504, 19.314411]]]]}}, {"type": "Feature", "properties": {"cruce": "Inventario × Inventario", "a": "Magdalena Eslava", "a_sub": "AVA · Barranca", "b": "Lomas de Padierna", "b_sub": "ANP · Federal", "ha": 15.99, "pct_a": 71.7, "pct_b": 1.4}, "geometry": {"type": "MultiPolygon", "coordinates": [[[[-99.220493, 19.315388], [-99.220399, 19.315515], [-99.220209, 19.315591], [-99.219974, 19.315822], [-99.2197430448, 19.315953327466666], [-99.2204853076466, 19.315343702654516], [-99.220493, 19.315388]]], [[[-99.219694, 19.316546], [-99.2194791368783, 19.316948503766415], [-99.219553, 19.316281], [-99.21963052946907, 19.31611654355046], [-99.219694, 19.316546]]], [[[-99.219546, 19.317341], [-99.219641, 19.317483], [-99.219626, 19.317692], [-99.219669, 19.317845], [-99.219671, 19.318063], [-99.21955, 19.318524], [-99.220466, 19.318703], [-99.220474, 19.318884], [-99.220582, 19.318958], [-99.221274, 19.31901], [-99.221249, 19.319474], [-99.221156, 19.319825], [-99.221, 19.319813], [-99.220694, 19.320178], [-99.220551, 19.320239], [-99.220499, 19.320538], [-99.220526, 19.320726], [-99.220241, 19.320918], [-99.21974846913673, 19.320624952963072], [-99.219805, 19.320275], [-99.22029, 19.319723], [-99.220175, 19.319326], [-99.219603, 19.318685], [-99.219364, 19.317989], [-99.21947608377522, 19.316976094772087], [-99.219546, 19.317341]]], [[[-99.222322, 19.313601], [-99.222502, 19.31334], [-99.222776, 19.313179], [-99.222985, 19.313165], [-99.223265, 19.312885], [-99.223523, 19.312761], [-99.223934, 19.312741], [-99.223942, 19.312781], [-99.224076, 19.312782], [-99.224228, 19.312555], [-99.224646, 19.312388], [-99.224969, 19.312164], [-99.224883, 19.311452], [-99.224758, 19.311117], [-99.22483, 19.311031], [-99.224679, 19.31077], [-99.224772, 19.310256], [-99.224854, 19.310068], [-99.225098, 19.309687], [-99.225756, 19.309184], [-99.226927, 19.308436], [-99.227704, 19.307798], [-99.22746713640024, 19.307240618592626], [-99.227603, 19.307236], [-99.22770374117265, 19.30669278779458], [-99.22819907875257, 19.306484280797065], [-99.22822, 19.30652], [-99.2284839884393, 19.306400189862167], [-99.228716, 19.306339], [-99.229023, 19.306317], [-99.229251, 19.306382], [-99.229489, 19.306274], [-99.229753, 19.305985], [-99.229853, 19.305798], [-99.230723, 19.305495], [-99.231265, 19.305124], [-99.23166881141702, 19.30494088742426], [-99.231788, 19.304943], [-99.231919, 19.304892], [-99.232654, 19.304499], [-99.232853, 19.304318], [-99.233024, 19.303974], [-99.232995, 19.303559], [-99.233052, 19.303351], [-99.23334084936117, 19.303182556257727], [-99.23490330313031, 19.302981150858006], [-99.235718, 19.303006], [-99.23571, 19.303036], [-99.236076, 19.303082], [-99.236059, 19.303197], [-99.236364, 19.303263], [-99.236627, 19.303168], [-99.236984, 19.303196], [-99.237175, 19.303392], [-99.237269, 19.303285], [-99.237035, 19.302651], [-99.237037, 19.301945], [-99.23685, 19.301721], [-99.236232, 19.301403], [-99.236163, 19.301542], [-99.235978, 19.301513], [-99.235547, 19.301324], [-99.235565, 19.301293], [-99.235197, 19.301223], [-99.234466, 19.300871], [-99.23415, 19.300828], [-99.234145, 19.300682], [-99.234031, 19.300514], [-99.23409, 19.300313], [-99.233996, 19.300206], [-99.23379484501797, 19.30015425782254], [-99.2335138677686, 19.29996189360959], [-99.234002, 19.300112], [-99.23412, 19.300314], [-99.234108, 19.300501], [-99.23422, 19.300682], [-99.234843, 19.300893], [-99.235038, 19.300675], [-99.235602, 19.300241], [-99.235739, 19.30008], [-99.236192, 19.299919], [-99.236286, 19.30013], [-99.235309, 19.300576], [-99.234901, 19.300911], [-99.235278, 19.301019], [-99.235449, 19.300949], [-99.235477, 19.300798], [-99.235957, 19.30097], [-99.236169, 19.301173], [-99.236858, 19.3015], [-99.237112, 19.301692], [-99.23719, 19.30141], [-99.23756, 19.301522], [-99.237364, 19.302091], [-99.237206, 19.302043], [-99.23718, 19.302407], [-99.23747, 19.303473], [-99.237715, 19.303594], [-99.237933, 19.303568], [-99.238033, 19.303388], [-99.238121, 19.303327], [-99.238539, 19.303222], [-99.238707, 19.303295], [-99.23874, 19.303426], [-99.238929, 19.303661], [-99.239531, 19.30364], [-99.239684, 19.302858], [-99.239791, 19.302748], [-99.240362, 19.302765], [-99.240412, 19.3027], [-99.240628, 19.302611], [-99.240612, 19.302521], [-99.241151, 19.302512], [-99.241571, 19.30232], [-99.241534, 19.302267], [-99.24164, 19.302045], [-99.242137, 19.302036], [-99.242388, 19.302126], [-99.242624, 19.30231], [-99.242778, 19.302338], [-99.243187, 19.302105], [-99.243282, 19.302093], [-99.243255, 19.301681], [-99.244482, 19.301495], [-99.244658, 19.301334], [-99.244834, 19.301033], [-99.245142, 19.300807], [-99.245543, 19.300823], [-99.245641, 19.300887], [-99.245961, 19.301311], [-99.246052, 19.301353], [-99.24622, 19.30134], [-99.246505, 19.301227], [-99.247324, 19.301187], [-99.247401, 19.301125], [-99.247385, 19.300841], [-99.247511, 19.300613], [-99.24782, 19.300581], [-99.24831, 19.300357], [-99.248866, 19.300346], [-99.249234, 19.300285], [-99.250011, 19.299879], [-99.249527, 19.30021], [-99.249228, 19.300349], [-99.248329, 19.300377], [-99.247819, 19.300605], [-99.247573, 19.300619], [-99.247461, 19.300765], [-99.247482, 19.301127], [-99.247429, 19.301247], [-99.247047, 19.301272], [-99.247057, 19.301307], [-99.246782, 19.301408], [-99.246388, 19.301511], [-99.246326, 19.301386], [-99.246066, 19.301444], [-99.24581, 19.30132], [-99.245704, 19.301074], [-99.245425, 19.300899], [-99.245178, 19.300891], [-99.244905, 19.301057], [-99.244696, 19.301468], [-99.244578, 19.301603], [-99.244198, 19.301637], [-99.243883, 19.301815], [-99.243682, 19.302086], [-99.24354, 19.302131], [-99.24329, 19.302122], [-99.242988, 19.302287], [-99.243009, 19.302383], [-99.242768, 19.302464], [-99.242578, 19.302454], [-99.242448, 19.302327], [-99.241885, 19.302118], [-99.241568, 19.302488], [-99.241419, 19.302445], [-99.241276, 19.302558], [-99.241083, 19.302628], [-99.240721, 19.302637], [-99.240449, 19.302774], [-99.239879, 19.302826], [-99.239879, 19.303037], [-99.239785, 19.303361], [-99.239576, 19.303688], [-99.238863, 19.303676], [-99.238579, 19.303365], [-99.238053, 19.303472], [-99.237961, 19.303732], [-99.237685, 19.303749], [-99.237059, 19.303493], [-99.236948, 19.303337], [-99.236186, 19.303407], [-99.235445, 19.303174], [-99.235354, 19.303208], [-99.234745, 19.303151], [-99.234602, 19.303238], [-99.234164, 19.303217], [-99.234038, 19.303236], [-99.234036, 19.303282], [-99.23362, 19.303273], [-99.233581, 19.303238], [-99.233408, 19.303289], [-99.233406, 19.303339], [-99.233287, 19.303322], [-99.233163, 19.303412], [-99.233086, 19.304514], [-99.23247, 19.304734], [-99.232045, 19.305033], [-99.23208, 19.305114], [-99.231231, 19.305536], [-99.231249, 19.30557], [-99.230867, 19.305775], [-99.23072, 19.305713], [-99.230466, 19.305782], [-99.23047, 19.305896], [-99.230392, 19.305955], [-99.230269, 19.305872], [-99.230162, 19.305951], [-99.230099, 19.305917], [-99.229961, 19.306001], [-99.230004, 19.306089], [-99.229544, 19.306449], [-99.228972, 19.306582], [-99.228898, 19.306495], [-99.228484, 19.306633], [-99.227797, 19.307044], [-99.227806, 19.307368], [-99.227986, 19.307886], [-99.227818, 19.307936], [-99.227587, 19.308228], [-99.227417, 19.308324], [-99.22724, 19.308341], [-99.226981, 19.308606], [-99.225893, 19.309308], [-99.225211, 19.309864], [-99.225145, 19.310079], [-99.224991, 19.310253], [-99.224734, 19.310756], [-99.224933, 19.311044], [-99.224843, 19.311193], [-99.22496, 19.31139], [-99.224986, 19.311942], [-99.225053, 19.312008], [-99.225093, 19.311924], [-99.225165, 19.311918], [-99.225395, 19.311994], [-99.225588, 19.311862], [-99.225848, 19.311777], [-99.226291, 19.311297], [-99.226421, 19.311221], [-99.227394, 19.311266], [-99.227514, 19.311262], [-99.227667, 19.311185], [-99.228915, 19.311197], [-99.229222, 19.311006], [-99.229692, 19.31106], [-99.229952, 19.310877], [-99.230218, 19.310823], [-99.230228, 19.310775], [-99.230736, 19.310873], [-99.230913, 19.311054], [-99.231307, 19.311035], [-99.23138, 19.310837], [-99.231607, 19.310724], [-99.231887, 19.310481], [-99.232081, 19.310505], [-99.232189, 19.310431], [-99.2324, 19.310411], [-99.232788, 19.310478], [-99.233134, 19.310383], [-99.233121, 19.31045], [-99.232908, 19.310502], [-99.232455, 19.310467], [-99.232431, 19.310512], [-99.23203, 19.310622], [-99.231935, 19.310552], [-99.231824, 19.310731], [-99.231824, 19.310684], [-99.231741, 19.310687], [-99.231731, 19.310809], [-99.231555, 19.310908], [-99.231829, 19.310903], [-99.231779, 19.311009], [-99.231452, 19.311139], [-99.231436, 19.31119], [-99.231186, 19.311143], [-99.230805, 19.311217], [-99.230672, 19.311011], [-99.230571, 19.311001], [-99.229789, 19.311188], [-99.22966, 19.311178], [-99.229614, 19.311264], [-99.229467, 19.311132], [-99.229477, 19.31109], [-99.229265, 19.311065], [-99.228919, 19.311305], [-99.228796, 19.31134], [-99.227857, 19.311258], [-99.227658, 19.311264], [-99.227572, 19.311378], [-99.227362, 19.311406], [-99.227291, 19.311332], [-99.227137, 19.311316], [-99.226765, 19.311419], [-99.226714, 19.311338], [-99.226638, 19.311408], [-99.226573, 19.311351], [-99.22638, 19.311375], [-99.225843, 19.311824], [-99.225711, 19.311839], [-99.225398, 19.312016], [-99.225153, 19.311957], [-99.225093, 19.312211], [-99.224602, 19.31251], [-99.224398, 19.31253], [-99.224152, 19.312831], [-99.224074, 19.31287], [-99.22386, 19.312836], [-99.223481, 19.312883], [-99.223307, 19.312996], [-99.223056, 19.313279], [-99.222915, 19.313273], [-99.222848, 19.313336], [-99.222764, 19.313326], [-99.2227, 19.313393], [-99.222661, 19.313359], [-99.222425, 19.313471], [-99.222481, 19.313519], [-99.222432, 19.313635], [-99.22208694708594, 19.31384357676148], [-99.222119, 19.313811], [-99.22209938144138, 19.313761365046695], [-99.222322, 19.313601]]], [[[-99.232976, 19.296906], [-99.233077, 19.296704], [-99.2333237147512, 19.29648121600988], [-99.233537, 19.296391], [-99.23408, 19.296028], [-99.2345089000656, 19.29552589017256], [-99.234609, 19.29549], [-99.23458890721137, 19.295433185908042], [-99.23464509202157, 19.295378662750842], [-99.235077, 19.295184], [-99.23526080260024, 19.295065733572795], [-99.23570993805161, 19.295018516768934], [-99.23603, 19.295022], [-99.236107, 19.294875], [-99.23601294106079, 19.294788356495825], [-99.23604265109735, 19.29467055880698], [-99.236159, 19.294776], [-99.236297, 19.294799], [-99.23631, 19.29488], [-99.236127, 19.295092], [-99.235864, 19.29516], [-99.235601, 19.295045], [-99.235362, 19.295248], [-99.23518, 19.295283], [-99.235151, 19.295372], [-99.234807, 19.29561], [-99.234434, 19.295759], [-99.234388, 19.295853], [-99.234412, 19.295951], [-99.234348, 19.295982], [-99.234472, 19.296133], [-99.234353, 19.296208], [-99.23433, 19.296159], [-99.233786, 19.296281], [-99.233843, 19.296345], [-99.233651, 19.296413], [-99.233163, 19.29678], [-99.232968, 19.297181], [-99.232972, 19.297299], [-99.232692, 19.29748], [-99.232642, 19.29759], [-99.232634, 19.297669], [-99.232727, 19.29778], [-99.232695, 19.297999], [-99.232899, 19.298148], [-99.232941, 19.298312], [-99.232788, 19.299062], [-99.232824, 19.299422], [-99.232923, 19.299419], [-99.23286551959114, 19.299657030664395], [-99.232716, 19.299555], [-99.232588, 19.298453], [-99.232416, 19.297848], [-99.23250065587848, 19.297406239394654], [-99.232976, 19.296906]]], [[[-99.237139, 19.294161], [-99.2371361977549, 19.29408907570886], [-99.237522, 19.294199], [-99.237996, 19.294259], [-99.238123, 19.294328], [-99.238127, 19.294393], [-99.238216, 19.294412], [-99.238207, 19.294459], [-99.238495, 19.294526], [-99.239006, 19.294489], [-99.239076, 19.294437], [-99.239385, 19.294402], [-99.239847, 19.294201], [-99.239921, 19.294115], [-99.2400306494024, 19.29410281673307], [-99.240119, 19.294149], [-99.238931, 19.29464], [-99.238815, 19.294636], [-99.238594, 19.294758], [-99.238596, 19.294717], [-99.238511, 19.294697], [-99.238526, 19.29466], [-99.237815, 19.294517], [-99.237171, 19.294244], [-99.236421, 19.294217], [-99.23618053106671, 19.29433095203737], [-99.2363022075042, 19.294143100695276], [-99.237139, 19.294161]]], [[[-99.221999, 19.313981], [-99.221755, 19.314281], [-99.22153427963947, 19.314405276566628], [-99.22201982995199, 19.313911790804674], [-99.221999, 19.313981]]], [[[-99.221311, 19.314727], [-99.221134, 19.314964], [-99.2211178150228, 19.314824220651385], [-99.22137639024906, 19.314565746376083], [-99.221311, 19.314727]]], [[[-99.25012, 19.300015], [-99.250359, 19.300014], [-99.250535, 19.300188], [-99.250689, 19.300197], [-99.250818, 19.300396], [-99.250818, 19.30047], [-99.249515, 19.301794], [-99.249433, 19.301463], [-99.249315, 19.300471], [-99.25012, 19.300015]]]]}}, {"type": "Feature", "properties": {"cruce": "Inventario × Inventario", "a": "Texcalatlaco", "a_sub": "AVA · Barranca", "b": "Lomas de Padierna", "b_sub": "ANP · Federal", "ha": 6.37, "pct_a": 32.4, "pct_b": 0.5}, "geometry": {"type": "MultiPolygon", "coordinates": [[[[-99.231918, 19.328794], [-99.231884, 19.328752], [-99.232019, 19.32854], [-99.232115, 19.32849], [-99.231987, 19.328674], [-99.232018, 19.328717], [-99.231929, 19.328804], [-99.231961, 19.328852], [-99.231674, 19.329023], [-99.231597, 19.328988], [-99.231556, 19.329104], [-99.231474, 19.329001], [-99.231592, 19.328919], [-99.231633, 19.328972], [-99.231918, 19.328794]]], [[[-99.232583, 19.327994], [-99.23268, 19.327972], [-99.232721, 19.327869], [-99.23271407540983, 19.328045114754094], [-99.232494, 19.328129], [-99.232222, 19.328344], [-99.232273, 19.328262], [-99.232255, 19.32824], [-99.232583, 19.327994]]], [[[-99.233499, 19.327049], [-99.233713, 19.326932], [-99.233739, 19.326959], [-99.234223, 19.326587], [-99.234255, 19.32663], [-99.234736, 19.326335], [-99.234815, 19.32621], [-99.235389, 19.32604], [-99.234858, 19.326267], [-99.234748, 19.326409], [-99.234797, 19.326449], [-99.234627, 19.326546], [-99.234484, 19.326524], [-99.234362, 19.326591], [-99.233237, 19.327307], [-99.233263, 19.327368], [-99.232972, 19.327586], [-99.233024, 19.32764], [-99.2327988879922, 19.327871567488472], [-99.232739, 19.327844], [-99.232972, 19.32758], [-99.232916, 19.327496], [-99.233404, 19.327151], [-99.233417, 19.327169], [-99.233499, 19.327049]]], [[[-99.242266, 19.327046], [-99.2421799883331, 19.32707057476197], [-99.241872, 19.326697], [-99.241736, 19.32635], [-99.241321, 19.325615], [-99.24132, 19.325452], [-99.240707, 19.324659], [-99.24033819727323, 19.324422100027824], [-99.240279, 19.324295], [-99.240333, 19.324266], [-99.240296, 19.324246], [-99.240159, 19.324298], [-99.23985, 19.324277], [-99.239399, 19.324466], [-99.239282, 19.324419], [-99.239778, 19.324207], [-99.240155, 19.324215], [-99.240198, 19.324053], [-99.240333, 19.324063], [-99.24045, 19.324246], [-99.240631, 19.324343], [-99.240699, 19.324484], [-99.24096, 19.324774], [-99.241153, 19.324796], [-99.24117, 19.324969], [-99.241374, 19.324994], [-99.241425, 19.32516], [-99.241359, 19.325181], [-99.241453, 19.32525], [-99.241499, 19.325359], [-99.241508, 19.325448], [-99.241428, 19.325453], [-99.241633, 19.325845], [-99.241678, 19.325842], [-99.24181, 19.326068], [-99.241983, 19.326494], [-99.242016, 19.326479], [-99.242038, 19.326529], [-99.242045, 19.326638], [-99.24215, 19.326771], [-99.242228, 19.326734], [-99.242283, 19.326811], [-99.242588, 19.327426], [-99.243045, 19.327766], [-99.24305443494819, 19.328135849969478], [-99.242877, 19.327925], [-99.24260837031036, 19.327713866489546], [-99.242266, 19.327046]]], [[[-99.23795, 19.324531], [-99.23758, 19.324454], [-99.237533, 19.324368], [-99.237108, 19.324552], [-99.236861, 19.324794], [-99.236455, 19.325072], [-99.236484, 19.325137], [-99.236411, 19.325319], [-99.2361978304017, 19.325491629507518], [-99.236085, 19.325541], [-99.23604864264526, 19.32561244508874], [-99.235656, 19.325912], [-99.23565, 19.325861], [-99.235799, 19.325766], [-99.235945, 19.325582], [-99.236397, 19.325304], [-99.23639, 19.325128], [-99.236429, 19.325065], [-99.236906, 19.324687], [-99.236873, 19.324618], [-99.237629, 19.324163], [-99.237688, 19.324291], [-99.237938, 19.324342], [-99.23823, 19.324296], [-99.238709, 19.324312], [-99.238767, 19.324265], [-99.23930368012569, 19.32447015030611], [-99.238308, 19.324463], [-99.23795, 19.324531]]], [[[-99.243291, 19.32827], [-99.24331, 19.328231], [-99.243383, 19.32828], [-99.24340386407766, 19.328334644012948], [-99.243292, 19.328316], [-99.24318048801267, 19.328231438370377], [-99.243291, 19.32827]]], [[[-99.243654, 19.328322], [-99.243755, 19.328337], [-99.243804, 19.328246], [-99.243893, 19.328241], [-99.24419707865168, 19.328401213483147], [-99.243826, 19.328405], [-99.24353680376765, 19.328356800627944], [-99.243654, 19.328322]]], [[[-99.244388, 19.328309], [-99.244506, 19.328357], [-99.244739, 19.328289], [-99.24492051636092, 19.328324219592417], [-99.244806, 19.328395], [-99.244300401739, 19.32840015916593], [-99.244388, 19.328309]]], [[[-99.245023, 19.328055], [-99.245101, 19.328014], [-99.245184, 19.328045], [-99.245272, 19.327893], [-99.245303, 19.327677], [-99.245253, 19.327591], [-99.245327, 19.327387], [-99.245421, 19.327408], [-99.245363, 19.327604], [-99.245382, 19.327907], [-99.245458, 19.327915], [-99.24545, 19.327974], [-99.246067, 19.328019], [-99.246177, 19.327994], [-99.24618, 19.327925], [-99.246416, 19.327874], [-99.24657, 19.327896], [-99.246754, 19.327828], [-99.246803, 19.327595], [-99.246952, 19.32761], [-99.247003, 19.327804], [-99.247268, 19.327813], [-99.247283, 19.327636], [-99.247449, 19.327649], [-99.247445, 19.327605], [-99.247554, 19.327614], [-99.247566, 19.3277], [-99.247853, 19.327675], [-99.24786, 19.327742], [-99.248063, 19.327724], [-99.2480653688236, 19.327754794706813], [-99.247919, 19.327822], [-99.2467, 19.328004], [-99.245348, 19.32806], [-99.2449459237856, 19.32830851574138], [-99.245023, 19.328055]]], [[[-99.248682, 19.327397], [-99.24907, 19.327279], [-99.249335, 19.327115], [-99.249397, 19.327], [-99.249591, 19.327016], [-99.249854, 19.326897], [-99.249708, 19.326778], [-99.249633, 19.326795], [-99.249584, 19.32666], [-99.250217, 19.326827], [-99.25021, 19.326873], [-99.251021, 19.326887], [-99.25144638477127, 19.32694478348049], [-99.249755, 19.326979], [-99.24864017591068, 19.327490871844933], [-99.248682, 19.327397]]], [[[-99.25231220471116, 19.326927268042624], [-99.252334, 19.326848], [-99.25258974134846, 19.326921653508354], [-99.25231220471116, 19.326927268042624]]], [[[-99.252776, 19.32687], [-99.252912, 19.326895], [-99.253268, 19.326839], [-99.25342954254654, 19.326904664426646], [-99.25276320211701, 19.326918144416943], [-99.252776, 19.32687]]], [[[-99.253728, 19.326888], [-99.25380603860833, 19.32689704795459], [-99.25372244204293, 19.3268987391035], [-99.253728, 19.326888]]], [[[-99.255041, 19.326602], [-99.255344, 19.326259], [-99.255471, 19.326016], [-99.255623, 19.325919], [-99.256002, 19.325495], [-99.256143, 19.325193], [-99.256319, 19.324491], [-99.256443, 19.324237], [-99.257569, 19.322686], [-99.258312, 19.322173], [-99.258367, 19.322028], [-99.258612, 19.321904], [-99.258753, 19.321747], [-99.258806, 19.321828], [-99.258917, 19.321732], [-99.258888, 19.321685], [-99.259091, 19.321516], [-99.259378, 19.32138], [-99.260013, 19.320761], [-99.260091, 19.320552], [-99.260322, 19.320387], [-99.26038, 19.320175], [-99.260321, 19.320141], [-99.260386, 19.319984], [-99.260554, 19.319795], [-99.260699, 19.319499], [-99.261043, 19.3192], [-99.26106, 19.319064], [-99.261291, 19.318548], [-99.261447, 19.318346], [-99.261516, 19.318012], [-99.26164, 19.317711], [-99.261565, 19.317707], [-99.261969, 19.317321], [-99.26200990580831, 19.317312952955742], [-99.261944, 19.317364], [-99.261764, 19.31769], [-99.26067081308894, 19.320053419517237], [-99.260423, 19.320315], [-99.2603417731479, 19.320503325960786], [-99.260008, 19.320883], [-99.259029, 19.32177], [-99.258686, 19.321987], [-99.258201, 19.322385], [-99.257374, 19.323236], [-99.256539, 19.324457], [-99.255608, 19.326338], [-99.254724, 19.326809], [-99.25423335282395, 19.32687399687954], [-99.255041, 19.326602]]], [[[-99.262219, 19.317058032786885], [-99.262219, 19.317151], [-99.26205098394742, 19.31728113606982], [-99.262219, 19.317058032786885]]], [[[-99.26208, 19.316845], [-99.261982, 19.316881], [-99.261976, 19.316701], [-99.261798, 19.316545], [-99.26182, 19.316491], [-99.261692, 19.31633], [-99.261418, 19.315263], [-99.261482, 19.314432], [-99.261357, 19.314286], [-99.261409, 19.313916], [-99.261357, 19.313185], [-99.261305, 19.313065], [-99.261292, 19.312779], [-99.261086, 19.312649], [-99.261419, 19.311979], [-99.2616095673497, 19.3119053353102], [-99.26147, 19.312178], [-99.261445, 19.312514], [-99.261643, 19.31366], [-99.261692, 19.31432], [-99.261655, 19.314952], [-99.261781, 19.31608], [-99.26202383128394, 19.316471412982796], [-99.26202, 19.316558], [-99.262124, 19.316651], [-99.262152, 19.316765], [-99.262219, 19.31682034782609], [-99.262219, 19.31694530927835], [-99.26208, 19.316845]]], [[[-99.261811, 19.311605], [-99.26193391577335, 19.311618225114856], [-99.26182039159663, 19.31171428403362], [-99.261811, 19.311605]]], [[[-99.248654, 19.325864], [-99.249026, 19.326018], [-99.248968, 19.326151], [-99.249628, 19.326417], [-99.249609, 19.326514], [-99.249768, 19.326544], [-99.249745, 19.326631], [-99.249481, 19.326549], [-99.248187, 19.325645], [-99.24817, 19.325584], [-99.248249, 19.325574], [-99.248654, 19.325864]]]]}}, {"type": "Feature", "properties": {"cruce": "Inventario × Inventario", "a": "Cerro de la Estrella (local)", "a_sub": "ANP · Local", "b": "Cerro de la Estrella (federal)", "b_sub": "ANP · Federal", "ha": 121.65, "pct_a": 100.0, "pct_b": 10.3}, "geometry": {"type": "Polygon", "coordinates": [[[-99.09108347817099, 19.35074709870572], [-99.09024467739077, 19.350803276492655], [-99.09018411992214, 19.35045328969945], [-99.09019975762335, 19.349455194392405], [-99.0894347118871, 19.34943460494315], [-99.08863164956304, 19.349363963950015], [-99.08859673347628, 19.349590095925596], [-99.08831754816858, 19.34955218430477], [-99.08831255422947, 19.349649428435395], [-99.08681731509584, 19.349979198230855], [-99.08685345165544, 19.348276088114932], [-99.08676336630097, 19.348067458060115], [-99.08656827163897, 19.348238267029938], [-99.08562390217006, 19.34703574896445], [-99.08534276782386, 19.346533854984756], [-99.08539753833726, 19.346397635746772], [-99.0853513037431, 19.346104033410803], [-99.08527515093454, 19.345950704540897], [-99.0851135228096, 19.34602795897501], [-99.08446979937295, 19.34620737946532], [-99.08401601005467, 19.345619978834492], [-99.08370061097135, 19.345126773859292], [-99.08373068881365, 19.34511013133736], [-99.08360527752147, 19.344884164167176], [-99.08452989969486, 19.344215062148486], [-99.08522183504002, 19.34338646494995], [-99.0867380807125, 19.342557925567608], [-99.0866692704198, 19.342064879164063], [-99.08695670432698, 19.34170460237682], [-99.08729161283584, 19.341103547599914], [-99.0876800928451, 19.340270476013192], [-99.08795945457345, 19.339958281045043], [-99.088300684803, 19.33979562371254], [-99.08867582620783, 19.339841351286044], [-99.08976976101566, 19.340370406770077], [-99.08979355675238, 19.33861804694272], [-99.09142537275827, 19.33874854835636], [-99.09136353596107, 19.338148859402086], [-99.09155773390599, 19.337082983360965], [-99.09161155048876, 19.33695824095496], [-99.0917045075625, 19.336852004499868], [-99.09179509217823, 19.33659104983196], [-99.09189176548891, 19.33564198577645], [-99.09198062330039, 19.33552761762271], [-99.09221398798114, 19.33505077786204], [-99.09230932341804, 19.334606903671247], [-99.09233789377552, 19.333945804483943], [-99.09247928548444, 19.333462775101474], [-99.09264988070008, 19.33310788126355], [-99.09396781774882, 19.33334127498319], [-99.0959302226441, 19.333627641537824], [-99.09598622725062, 19.33367062983631], [-99.09590367313969, 19.334300850239703], [-99.0967634608214, 19.334462707570978], [-99.09663748562888, 19.33491464353603], [-99.096448880514, 19.335392368977132], [-99.09624752847803, 19.33653814420925], [-99.09580479762032, 19.336493281079036], [-99.09580335293438, 19.33662802865298], [-99.0957224244264, 19.33662228726698], [-99.0955535335649, 19.337445229719624], [-99.09560742029363, 19.337446014824785], [-99.09520473688194, 19.338988816082416], [-99.09534499155232, 19.339014318449205], [-99.09524051857827, 19.339453951216544], [-99.09492631574929, 19.339419139709417], [-99.09480593358508, 19.340174275909284], [-99.0944180123618, 19.340092688433856], [-99.09236452795767, 19.339153853391952], [-99.09093421036873, 19.33893541610904], [-99.09107137795648, 19.344210916243302], [-99.09659715034945, 19.345812205331555], [-99.09665536315246, 19.34571728153295], [-99.09790152778872, 19.346117966121643], [-99.09764942364085, 19.346781896357985], [-99.09758904935265, 19.34676403478159], [-99.0973197642776, 19.34751997378422], [-99.09751174463054, 19.347576354476576], [-99.09761681795835, 19.347669293280056], [-99.0973699275429, 19.348300505091117], [-99.09729739248053, 19.348649205049647], [-99.0966628593341, 19.3479378501032], [-99.09670614978363, 19.347885591342614], [-99.09626906242478, 19.34761280314856], [-99.09618639821356, 19.347739822252734], [-99.09589326952461, 19.34762502187571], [-99.09557525399362, 19.348265756999933], [-99.09538954270637, 19.348182349362336], [-99.09492599460468, 19.349073585767353], [-99.0936161661257, 19.348592210349583], [-99.09338508173299, 19.349086944004284], [-99.09371352936923, 19.349356902140553], [-99.09328613189349, 19.350049203121625], [-99.09272444019685, 19.350670538036656], [-99.09268134989121, 19.350913845833777], [-99.09236311701318, 19.351200220645403], [-99.09217166229914, 19.35123655731239], [-99.09217171868762, 19.351336962937243], [-99.09172405428582, 19.3515633941898], [-99.09174579364385, 19.351616522748756], [-99.09116271777732, 19.351987076723653], [-99.09108347817099, 19.35074709870572]]]}}, {"type": "Feature", "properties": {"cruce": "Inventario × Inventario", "a": "Sierra de Guadalupe (local)", "a_sub": "ANP · Local", "b": "El Tepeyac", "b_sub": "ANP · Federal", "ha": 84.57, "pct_a": 13.3, "pct_b": 34.3}, "geometry": {"type": "MultiPolygon", "coordinates": [[[[-99.110226, 19.497813], [-99.109151, 19.50038], [-99.108495, 19.502893], [-99.109573, 19.503661], [-99.110145, 19.503823], [-99.109373, 19.504763], [-99.109955, 19.505332], [-99.10912370835534, 19.505784133814366], [-99.10547870835586, 19.501231638145224], [-99.105568, 19.500898], [-99.106625, 19.498846], [-99.10711, 19.49833], [-99.107872, 19.497065], [-99.110226, 19.497813]]], [[[-99.11651, 19.50306], [-99.11794, 19.502752], [-99.118874, 19.502841], [-99.11875, 19.503492], [-99.118379, 19.503456], [-99.117683, 19.503755], [-99.116054, 19.505102], [-99.115446, 19.506856], [-99.119314, 19.505968], [-99.119362, 19.506149], [-99.115379, 19.507028], [-99.114999, 19.508121], [-99.119668, 19.506754], [-99.119697, 19.507396], [-99.114637, 19.509098], [-99.114104, 19.51058], [-99.11310129832002, 19.510752026993366], [-99.10951922516126, 19.50627812270205], [-99.110737, 19.505766], [-99.11207, 19.504852], [-99.116062, 19.502843], [-99.116158, 19.502997], [-99.11652, 19.502707], [-99.11651, 19.50306]]], [[[-99.120288, 19.508308], [-99.120622, 19.508751], [-99.114448, 19.511077], [-99.114057, 19.510707], [-99.114104, 19.51058], [-99.120288, 19.508308]]], [[[-99.108538, 19.494805], [-99.109824, 19.493747], [-99.110739, 19.494045], [-99.11051, 19.494732], [-99.110416, 19.495744], [-99.108538, 19.494805]]], [[[-99.120965, 19.509103], [-99.11503, 19.511501], [-99.114715, 19.51133], [-99.12087, 19.508958], [-99.120965, 19.509103]]], [[[-99.1215, 19.509726], [-99.115783, 19.512242], [-99.115373, 19.51179], [-99.121175, 19.509301], [-99.1215, 19.509726]]], [[[-99.118958, 19.513912], [-99.117785, 19.513904], [-99.117023, 19.513307], [-99.122253, 19.510548], [-99.122806, 19.511243], [-99.118958, 19.513912]]], [[[-99.11769, 19.513903], [-99.11724741176009, 19.513507726315794], [-99.117785, 19.513904], [-99.11769, 19.513903]]]]}}, {"type": "Feature", "properties": {"cruce": "Inventario × Inventario", "a": "Tempiluli", "a_sub": "ANP · Local", "b": "Lago Tláhuac-Xico", "b_sub": "ANP · Federal", "ha": 47.62, "pct_a": 100.0, "pct_b": 1.3}, "geometry": {"type": "Polygon", "coordinates": [[[-99.025173, 19.269564], [-99.026999, 19.269911], [-99.030117, 19.270786], [-99.030755, 19.270913], [-99.033572, 19.271082], [-99.034408, 19.271232], [-99.032821, 19.276456], [-99.032383, 19.27626], [-99.031176, 19.275865], [-99.025982, 19.274245], [-99.025518, 19.274137], [-99.025489, 19.274334], [-99.02515, 19.274364], [-99.025173, 19.269564]]]}}, {"type": "Feature", "properties": {"cruce": "Inventario × ARCAC", "a": "Ejidos de Xochimilco y San Gregorio Atlapulco", "a_sub": "ANP · Local", "b": "San Gregorio Atlapulco", "b_sub": "ARCAC · Ejido", "ha": 298.72, "pct_a": 11.9, "pct_b": 100.0}, "geometry": {"type": "MultiPolygon", "coordinates": [[[[-99.049711, 19.272593], [-99.049234, 19.272455], [-99.048867, 19.272385], [-99.048209, 19.272373], [-99.048236, 19.271881], [-99.048048, 19.272365], [-99.046978, 19.272457], [-99.046732, 19.27295], [-99.045906, 19.273027], [-99.046232, 19.271794], [-99.045899, 19.271496], [-99.045322, 19.272883], [-99.044889, 19.272737], [-99.045053, 19.272271], [-99.04478, 19.272694], [-99.043175, 19.271864], [-99.046838, 19.263463], [-99.066343, 19.270732], [-99.068825, 19.271809], [-99.068572, 19.271691], [-99.068451, 19.27123], [-99.069291, 19.269084], [-99.069784, 19.268608], [-99.068678, 19.27162], [-99.069287, 19.271972], [-99.069406, 19.271442], [-99.070009, 19.271644], [-99.070083, 19.272252], [-99.070832, 19.270478], [-99.071384, 19.270881], [-99.07167, 19.270759], [-99.072236, 19.268537], [-99.072906, 19.26867], [-99.073385, 19.268151], [-99.073737, 19.268398], [-99.073715, 19.268803], [-99.074152, 19.268327], [-99.074074, 19.267968], [-99.07441, 19.267879], [-99.075295, 19.268294], [-99.075041, 19.268872], [-99.07524, 19.269268], [-99.075657, 19.268783], [-99.075237, 19.26874], [-99.075809, 19.268448], [-99.075558, 19.268009], [-99.075998, 19.268177], [-99.074134, 19.272959], [-99.076266, 19.273553], [-99.075843, 19.274976], [-99.077296, 19.275687], [-99.075489, 19.279873], [-99.074957, 19.279982], [-99.072194, 19.278926], [-99.072978, 19.278074], [-99.07284, 19.277315], [-99.071912, 19.278301], [-99.071816, 19.279278], [-99.069018, 19.278201], [-99.06955, 19.276396], [-99.068899, 19.278122], [-99.067807, 19.277423], [-99.067371, 19.278472], [-99.066173, 19.278071], [-99.064632, 19.278741], [-99.064098, 19.278406], [-99.062788, 19.278416], [-99.062234, 19.277881], [-99.061197, 19.277871], [-99.060884, 19.277565], [-99.061495, 19.275503], [-99.060765, 19.276759], [-99.060229, 19.276176], [-99.060132, 19.27639], [-99.05866, 19.275535], [-99.058253, 19.276188], [-99.057879, 19.275934], [-99.057949, 19.275424], [-99.057766, 19.275823], [-99.05745, 19.275445], [-99.056946, 19.275941], [-99.054588, 19.273895], [-99.049736, 19.272602], [-99.049711, 19.272593]], [[-99.049738, 19.272601], [-99.049737, 19.272601], [-99.049736, 19.272602], [-99.049738, 19.272601]], [[-99.047039, 19.263606], [-99.046887, 19.263624], [-99.046592, 19.264673], [-99.047039, 19.263606]], [[-99.056846, 19.275263], [-99.056806, 19.275387], [-99.056934, 19.275417], [-99.056846, 19.275263]], [[-99.060313, 19.26855], [-99.060313, 19.268605], [-99.060368, 19.268604], [-99.060313, 19.26855]], [[-99.06516, 19.275318], [-99.065231, 19.275327], [-99.065269, 19.275253], [-99.06516, 19.275318]], [[-99.065223, 19.275098], [-99.065313, 19.275087], [-99.065307, 19.27501], [-99.065223, 19.275098]], [[-99.067226, 19.271345], [-99.067045, 19.271255], [-99.066627, 19.272041], [-99.067226, 19.271345]], [[-99.06697, 19.274165], [-99.067142, 19.27421], [-99.067962, 19.27168], [-99.067781, 19.271589], [-99.06697, 19.274165]], [[-99.067151, 19.274485], [-99.067289, 19.274548], [-99.068368, 19.272031], [-99.067151, 19.274485]], [[-99.069845, 19.271776], [-99.069706, 19.271722], [-99.069562, 19.272072], [-99.069845, 19.271776]], [[-99.072264, 19.269928], [-99.072103, 19.270307], [-99.072238, 19.270361], [-99.072264, 19.269928]], [[-99.072419, 19.269973], [-99.072825, 19.268844], [-99.072674, 19.268787], [-99.072419, 19.269973]], [[-99.073978, 19.27322], [-99.074107, 19.272834], [-99.073961, 19.272904], [-99.073978, 19.27322]], [[-99.074861, 19.269763], [-99.074316, 19.271282], [-99.074507, 19.271668], [-99.075207, 19.269905], [-99.074861, 19.269763]], [[-99.074479, 19.274126], [-99.074726, 19.273312], [-99.074612, 19.273276], [-99.074479, 19.274126]]], [[[-99.049558, 19.272551], [-99.049557, 19.272551], [-99.049557, 19.272549], [-99.049558, 19.272551]]], [[[-99.06911, 19.271259], [-99.068957, 19.271514], [-99.068909, 19.271361], [-99.06911, 19.271259]]], [[[-99.069182, 19.270565], [-99.069357, 19.270824], [-99.069183, 19.271146], [-99.069182, 19.270565]]]]}}, {"type": "Feature", "properties": {"cruce": "Inventario × ARCAC", "a": "Parque Ecológico de la Ciudad de México", "a_sub": "ANP · Local", "b": "San Andrés Totoltepec", "b_sub": "ARCAC · Comunidad", "ha": 2.03, "pct_a": 0.3, "pct_b": 0.7}, "geometry": {"type": "MultiPolygon", "coordinates": [[[[-99.19574752164343, 19.24494575172592], [-99.19573, 19.244998], [-99.19566315713723, 19.244940502947838], [-99.19574752164343, 19.24494575172592]]], [[[-99.196957, 19.245021], [-99.197054168631, 19.245082], [-99.195797, 19.245082], [-99.19586851157105, 19.244953279172098], [-99.196957, 19.245021]]], [[[-99.19937434341637, 19.245967446673195], [-99.198982, 19.246249], [-99.19876035942032, 19.246113009171136], [-99.19937434341637, 19.245967446673195]]], [[[-99.20144417383808, 19.246816048272397], [-99.20036, 19.24648], [-99.20026426516017, 19.246237019013794], [-99.20144417383808, 19.246816048272397]]], [[[-99.202647, 19.246495], [-99.204035, 19.247445], [-99.206295, 19.248083], [-99.2081, 19.248798], [-99.2083570040016, 19.249629802178468], [-99.208061, 19.248942], [-99.204068, 19.247506], [-99.202785, 19.246653], [-99.201786, 19.246922], [-99.20157694603978, 19.24685720206843], [-99.202647, 19.246495]]], [[[-99.210159, 19.25084], [-99.21074161351709, 19.25140602486646], [-99.210153, 19.250917], [-99.208679, 19.250378], [-99.20860786176584, 19.25021270144942], [-99.210159, 19.25084]]], [[[-99.213645, 19.252204], [-99.2165640243859, 19.253455274293863], [-99.216402, 19.253514], [-99.213718, 19.252308], [-99.21229176952417, 19.252065594820262], [-99.213645, 19.252204]]]]}}, {"type": "Feature", "properties": {"cruce": "Inventario × ARCAC", "a": "Parque Ecológico de la Ciudad de México", "a_sub": "ANP · Local", "b": "San Andrés Totoltepec", "b_sub": "ARCAC · Ejido", "ha": 2.75, "pct_a": 0.4, "pct_b": 1.4}, "geometry": {"type": "MultiPolygon", "coordinates": [[[[-99.216806, 19.253559], [-99.215904, 19.254998], [-99.215796954582, 19.25510831121041], [-99.21672213769928, 19.253523051433884], [-99.216806, 19.253559]]], [[[-99.215053, 19.25654], [-99.21486629727049, 19.25670295077325], [-99.21513715469047, 19.256238848732195], [-99.215053, 19.25654]]], [[[-99.211853, 19.260269], [-99.209778, 19.261407], [-99.209335, 19.261048], [-99.20901451838328, 19.261256677022416], [-99.21057, 19.259793], [-99.21174790517752, 19.25957369265445], [-99.211853, 19.260269]]], [[[-99.240607, 19.255621], [-99.24061228580001, 19.255625042255293], [-99.24060385349935, 19.255623440928964], [-99.240607, 19.255621]]], [[[-99.24056715488796, 19.25557232922925], [-99.23925999854342, 19.25290426431666], [-99.240607, 19.255621], [-99.24056715488796, 19.25557232922925]]]]}}, {"type": "Feature", "properties": {"cruce": "Inventario × ARCAC", "a": "San Bernabé Ocotepec", "a_sub": "ANP · Local", "b": "La Magdalena Contreras", "b_sub": "ARCAC · Comunidad", "ha": 22.59, "pct_a": 9.4, "pct_b": 1.0}, "geometry": {"type": "Polygon", "coordinates": [[[-99.267404, 19.295642], [-99.267137, 19.29562], [-99.266927, 19.295333], [-99.269007, 19.292517], [-99.270348, 19.291119], [-99.27177, 19.289391], [-99.273641, 19.287824], [-99.275254, 19.286945], [-99.27626, 19.287016], [-99.277526, 19.286449], [-99.279247, 19.286966], [-99.281963, 19.288648], [-99.284957, 19.289592], [-99.285154, 19.289969], [-99.284431, 19.290874], [-99.28422396188448, 19.291069928753224], [-99.282135, 19.290359], [-99.283173, 19.290292], [-99.283679, 19.289897], [-99.283564, 19.289366], [-99.282929, 19.289037], [-99.282166, 19.289067], [-99.282076, 19.289433], [-99.281208, 19.28975], [-99.280951, 19.289521], [-99.281176, 19.288875], [-99.280737, 19.288036], [-99.28005, 19.288188], [-99.279748, 19.288784], [-99.279286, 19.288003], [-99.278613, 19.287781], [-99.278516, 19.288097], [-99.277737, 19.287768], [-99.277458, 19.288027], [-99.278555, 19.288807], [-99.278932, 19.288469], [-99.279167, 19.288756], [-99.278767, 19.289008], [-99.277085, 19.288193], [-99.274754, 19.288679], [-99.270804, 19.290837], [-99.26797, 19.295002], [-99.267404, 19.295642]]]}}, {"type": "Feature", "properties": {"cruce": "Inventario × ARCAC", "a": "San Bernabé Ocotepec", "a_sub": "ANP · Local", "b": "San Bernabe Ocotepec", "b_sub": "ARCAC · Comunidad", "ha": 204.4, "pct_a": 85.1, "pct_b": 68.6}, "geometry": {"type": "Polygon", "coordinates": [[[-99.270847, 19.29645], [-99.270298, 19.296593], [-99.270046, 19.296788], [-99.26987, 19.297276], [-99.269392, 19.29776], [-99.26906, 19.297924], [-99.268579, 19.297847], [-99.268136, 19.298106], [-99.26788729728496, 19.29815880312421], [-99.267057, 19.297731], [-99.26705555271776, 19.297111563205988], [-99.267515, 19.296457], [-99.26765, 19.295928], [-99.26737480251693, 19.29563959421488], [-99.267978, 19.295006], [-99.270812, 19.290837], [-99.273507, 19.28917], [-99.277102, 19.288199], [-99.2842263036571, 19.29106771263669], [-99.282996, 19.292232], [-99.282034, 19.295107], [-99.28094, 19.29925], [-99.279598, 19.301902], [-99.278267, 19.303798], [-99.278225, 19.307261], [-99.277098, 19.308557], [-99.275382, 19.311759], [-99.27393, 19.311732], [-99.27414, 19.31097], [-99.272808, 19.309054], [-99.27163721923051, 19.308286559137066], [-99.2725967742723, 19.3068922702865], [-99.272795, 19.306648], [-99.27304, 19.306042], [-99.272929, 19.305233], [-99.27315742354264, 19.304146488972606], [-99.273301, 19.304229], [-99.273697, 19.303765], [-99.273584, 19.303512], [-99.274468, 19.303922], [-99.274782, 19.303369], [-99.27383076191838, 19.302165465407505], [-99.273875, 19.302067], [-99.27403506578266, 19.301911178385833], [-99.275848, 19.302557], [-99.276675, 19.302062], [-99.275814, 19.302015], [-99.276108, 19.301297], [-99.276993, 19.301152], [-99.277333, 19.300538], [-99.275732, 19.300377], [-99.275683, 19.30078], [-99.276197, 19.300956], [-99.27440603735697, 19.30153720574377], [-99.274523, 19.300929], [-99.275002, 19.301024], [-99.275387, 19.300745], [-99.27605, 19.299971], [-99.275919, 19.299565], [-99.27542, 19.299631], [-99.275753, 19.299138], [-99.276285, 19.299169], [-99.276608, 19.298698], [-99.275481, 19.298449], [-99.274977, 19.299234], [-99.274276, 19.299488], [-99.2731458250016, 19.299402725814076], [-99.272634, 19.298963], [-99.27236197685122, 19.298971159237457], [-99.272397, 19.298352], [-99.272577, 19.298248], [-99.272685, 19.297272], [-99.272974, 19.296939], [-99.27289574869279, 19.296854600375795], [-99.273145, 19.296582], [-99.272124, 19.29638], [-99.27207931173132, 19.29650357929052], [-99.271466, 19.296381], [-99.270847, 19.29645]], [[-99.268516, 19.296707], [-99.268604, 19.296735], [-99.268729, 19.296325], [-99.268487, 19.296195], [-99.268516, 19.296707]], [[-99.272401, 19.308693], [-99.272412, 19.308636], [-99.272355, 19.308618], [-99.272401, 19.308693]], [[-99.272698, 19.308545], [-99.272512, 19.308491], [-99.272448, 19.308632], [-99.272698, 19.308545]], [[-99.274623, 19.302577], [-99.274533, 19.302643], [-99.275338, 19.303295], [-99.275938, 19.302897], [-99.274623, 19.302577]], [[-99.280125, 19.291032], [-99.279709, 19.290349], [-99.27928, 19.290588], [-99.279266, 19.291153], [-99.279841, 19.291348], [-99.280125, 19.291032]], [[-99.281077, 19.290966], [-99.281122, 19.290955], [-99.281097, 19.290858], [-99.281077, 19.290966]], [[-99.281278, 19.291543], [-99.281327, 19.291539], [-99.281323, 19.291492], [-99.281278, 19.291543]]]}}, {"type": "Feature", "properties": {"cruce": "Inventario × ARCAC", "a": "San Miguel Ajusco", "a_sub": "ANP · Local", "b": "San Miguel Ajusco", "b_sub": "ARCAC · Comunidad", "ha": 1111.86, "pct_a": 94.7, "pct_b": 19.4}, "geometry": {"type": "MultiPolygon", "coordinates": [[[[-99.29796610779378, 19.17877518364936], [-99.300141, 19.184449], [-99.300269, 19.185048], [-99.298714, 19.186555], [-99.29991, 19.186673], [-99.300788, 19.187348], [-99.30091871990477, 19.187598006084194], [-99.3011, 19.188418], [-99.3019087309427, 19.189491434505296], [-99.30305470190444, 19.19168314137079], [-99.30307219949208, 19.1917617326482], [-99.302504, 19.192533], [-99.303353, 19.193253], [-99.30470474898279, 19.201370754475768], [-99.304864, 19.202627], [-99.30496683277356, 19.20294466493746], [-99.306518, 19.21226], [-99.30691223594646, 19.213110150742597], [-99.30696858375774, 19.21362378271477], [-99.306866, 19.21364], [-99.30669600407427, 19.213906858011025], [-99.299809, 19.210697], [-99.29814380728033, 19.210212716646826], [-99.28005821480414, 19.202487656040397], [-99.278768, 19.201006], [-99.27446723737523, 19.187795929409795], [-99.275494, 19.18739], [-99.275744, 19.1867], [-99.2741167264167, 19.18671931232839], [-99.274045, 19.186499], [-99.27270437104043, 19.178803965017718], [-99.272988, 19.179025], [-99.273719, 19.179002], [-99.274523, 19.178594], [-99.274897, 19.177468], [-99.275426, 19.177182], [-99.273562, 19.176228], [-99.27336, 19.17563], [-99.272856, 19.175271], [-99.272605, 19.175466], [-99.272933, 19.17611], [-99.27240305521268, 19.17707445155411], [-99.27175764967751, 19.173274140883006], [-99.27203942706005, 19.171363900063632], [-99.272071, 19.171304], [-99.27205466891704, 19.171260571623574], [-99.272126, 19.170777], [-99.28108782191228, 19.16981970791305], [-99.281127, 19.170022], [-99.280575, 19.171102], [-99.281005, 19.17196], [-99.280678, 19.172727], [-99.279797, 19.173112], [-99.280604, 19.173852], [-99.27887, 19.175408], [-99.280104, 19.176049], [-99.281235, 19.175092], [-99.282622, 19.175927], [-99.284222, 19.170449], [-99.285758, 19.170758], [-99.287194, 19.171784], [-99.288376, 19.171349], [-99.290087, 19.171563], [-99.290339, 19.171205], [-99.289328, 19.169343], [-99.28902140615678, 19.16897225105743], [-99.293845, 19.168457], [-99.295593, 19.17272], [-99.29796610779378, 19.17877518364936]], [[-99.275614, 19.18488], [-99.275338, 19.185098], [-99.275868, 19.185479], [-99.275567, 19.186028], [-99.275819, 19.186219], [-99.276648, 19.186074], [-99.277051, 19.18538], [-99.275614, 19.18488]], [[-99.293296, 19.202195], [-99.293721, 19.201238], [-99.291972, 19.201135], [-99.292136, 19.201371], [-99.291531, 19.20155], [-99.291293, 19.201936], [-99.291646, 19.201959], [-99.291735, 19.202542], [-99.292039, 19.202676], [-99.293296, 19.202195]], [[-99.29695, 19.207147], [-99.296975, 19.20675], [-99.296685, 19.206704], [-99.296057, 19.207314], [-99.29695, 19.207147]], [[-99.298274, 19.207517], [-99.298894, 19.207849], [-99.298651, 19.207272], [-99.297579, 19.207635], [-99.297881, 19.20815], [-99.298381, 19.20802], [-99.298274, 19.207517]], [[-99.297877, 19.205266], [-99.297892, 19.205728], [-99.299918, 19.206197], [-99.298979, 19.205136], [-99.297877, 19.205266]]], [[[-99.282933, 19.205789], [-99.28048297196246, 19.202975438390492], [-99.29643024936503, 19.209714367378737], [-99.282933, 19.205789]]], [[[-99.28773457145438, 19.169109709343243], [-99.286988, 19.169583], [-99.284272, 19.169969], [-99.28318124878791, 19.169596090326998], [-99.28773457145438, 19.169109709343243]]]]}}, {"type": "Feature", "properties": {"cruce": "Inventario × ARCAC", "a": "San Miguel Topilejo", "a_sub": "ANP · Local", "b": "San Miguel Ajusco", "b_sub": "ARCAC · Comunidad", "ha": 2.8, "pct_a": 0.0, "pct_b": 0.0}, "geometry": {"type": "MultiPolygon", "coordinates": [[[[-99.258668, 19.149773], [-99.256777, 19.150618], [-99.25234179911482, 19.15276117252076], [-99.26114097254911, 19.148327726882744], [-99.258668, 19.149773]]], [[[-99.245588, 19.154077], [-99.240505, 19.153406], [-99.237994, 19.153545], [-99.236361, 19.153493], [-99.23612755812128, 19.15342725597003], [-99.236339, 19.153486], [-99.240475, 19.153401], [-99.24832698482678, 19.1542267705042], [-99.245588, 19.154077]]], [[[-99.21005193551954, 19.167124172129906], [-99.219936, 19.151827], [-99.22013298338594, 19.151711262155597], [-99.21005193551954, 19.167124172129906]]]]}}, {"type": "Feature", "properties": {"cruce": "Inventario × ARCAC", "a": "San Miguel Topilejo", "a_sub": "ANP · Local", "b": "Guarda o Parres", "b_sub": "ARCAC · Ejido", "ha": 0.72, "pct_a": 0.0, "pct_b": 2.5}, "geometry": {"type": "Polygon", "coordinates": [[[-99.182137, 19.114096], [-99.18149076837736, 19.113936332889075], [-99.180839, 19.113175], [-99.18237214688074, 19.11360916548835], [-99.182137, 19.114096]]]}}, {"type": "Feature", "properties": {"cruce": "Inventario × ARCAC", "a": "San Miguel Topilejo", "a_sub": "ANP · Local", "b": "San Miguel Topilejo", "b_sub": "ARCAC · Comunidad", "ha": 5629.23, "pct_a": 94.0, "pct_b": 83.4}, "geometry": {"type": "MultiPolygon", "coordinates": [[[[-99.20688020808102, 19.09614693757097], [-99.20353851368858, 19.098282237507497], [-99.20352, 19.0978], [-99.203017, 19.097944], [-99.20253081611396, 19.098895543841863], [-99.202689, 19.097838], [-99.202152, 19.097527], [-99.200888, 19.098644], [-99.20090188169327, 19.099907234088075], [-99.1990197353347, 19.101129708057005], [-99.197966, 19.100054], [-99.196625, 19.100934], [-99.196782, 19.099642], [-99.196346, 19.099346], [-99.19638, 19.098802], [-99.195447, 19.098552], [-99.195171, 19.099437], [-99.194315, 19.098959], [-99.194025, 19.10021], [-99.194502, 19.099702], [-99.195402, 19.099624], [-99.195361, 19.100716], [-99.194931, 19.101413], [-99.196041, 19.101564], [-99.19611289713383, 19.10293288358759], [-99.195417, 19.103357], [-99.19461, 19.103923], [-99.192731, 19.104718], [-99.188171, 19.106517], [-99.186897, 19.107257], [-99.186022, 19.108103], [-99.184641, 19.110077], [-99.182663, 19.113007], [-99.18237059685033, 19.113612374581717], [-99.180524, 19.113097], [-99.184518, 19.103918], [-99.185084, 19.103932], [-99.185071, 19.103066], [-99.186059, 19.102065], [-99.186122, 19.101371], [-99.185698, 19.101243], [-99.187574, 19.098262], [-99.18777, 19.09944], [-99.187211, 19.101541], [-99.188258, 19.102064], [-99.189655, 19.102189], [-99.189452, 19.098647], [-99.187811, 19.09791], [-99.190434, 19.094036], [-99.192464, 19.094186], [-99.191835, 19.094799], [-99.19178, 19.095772], [-99.192419, 19.096352], [-99.192059, 19.097414], [-99.194715, 19.097339], [-99.194503, 19.098096], [-99.195314, 19.098214], [-99.195432, 19.097371], [-99.19634, 19.097618], [-99.196745, 19.097391], [-99.19646, 19.09678], [-99.197082, 19.096399], [-99.196947, 19.095037], [-99.196553, 19.095069], [-99.196079, 19.09636], [-99.195336, 19.096396], [-99.195305, 19.097151], [-99.194852, 19.097116], [-99.194883, 19.095833], [-99.1959, 19.095503], [-99.195849, 19.094692], [-99.196298, 19.094571], [-99.199314, 19.095291], [-99.201262, 19.097625], [-99.202773, 19.097048], [-99.201541, 19.09672], [-99.200175, 19.095147], [-99.204774, 19.09583], [-99.204403, 19.097022], [-99.203871, 19.097463], [-99.204028, 19.097871], [-99.206148, 19.096065], [-99.20688020808102, 19.09614693757097]], [[-99.18823, 19.102661], [-99.187856, 19.103037], [-99.187174, 19.102391], [-99.186735, 19.103], [-99.187713, 19.103619], [-99.187167, 19.10437], [-99.186472, 19.104036], [-99.186816, 19.104939], [-99.187858, 19.104116], [-99.18823, 19.102661]], [[-99.190401, 19.101282], [-99.189986, 19.101801], [-99.190564, 19.102161], [-99.190401, 19.101282]], [[-99.192724, 19.100012], [-99.192338, 19.100344], [-99.191857, 19.100169], [-99.192419, 19.099979], [-99.191727, 19.099931], [-99.191372, 19.098852], [-99.191076, 19.099599], [-99.190479, 19.09975], [-99.190282, 19.100524], [-99.191061, 19.100825], [-99.190609, 19.100896], [-99.190914, 19.101795], [-99.19198, 19.101325], [-99.193981, 19.102298], [-99.194211, 19.101977], [-99.193931, 19.101056], [-99.193222, 19.100768], [-99.192724, 19.100012]], [[-99.190945, 19.098014], [-99.190384, 19.098745], [-99.190819, 19.098883], [-99.190945, 19.098014]], [[-99.191871, 19.1035], [-99.191646, 19.105019], [-99.1923, 19.104815], [-99.191871, 19.1035]], [[-99.19241, 19.102925], [-99.192838, 19.103183], [-99.193663, 19.102829], [-99.193456, 19.10236], [-99.192907, 19.102332], [-99.19241, 19.102925]], [[-99.199159, 19.098819], [-99.200531, 19.099361], [-99.200252, 19.098502], [-99.199159, 19.098819]]], [[[-99.18012748555319, 19.112962637384715], [-99.179324, 19.111715], [-99.17894946776072, 19.111485024063594], [-99.178641, 19.109859], [-99.1786109517574, 19.109882475189526], [-99.178459, 19.109746], [-99.178071, 19.109735], [-99.177693, 19.109399], [-99.17721981590527, 19.109251442005633], [-99.174679, 19.106053], [-99.174186, 19.105939], [-99.173609, 19.105207], [-99.173484, 19.104242], [-99.172962, 19.104046], [-99.1727370443907, 19.104480659990855], [-99.171792, 19.10378], [-99.17133583043156, 19.103669642099753], [-99.169757, 19.103179], [-99.167889, 19.102784], [-99.167493, 19.102386], [-99.167152, 19.102265], [-99.166349, 19.10293], [-99.165412, 19.103098], [-99.16494, 19.103299], [-99.163867, 19.104066], [-99.16378269910227, 19.10439525067601], [-99.163542, 19.104812], [-99.161528, 19.105083], [-99.157751, 19.106037], [-99.157331, 19.106157], [-99.155991, 19.106852], [-99.154968, 19.108165], [-99.154199, 19.109056], [-99.153299, 19.109902], [-99.152692, 19.109941], [-99.152248, 19.110371], [-99.152003, 19.110802], [-99.14914221536921, 19.11155525981875], [-99.148804, 19.111329], [-99.147262, 19.1115], [-99.147045, 19.112838], [-99.146351, 19.113444], [-99.14645253913736, 19.114151511659852], [-99.14635, 19.114309], [-99.14649077576213, 19.114417939547376], [-99.1466, 19.115179], [-99.14685380585426, 19.115539138481488], [-99.146809, 19.115676], [-99.147175677135, 19.115995858578085], [-99.145155, 19.123702], [-99.146186, 19.127457], [-99.14594472068292, 19.13300284978432], [-99.14575, 19.136176], [-99.146402, 19.138116], [-99.14348711157608, 19.138135974424454], [-99.143048, 19.136732], [-99.143328, 19.134111], [-99.142099, 19.132983], [-99.141655, 19.131912], [-99.13785, 19.129983], [-99.137326, 19.129256], [-99.136934, 19.127367], [-99.134214, 19.124383], [-99.13562028388965, 19.090486972551215], [-99.15532275757063, 19.090471645188163], [-99.190192, 19.093609], [-99.18564, 19.100384], [-99.18012748555319, 19.112962637384715]], [[-99.146948, 19.116092], [-99.146744, 19.116097], [-99.14676, 19.116276], [-99.146948, 19.116092]]], [[[-99.14211233002233, 19.13814539518652], [-99.142102, 19.136407], [-99.142424, 19.136177], [-99.142645, 19.136407], [-99.142505, 19.136942], [-99.142887, 19.137229], [-99.14313353844308, 19.13813839730273], [-99.14211233002233, 19.13814539518652]]], [[[-99.14029711944174, 19.138157834011388], [-99.13986, 19.13778], [-99.13950141406971, 19.138163286623815], [-99.13920822147728, 19.138165295741295], [-99.13869, 19.13802], [-99.13855115182619, 19.13816979834524], [-99.13842670572694, 19.1381706511186], [-99.138524, 19.137824], [-99.138093, 19.137722], [-99.13799146175538, 19.138173633650542], [-99.13647261051936, 19.138184041657595], [-99.135989, 19.137575], [-99.135742, 19.137497], [-99.13577205935167, 19.138188842220888], [-99.13380693672937, 19.138202308325816], [-99.133866, 19.132774], [-99.134914, 19.133017], [-99.134677, 19.133763], [-99.135136, 19.134049], [-99.135014, 19.134788], [-99.134703, 19.134912], [-99.135025, 19.134895], [-99.135354, 19.135591], [-99.135479, 19.134168], [-99.136597, 19.132276], [-99.137525, 19.131796], [-99.136129, 19.13118], [-99.136898, 19.130595], [-99.138435, 19.132502], [-99.138267, 19.133107], [-99.139945, 19.134157], [-99.141274, 19.133912], [-99.141404, 19.134488], [-99.140833, 19.135538], [-99.142001, 19.135958], [-99.14031, 19.136166], [-99.14035293183164, 19.138157451554083], [-99.14029711944174, 19.138157834011388]], [[-99.13566, 19.13701], [-99.136594, 19.137142], [-99.137057, 19.137812], [-99.138147, 19.135541], [-99.137528, 19.135449], [-99.137254, 19.135852], [-99.135735, 19.136493], [-99.135224, 19.135938], [-99.134681, 19.136025], [-99.135305, 19.136646], [-99.135316, 19.137507], [-99.13566, 19.13701]]], [[[-99.27324541826319, 19.145452117530578], [-99.272499, 19.145499], [-99.266509, 19.147396], [-99.261943, 19.147859], [-99.26099205132485, 19.148414760538703], [-99.25292350025104, 19.152480083586404], [-99.249209, 19.154275], [-99.24808929553076, 19.154213773409303], [-99.240505, 19.153406], [-99.236361, 19.153493], [-99.231745, 19.152193], [-99.222444, 19.151016], [-99.221365, 19.15092], [-99.220245, 19.15154], [-99.22012023571317, 19.151730752067298], [-99.219936, 19.151839], [-99.21035752686788, 19.166656953641986], [-99.20422631611072, 19.17603095926978], [-99.197762, 19.174583], [-99.19798802314813, 19.17405328011414], [-99.1989360635966, 19.172468920880018], [-99.199404, 19.172827], [-99.20003068314729, 19.17273473634298], [-99.20071, 19.173097], [-99.201248, 19.173096], [-99.20133317705563, 19.17301442979038], [-99.201457, 19.173052], [-99.202099, 19.172573], [-99.201789, 19.172072], [-99.200642, 19.172083], [-99.199629, 19.17077], [-99.1995985109731, 19.170451733122338], [-99.199684, 19.170063], [-99.200003, 19.169351], [-99.200324, 19.169351], [-99.200643, 19.168946], [-99.20107, 19.168806], [-99.201357, 19.168331], [-99.201613, 19.16733], [-99.201421, 19.167079], [-99.199488, 19.166591], [-99.197338, 19.165714], [-99.195747, 19.165404], [-99.194473, 19.16457], [-99.193772, 19.163274], [-99.192266, 19.162615], [-99.191402, 19.161428], [-99.19096, 19.160653], [-99.189807, 19.16013], [-99.188726, 19.159788], [-99.188631, 19.160611], [-99.188726, 19.161623], [-99.188009, 19.162505], [-99.18599436578947, 19.16215579673684], [-99.18477, 19.161437], [-99.18425789341856, 19.16048291314377], [-99.185379, 19.158455], [-99.185247, 19.157537], [-99.182926, 19.15697], [-99.181136, 19.156782], [-99.180959, 19.156549], [-99.180605, 19.156301], [-99.179238, 19.156366], [-99.177525, 19.155262], [-99.174698, 19.153885], [-99.173722, 19.154283], [-99.172874, 19.153841], [-99.172652, 19.15297], [-99.173481, 19.151632], [-99.173302, 19.150714], [-99.17254758899736, 19.149797643171087], [-99.174723, 19.145894], [-99.179838, 19.14053], [-99.20843188897271, 19.11268992356131], [-99.210385, 19.11236], [-99.210974, 19.112174], [-99.211788, 19.111699], [-99.213297, 19.11055], [-99.213885, 19.109688], [-99.214654, 19.109156], [-99.215409, 19.10904], [-99.216239, 19.109154], [-99.217401, 19.109645], [-99.218363, 19.109823], [-99.218854, 19.109752], [-99.21925906125901, 19.109494363863526], [-99.219453, 19.109488], [-99.21971870282319, 19.10906730386328], [-99.220098, 19.108655], [-99.2201819153046, 19.108333884101054], [-99.220281, 19.108177], [-99.219925, 19.106171], [-99.220891, 19.106414], [-99.221214, 19.106942], [-99.222261, 19.107018], [-99.222542, 19.106501], [-99.222664, 19.107362], [-99.22188, 19.10807], [-99.223731, 19.107762], [-99.224595, 19.106843], [-99.223206, 19.107346], [-99.224092, 19.106401], [-99.225198, 19.106536], [-99.225823, 19.107071], [-99.225759, 19.107562], [-99.225033, 19.108284], [-99.22464, 19.108268], [-99.224658, 19.108603], [-99.225203, 19.110324], [-99.225587, 19.11035], [-99.225689, 19.111204], [-99.225946, 19.111231], [-99.226452, 19.110724], [-99.226248, 19.108907], [-99.22716, 19.107522], [-99.228681, 19.107201], [-99.229063, 19.107602], [-99.2315582433293, 19.105370573885647], [-99.23197234014242, 19.105779944827315], [-99.230808, 19.106822], [-99.231132, 19.107807], [-99.229749, 19.108845], [-99.22842, 19.108043], [-99.226791, 19.108849], [-99.226733, 19.110723], [-99.226151, 19.111489], [-99.226695, 19.111814], [-99.227317, 19.110971], [-99.230215, 19.111102], [-99.232427, 19.109377], [-99.232364, 19.108153], [-99.231921, 19.107828], [-99.23270024725409, 19.106499544713902], [-99.236056, 19.109817], [-99.2385640763172, 19.11102398820267], [-99.238243, 19.111262], [-99.237317, 19.111034], [-99.237117, 19.111378], [-99.238989, 19.111701], [-99.23603, 19.111705], [-99.23593, 19.112202], [-99.235327, 19.112356], [-99.237141, 19.113733], [-99.237724, 19.113364], [-99.238205, 19.112353], [-99.239331, 19.111835], [-99.240076, 19.112369], [-99.240317, 19.112019], [-99.241135, 19.112426], [-99.241773, 19.11594], [-99.242915, 19.115924], [-99.243187, 19.116354], [-99.243125, 19.115708], [-99.243561, 19.116405], [-99.245136, 19.11549], [-99.245968, 19.116228], [-99.247283, 19.115855], [-99.248371, 19.116031], [-99.24858673477074, 19.11584729857401], [-99.25136475583716, 19.11718419515525], [-99.251287, 19.117484], [-99.251721, 19.117962], [-99.252435, 19.117903], [-99.25449, 19.119142], [-99.255124, 19.119207], [-99.25524124880981, 19.11904972103804], [-99.26850590394638, 19.12543321190416], [-99.269681, 19.126142], [-99.266862, 19.12913], [-99.264602, 19.131048], [-99.264176, 19.132041], [-99.265285, 19.132936], [-99.266098, 19.132689], [-99.268418, 19.12923], [-99.269221, 19.128697], [-99.270984, 19.129071], [-99.271888, 19.128338], [-99.271961, 19.127942], [-99.271027, 19.127117], [-99.271143, 19.126746], [-99.27559, 19.129578], [-99.27176, 19.132181], [-99.270454, 19.132218], [-99.270349, 19.132431], [-99.271042, 19.136047], [-99.271253, 19.136012], [-99.271094, 19.135517], [-99.27295, 19.135235], [-99.272987, 19.134711], [-99.274984, 19.132836], [-99.275732, 19.133157], [-99.272566, 19.13596], [-99.274101, 19.137464], [-99.271763, 19.138493], [-99.272028, 19.139103], [-99.273267, 19.139703], [-99.273704, 19.139323], [-99.274157, 19.139659], [-99.274294, 19.140297], [-99.273299, 19.141009], [-99.273844, 19.141682], [-99.273911, 19.141116], [-99.274153, 19.141481], [-99.274696, 19.141236], [-99.275315, 19.141472], [-99.275569, 19.144513], [-99.272708, 19.145003], [-99.27413578566757, 19.145342610289546], [-99.27324541826319, 19.145452117530578]], [[-99.18053, 19.144901], [-99.17829, 19.144626], [-99.17829, 19.144927], [-99.180491, 19.146217], [-99.1818, 19.146503], [-99.182277, 19.146143], [-99.182142, 19.145786], [-99.18053, 19.144901]], [[-99.182201, 19.148087], [-99.181366, 19.148356], [-99.180399, 19.147678], [-99.180056, 19.148112], [-99.180108, 19.148453], [-99.181347, 19.149255], [-99.18179, 19.149341], [-99.182585, 19.148862], [-99.182201, 19.148087]], [[-99.187342, 19.158875], [-99.187009, 19.158089], [-99.186614, 19.158314], [-99.186234, 19.158092], [-99.1853, 19.160073], [-99.186589, 19.160674], [-99.186656, 19.159932], [-99.187342, 19.158875]], [[-99.188117, 19.139222], [-99.188721, 19.139327], [-99.188579, 19.138437], [-99.187452, 19.13841], [-99.187805, 19.139289], [-99.186788, 19.139511], [-99.186608, 19.139922], [-99.187224, 19.139808], [-99.18678, 19.140228], [-99.188641, 19.139968], [-99.188117, 19.139222]], [[-99.189254, 19.159533], [-99.190348, 19.158269], [-99.188409, 19.159254], [-99.189254, 19.159533]], [[-99.197672, 19.127766], [-99.197628, 19.127766], [-99.197618, 19.127814], [-99.197672, 19.127766]], [[-99.207954, 19.116248], [-99.208042, 19.115336], [-99.207363, 19.115843], [-99.206881, 19.116953], [-99.207358, 19.117031], [-99.207954, 19.116248]], [[-99.218923, 19.115413], [-99.22033, 19.113713], [-99.219482, 19.110617], [-99.218638, 19.111574], [-99.218996, 19.113141], [-99.218193, 19.114505], [-99.218923, 19.115413]], [[-99.220428, 19.113056], [-99.221591, 19.112833], [-99.220779, 19.112529], [-99.220779, 19.112153], [-99.222513, 19.111284], [-99.221179, 19.110311], [-99.22062, 19.110861], [-99.220985, 19.111453], [-99.220428, 19.113056]], [[-99.222278, 19.113215], [-99.222592, 19.113072], [-99.222063, 19.112367], [-99.221814, 19.112609], [-99.222278, 19.113215]], [[-99.223575, 19.111917], [-99.223703, 19.111573], [-99.223195, 19.111846], [-99.223575, 19.111917]]], [[[-99.172361, 19.149571], [-99.17246342064014, 19.149388980963298], [-99.172536, 19.149419], [-99.17240615339544, 19.149625846260356], [-99.172361, 19.149571]]], [[[-99.17456, 19.145663], [-99.17510394065884, 19.145155338847815], [-99.174492, 19.145865], [-99.17446807388525, 19.145826368465876], [-99.17456, 19.145663]]], [[[-99.2790375021928, 19.132231987241866], [-99.278708, 19.133261], [-99.276836, 19.133055], [-99.276591, 19.131313], [-99.276041, 19.131593], [-99.27595, 19.131141], [-99.276402, 19.130782], [-99.276877, 19.130832], [-99.277164, 19.130341], [-99.278856, 19.131479], [-99.27909737554586, 19.13188363318777], [-99.2790375021928, 19.132231987241866]]], [[[-99.194399, 19.094329], [-99.1955, 19.094453], [-99.195527, 19.094991], [-99.19479, 19.09513], [-99.194399, 19.094329]]], [[[-99.21979, 19.10548], [-99.220165, 19.104404], [-99.221267, 19.103887], [-99.220145, 19.105167], [-99.220448, 19.105875], [-99.220066, 19.105703], [-99.219925, 19.106135], [-99.21979, 19.10548]]]]}}, {"type": "Feature", "properties": {"cruce": "Inventario × ARCAC", "a": "San Nicolás Totolapan", "a_sub": "ANP · Local", "b": "La Magdalena Contreras", "b_sub": "ARCAC · Comunidad", "ha": 0.81, "pct_a": 0.0, "pct_b": 0.0}, "geometry": {"type": "MultiPolygon", "coordinates": [[[[-99.278037, 19.247505], [-99.27816295052779, 19.247670773121133], [-99.27681144953397, 19.246542200126303], [-99.278037, 19.247505]]], [[[-99.278587, 19.250674], [-99.27866936948358, 19.25180610150686], [-99.27818413641835, 19.24776442968813], [-99.278587, 19.250674]]], [[[-99.276406, 19.257937], [-99.27592861134838, 19.259093297922576], [-99.27655789640448, 19.257434315213892], [-99.276406, 19.257937]]], [[[-99.2756, 19.260984], [-99.275108, 19.262878], [-99.274803, 19.264704], [-99.27426320400635, 19.266454096437805], [-99.27591391961171, 19.25914293057917], [-99.2756, 19.260984]]], [[[-99.274262, 19.266458], [-99.27425480035521, 19.266466217683725], [-99.27426287079265, 19.266455176764623], [-99.274262, 19.266458]]], [[[-99.259442, 19.288266], [-99.25943899192733, 19.28826478845716], [-99.25958678939145, 19.288202492632657], [-99.259442, 19.288266]]]]}}, {"type": "Feature", "properties": {"cruce": "Inventario × ARCAC", "a": "San Nicolás Totolapan", "a_sub": "ANP · Local", "b": "San Nicolás Totolapan", "b_sub": "ARCAC · Ejido", "ha": 1377.53, "pct_a": 69.3, "pct_b": 99.8}, "geometry": {"type": "MultiPolygon", "coordinates": [[[[-99.240612, 19.253473], [-99.238451, 19.251253], [-99.23726044287481, 19.24885205452813], [-99.239258, 19.249098], [-99.24046, 19.248038], [-99.241831, 19.249265], [-99.241365, 19.25038], [-99.241522, 19.251854], [-99.242549, 19.253484], [-99.242647, 19.25529], [-99.24198017035262, 19.25536298135571], [-99.240612, 19.253473]]], [[[-99.254773, 19.240784], [-99.25506811411643, 19.240782241623936], [-99.255444, 19.241003], [-99.25572089599221, 19.240778352158934], [-99.25578, 19.240778], [-99.264093, 19.233986], [-99.265682, 19.234498], [-99.267225, 19.234075], [-99.267825, 19.2346], [-99.267813, 19.233419], [-99.269114, 19.233426], [-99.271176, 19.232034], [-99.272248, 19.230919], [-99.274275, 19.229885], [-99.27582, 19.22966], [-99.281049, 19.23007], [-99.282941, 19.231288], [-99.284175, 19.231351], [-99.284755, 19.231713], [-99.284638, 19.231139], [-99.285547, 19.231337], [-99.285919, 19.231127], [-99.286272, 19.231412], [-99.287695, 19.231148], [-99.288553, 19.230319], [-99.288994, 19.230339], [-99.289617, 19.230866], [-99.291126, 19.230731], [-99.292895, 19.231583], [-99.29367669439718, 19.23163597928779], [-99.293072, 19.233479], [-99.286691, 19.239837], [-99.284815, 19.240082], [-99.279722, 19.237883], [-99.27845, 19.237663], [-99.27729, 19.237997], [-99.275469, 19.239893], [-99.27488, 19.242325], [-99.275873, 19.242891], [-99.276946, 19.244493], [-99.276711, 19.246467], [-99.278156, 19.247684], [-99.278657, 19.251856], [-99.27809, 19.253036], [-99.276949, 19.25614], [-99.27662573139318, 19.25720982262698], [-99.275901, 19.25912], [-99.274245, 19.266458], [-99.273477, 19.267354], [-99.272336, 19.268919], [-99.271621, 19.267947], [-99.27128, 19.268337], [-99.271264, 19.269052], [-99.268342, 19.270485], [-99.268531, 19.270842], [-99.267847, 19.271087], [-99.267745, 19.271671], [-99.26722, 19.271428], [-99.267795, 19.270356], [-99.267623, 19.269869], [-99.267196, 19.270254], [-99.266444, 19.270358], [-99.266241, 19.270875], [-99.265818, 19.271022], [-99.264255, 19.270507], [-99.263879, 19.270621], [-99.263694, 19.2727], [-99.263233, 19.27314], [-99.263038, 19.274558], [-99.262365, 19.275333], [-99.260604, 19.27579], [-99.259406, 19.275242], [-99.258705, 19.275419], [-99.258842, 19.275728], [-99.257868, 19.276086], [-99.257435, 19.276575], [-99.257921, 19.276898], [-99.256721, 19.277466], [-99.257201, 19.27625], [-99.255254, 19.277341], [-99.254777, 19.278543], [-99.255529, 19.278526], [-99.256744, 19.279027], [-99.257068, 19.278686], [-99.257068, 19.278361], [-99.25676, 19.27841], [-99.25681, 19.277647], [-99.25746, 19.277581], [-99.257119, 19.278004], [-99.258112, 19.278831], [-99.257993, 19.279302], [-99.255017, 19.279046], [-99.251581, 19.280236], [-99.253221, 19.278919], [-99.253003, 19.278056], [-99.252735, 19.27799], [-99.252444, 19.278057], [-99.252387, 19.278565], [-99.251678, 19.278854], [-99.249852, 19.279397], [-99.249712, 19.279022], [-99.249165, 19.279056], [-99.249429, 19.279471], [-99.249256, 19.279672], [-99.248852, 19.279454], [-99.248467, 19.280322], [-99.24675, 19.280969], [-99.248219, 19.280181], [-99.248529, 19.279455], [-99.246601, 19.27983], [-99.246189, 19.279411], [-99.245846, 19.280071], [-99.245581, 19.279799], [-99.245739, 19.279308], [-99.247987, 19.278195], [-99.250668, 19.275853], [-99.251284, 19.275738], [-99.252069, 19.274649], [-99.252326, 19.274602], [-99.252169, 19.274799], [-99.252411, 19.274909], [-99.255579, 19.273588], [-99.254774, 19.273344], [-99.256135, 19.272863], [-99.255761, 19.272434], [-99.256586, 19.271533], [-99.257002, 19.271628], [-99.257776, 19.270782], [-99.25869, 19.270297], [-99.258661, 19.269466], [-99.25776, 19.268803], [-99.256813, 19.269839], [-99.25704, 19.270231], [-99.256216, 19.269931], [-99.255655, 19.270787], [-99.255102, 19.2708], [-99.254631, 19.272306], [-99.254205, 19.272259], [-99.25349, 19.272872], [-99.252585, 19.273104], [-99.252291, 19.272012], [-99.251611, 19.272206], [-99.251479, 19.272576], [-99.251319, 19.272269], [-99.250955, 19.272109], [-99.251223, 19.271763], [-99.251169, 19.271744], [-99.252502, 19.271463], [-99.252211, 19.270794], [-99.255405, 19.269441], [-99.2556, 19.26914], [-99.252571, 19.26913], [-99.25110556421454, 19.269976598143526], [-99.251278, 19.269855], [-99.251332, 19.269767], [-99.251185, 19.269668], [-99.250954, 19.269756], [-99.25078715723389, 19.269919889796803], [-99.249803, 19.268576], [-99.249028, 19.268929], [-99.248299, 19.268766], [-99.250031, 19.26748], [-99.251155, 19.267139], [-99.251569, 19.266602], [-99.250945, 19.266524], [-99.251271, 19.266106], [-99.251099, 19.265491], [-99.25072, 19.265465], [-99.250414, 19.266002], [-99.249221, 19.265564], [-99.24798, 19.265689], [-99.248964, 19.265192], [-99.247978, 19.264614], [-99.249144, 19.263368], [-99.248364, 19.263191], [-99.248555, 19.262479], [-99.248273, 19.261134], [-99.249728, 19.26078], [-99.249851, 19.260089], [-99.250495, 19.259488], [-99.251554, 19.260164], [-99.251166, 19.257856], [-99.250671, 19.257922], [-99.25006, 19.25747], [-99.249667, 19.256515], [-99.247224, 19.257379], [-99.246387, 19.258254], [-99.24489, 19.258374], [-99.244199, 19.258876], [-99.243593, 19.259642], [-99.244124, 19.260344], [-99.244687, 19.260396], [-99.245224, 19.261203], [-99.244905, 19.263052], [-99.244365, 19.263511], [-99.243146, 19.261232], [-99.241716, 19.262112], [-99.240285, 19.262469], [-99.240164, 19.262857], [-99.239885, 19.262742], [-99.239496, 19.262451], [-99.24003650105261, 19.260662504743625], [-99.24203438508546, 19.258687732479807], [-99.24246, 19.259191], [-99.243504, 19.259067], [-99.244409, 19.257853], [-99.245289, 19.257724], [-99.245404, 19.257155], [-99.246249, 19.25763], [-99.246495, 19.256059], [-99.246314, 19.255801], [-99.245131, 19.256394], [-99.244917, 19.256269], [-99.247826, 19.251923], [-99.248621, 19.251612], [-99.249857, 19.251669], [-99.250806, 19.252317], [-99.253631, 19.251425], [-99.253721, 19.251895], [-99.255431, 19.252562], [-99.260867, 19.249542], [-99.261007, 19.248738], [-99.258188, 19.249335], [-99.257223, 19.250044], [-99.255872, 19.249558], [-99.255681, 19.249224], [-99.25274, 19.249046], [-99.251825, 19.25008], [-99.250547, 19.250665], [-99.249913, 19.250671], [-99.249841, 19.249911], [-99.251289, 19.248924], [-99.25149, 19.248359], [-99.250944, 19.247843], [-99.250439, 19.248342], [-99.25024, 19.248225], [-99.250341, 19.247564], [-99.249079, 19.245385], [-99.248132, 19.245924], [-99.247686, 19.246545], [-99.247043, 19.248317], [-99.245797, 19.248504], [-99.245256, 19.245608], [-99.24506, 19.245551], [-99.24444, 19.244525], [-99.244502, 19.244302], [-99.245444, 19.245011], [-99.245612, 19.24478], [-99.245502, 19.245138], [-99.245909, 19.244884], [-99.245666, 19.245963], [-99.246089, 19.246479], [-99.24642, 19.246416], [-99.246664, 19.247066], [-99.247106, 19.246911], [-99.247258, 19.245394], [-99.248527, 19.245206], [-99.249175, 19.244531], [-99.249062, 19.244208], [-99.248601, 19.244474], [-99.24771, 19.244447], [-99.247611, 19.243815], [-99.249081, 19.242794], [-99.249263, 19.241156], [-99.249523, 19.241219], [-99.24968, 19.242993], [-99.25004, 19.243124], [-99.250291, 19.241218], [-99.250696, 19.241838], [-99.251572, 19.241819], [-99.251869, 19.242581], [-99.252666, 19.242184], [-99.253342, 19.240286], [-99.253806, 19.240041], [-99.254773, 19.240784]], [[-99.240781, 19.261503], [-99.240829, 19.261498], [-99.240799, 19.261441], [-99.240781, 19.261503]], [[-99.244922, 19.245199], [-99.244942, 19.245317], [-99.244973, 19.245317], [-99.244922, 19.245199]], [[-99.248284, 19.255752], [-99.248646, 19.256004], [-99.249268, 19.25549], [-99.249167, 19.255197], [-99.25015, 19.254356], [-99.250402, 19.253094], [-99.249975, 19.252732], [-99.248075, 19.254075], [-99.248222, 19.254622], [-99.247091, 19.255867], [-99.247006, 19.256354], [-99.247757, 19.256406], [-99.248284, 19.255752]], [[-99.247412, 19.252861], [-99.247361, 19.252898], [-99.247402, 19.252948], [-99.247412, 19.252861]], [[-99.247705, 19.253099], [-99.247632, 19.253123], [-99.247665, 19.25318], [-99.247705, 19.253099]], [[-99.24772, 19.252903], [-99.247813, 19.252896], [-99.247747, 19.252824], [-99.24772, 19.252903]], [[-99.247884, 19.279468], [-99.249092, 19.278924], [-99.248911, 19.278906], [-99.247884, 19.279468]], [[-99.248229, 19.252553], [-99.248196, 19.252503], [-99.248146, 19.252529], [-99.248229, 19.252553]], [[-99.249825, 19.26263], [-99.250161, 19.261636], [-99.249215, 19.261525], [-99.248946, 19.261782], [-99.248852, 19.262625], [-99.249825, 19.26263]], [[-99.251198, 19.263664], [-99.25065, 19.263209], [-99.249607, 19.263289], [-99.248922, 19.264249], [-99.249684, 19.264767], [-99.251246, 19.265202], [-99.251198, 19.263664]], [[-99.250722, 19.277872], [-99.249513, 19.278415], [-99.249781, 19.278779], [-99.250921, 19.278302], [-99.250722, 19.277872]], [[-99.255751, 19.244392], [-99.255395, 19.243268], [-99.253962, 19.244233], [-99.252599, 19.242669], [-99.250586, 19.243055], [-99.25053, 19.246405], [-99.25108, 19.247112], [-99.253862, 19.246041], [-99.255751, 19.244392]], [[-99.251781, 19.277892], [-99.252826, 19.277725], [-99.252769, 19.277427], [-99.251548, 19.27765], [-99.251781, 19.277892]], [[-99.253478, 19.2662], [-99.253673, 19.266685], [-99.255106, 19.266055], [-99.255166, 19.265121], [-99.25592, 19.264625], [-99.25629, 19.263971], [-99.256338, 19.263303], [-99.255924, 19.2628], [-99.254415, 19.262768], [-99.251853, 19.26385], [-99.251886, 19.26474], [-99.252118, 19.264913], [-99.253009, 19.264683], [-99.253385, 19.265108], [-99.253088, 19.265706], [-99.253378, 19.265902], [-99.252607, 19.266378], [-99.252799, 19.266717], [-99.253478, 19.2662]], [[-99.255106, 19.245598], [-99.253886, 19.246504], [-99.25298, 19.246737], [-99.252559, 19.247632], [-99.255236, 19.248479], [-99.256141, 19.247067], [-99.255761, 19.246076], [-99.255106, 19.245598]], [[-99.253608, 19.272223], [-99.254058, 19.271264], [-99.254692, 19.271183], [-99.254629, 19.270805], [-99.254961, 19.270511], [-99.253894, 19.270306], [-99.253268, 19.270905], [-99.253092, 19.272295], [-99.253608, 19.272223]], [[-99.257422, 19.243393], [-99.256666, 19.244194], [-99.256128, 19.243476], [-99.255591, 19.243662], [-99.256351, 19.24562], [-99.257267, 19.245897], [-99.257632, 19.245352], [-99.257777, 19.244343], [-99.257422, 19.243393]], [[-99.255863, 19.273772], [-99.255732, 19.274142], [-99.25619, 19.274112], [-99.256163, 19.273787], [-99.256647, 19.273571], [-99.255863, 19.273772]], [[-99.257299, 19.268506], [-99.256972, 19.26832], [-99.255973, 19.269107], [-99.255918, 19.269484], [-99.256563, 19.26947], [-99.257299, 19.268506]], [[-99.256606, 19.274161], [-99.256727, 19.274506], [-99.257668, 19.27398], [-99.257463, 19.273705], [-99.256889, 19.273756], [-99.256606, 19.274161]], [[-99.256866, 19.273028], [-99.256753, 19.273098], [-99.256823, 19.27319], [-99.256866, 19.273028]], [[-99.259033, 19.270875], [-99.257555, 19.272761], [-99.258364, 19.273461], [-99.258914, 19.273218], [-99.260482, 19.271633], [-99.260243, 19.270729], [-99.259033, 19.270875]], [[-99.258392, 19.26665], [-99.258128, 19.266896], [-99.25815, 19.267517], [-99.258562, 19.266919], [-99.258392, 19.26665]], [[-99.267681, 19.245718], [-99.26775, 19.245592], [-99.267623, 19.245529], [-99.267681, 19.245718]], [[-99.269631, 19.262422], [-99.269678, 19.262274], [-99.269467, 19.262213], [-99.269631, 19.262422]], [[-99.269659, 19.243411], [-99.26972, 19.243481], [-99.269821, 19.243403], [-99.269659, 19.243411]], [[-99.270869, 19.241453], [-99.270781, 19.241495], [-99.270864, 19.241653], [-99.270869, 19.241453]], [[-99.270812, 19.244432], [-99.270919, 19.244414], [-99.270902, 19.244321], [-99.270812, 19.244432]], [[-99.271997, 19.242197], [-99.271922, 19.242251], [-99.271969, 19.24231], [-99.271997, 19.242197]], [[-99.274356, 19.237786], [-99.27428, 19.237876], [-99.274414, 19.237977], [-99.274356, 19.237786]], [[-99.283808, 19.239582], [-99.284307, 19.23935], [-99.283384, 19.238803], [-99.283808, 19.239582]]], [[[-99.278051, 19.225133], [-99.28804080964939, 19.22928758967885], [-99.288082, 19.229305], [-99.2875, 19.229796], [-99.28639, 19.229862], [-99.284583, 19.229204], [-99.28127, 19.227323], [-99.279203, 19.228047], [-99.276198, 19.226159], [-99.275626, 19.226639], [-99.274313, 19.226002], [-99.272126, 19.22658], [-99.271477, 19.227018], [-99.271346, 19.227829], [-99.269449, 19.227221], [-99.271204, 19.225229], [-99.27530343852702, 19.223904181451637], [-99.278051, 19.225133]]], [[[-99.2667498251371, 19.27671197578076], [-99.265667, 19.276562], [-99.265614, 19.275994], [-99.265204, 19.276238], [-99.265203, 19.275215], [-99.265629, 19.274386], [-99.2672, 19.273247], [-99.267404, 19.272289], [-99.268249, 19.272036], [-99.268428, 19.271215], [-99.270923, 19.27014], [-99.271451, 19.269525], [-99.271469, 19.269067], [-99.27216, 19.269186], [-99.2667498251371, 19.27671197578076]], [[-99.267457, 19.273409], [-99.266654, 19.274478], [-99.267102, 19.274743], [-99.267534, 19.274381], [-99.267964, 19.273707], [-99.267457, 19.273409]]], [[[-99.26320080441198, 19.281648914490976], [-99.261792, 19.281033], [-99.261671, 19.280189], [-99.260953, 19.28071], [-99.26133, 19.281132], [-99.26087, 19.281895], [-99.260407, 19.28149], [-99.259747, 19.281664], [-99.260184, 19.280808], [-99.260885, 19.280645], [-99.261089, 19.279817], [-99.261688, 19.280059], [-99.262576, 19.279473], [-99.262252, 19.280042], [-99.263159, 19.280593], [-99.263718, 19.280112], [-99.263826, 19.279455], [-99.264986, 19.278658], [-99.265013, 19.278283], [-99.26546090599734, 19.278504953418327], [-99.26320080441198, 19.281648914490976]]], [[[-99.26245383755025, 19.282687998199005], [-99.262003, 19.282683], [-99.26207, 19.282972], [-99.2623421084432, 19.28284342128508], [-99.262166, 19.283088], [-99.259438, 19.284674], [-99.258959, 19.28461], [-99.258958, 19.284302], [-99.25951, 19.284108], [-99.259624, 19.283555], [-99.2587, 19.28336], [-99.25853, 19.283864], [-99.258, 19.284011], [-99.25848, 19.285049], [-99.257165, 19.286188], [-99.257555, 19.286368], [-99.257866, 19.286134], [-99.257911, 19.28642], [-99.25826, 19.286154], [-99.258884, 19.286239], [-99.258978, 19.285796], [-99.258157, 19.285674], [-99.2586, 19.285301], [-99.25859, 19.285588], [-99.259043, 19.285625], [-99.258823, 19.285098], [-99.259506, 19.284869], [-99.259404, 19.285275], [-99.259764, 19.285453], [-99.259405, 19.285974], [-99.259679, 19.286629], [-99.260262, 19.286882], [-99.261167, 19.286345], [-99.26157072784741, 19.285600501865538], [-99.261788, 19.287237], [-99.259442, 19.288266], [-99.25818287593049, 19.287758870381044], [-99.256618, 19.286124], [-99.257882, 19.285099], [-99.257779, 19.284693], [-99.257317, 19.284661], [-99.256497, 19.285036], [-99.25564221016239, 19.286735582133247], [-99.255462, 19.286663], [-99.2551975294583, 19.28677591322214], [-99.254495, 19.286839], [-99.25465469059668, 19.287007673192743], [-99.254586, 19.287037], [-99.25382, 19.287991], [-99.253164, 19.288428], [-99.252548, 19.288453], [-99.252635936, 19.288661848000004], [-99.25243, 19.288753], [-99.252166, 19.289124], [-99.251855, 19.28866], [-99.250817, 19.288598], [-99.250192, 19.288891], [-99.249425, 19.288621], [-99.249294, 19.288393], [-99.250103, 19.287706], [-99.251897, 19.287163], [-99.253493, 19.285602], [-99.255102, 19.284604], [-99.254998, 19.284257], [-99.25395, 19.28425], [-99.252703, 19.284607], [-99.252348, 19.284843], [-99.252529, 19.285354], [-99.251481, 19.285427], [-99.251107, 19.285792], [-99.249645, 19.285328], [-99.24876, 19.284321], [-99.249257, 19.284166], [-99.250185, 19.284546], [-99.251389, 19.284087], [-99.251958, 19.284398], [-99.25268, 19.283961], [-99.252921, 19.284189], [-99.254737, 19.2835], [-99.255526, 19.284061], [-99.255919, 19.283041], [-99.255393, 19.282938], [-99.255327, 19.282585], [-99.255567, 19.282273], [-99.25629, 19.282376], [-99.256573, 19.281689], [-99.25572, 19.282065], [-99.253093, 19.282006], [-99.25224, 19.282548], [-99.251475, 19.281828], [-99.252004, 19.281727], [-99.250417, 19.281299], [-99.249511, 19.281357], [-99.249238, 19.280798], [-99.254165, 19.281651], [-99.255894, 19.281607], [-99.256769, 19.281107], [-99.253197, 19.281309], [-99.253507, 19.280904], [-99.254514, 19.280591], [-99.255127, 19.280548], [-99.255259, 19.280964], [-99.257366, 19.280816], [-99.257077, 19.281647], [-99.256093, 19.282875], [-99.256379, 19.283519], [-99.257058, 19.283539], [-99.256852, 19.283092], [-99.257975, 19.282166], [-99.258214, 19.28169], [-99.25764, 19.281762], [-99.257667, 19.281268], [-99.257842, 19.281478], [-99.258089, 19.281162], [-99.257684, 19.280959], [-99.258544, 19.280613], [-99.258062, 19.281216], [-99.259747, 19.281664], [-99.260317, 19.282121], [-99.260297, 19.283077], [-99.261106, 19.282681], [-99.261654, 19.282763], [-99.262331, 19.282263], [-99.26267887233104, 19.282374958911138], [-99.26245383755025, 19.282687998199005]], [[-99.249963, 19.288574], [-99.250226, 19.288623], [-99.250182, 19.288294], [-99.249639, 19.288295], [-99.249963, 19.288574]], [[-99.250997, 19.288474], [-99.251128, 19.288443], [-99.251109, 19.288375], [-99.250997, 19.288474]], [[-99.251997, 19.288619], [-99.251981, 19.288807], [-99.252391, 19.288797], [-99.252419, 19.288499], [-99.251997, 19.288619]], [[-99.259031, 19.286884], [-99.258944, 19.286461], [-99.258808, 19.286592], [-99.259031, 19.286884]]], [[[-99.247709, 19.273586], [-99.247946, 19.273529], [-99.248335, 19.273549], [-99.248475, 19.273485], [-99.24847, 19.273266], [-99.248324, 19.273363], [-99.247833, 19.273436], [-99.2478269765519, 19.273399585518334], [-99.248123, 19.273138], [-99.24802318964488, 19.273086594666804], [-99.248113, 19.272995], [-99.2482229716113, 19.272672717265333], [-99.24848889631618, 19.27266477921444], [-99.248496, 19.272737], [-99.248631, 19.272737], [-99.24862576763903, 19.272551687215184], [-99.24873622382027, 19.2724396902328], [-99.248787, 19.272495], [-99.2489909615187, 19.272181399087835], [-99.24907719890922, 19.272093958734583], [-99.249213, 19.27205], [-99.249213, 19.271956263295557], [-99.24949913503234, 19.271666136841667], [-99.249558, 19.271645], [-99.24953341180799, 19.271631381924426], [-99.249662, 19.271501], [-99.24982073835952, 19.271451555146122], [-99.250174, 19.271488], [-99.250443, 19.271418], [-99.2504384825454, 19.271259136180113], [-99.2508752770346, 19.27112308059936], [-99.2509550480805, 19.271132577152443], [-99.250518, 19.271349], [-99.250857, 19.271885], [-99.250041, 19.272132], [-99.249422, 19.272921], [-99.249362, 19.273151], [-99.250284, 19.273394], [-99.249575, 19.274169], [-99.248548, 19.274415], [-99.248079, 19.273842], [-99.24663, 19.274948], [-99.24646858479612, 19.274613501023286], [-99.247709, 19.273586]], [[-99.248097, 19.273211], [-99.247959, 19.273297], [-99.248032, 19.273376], [-99.248097, 19.273211]]], [[[-99.251295, 19.272302], [-99.251287, 19.27229], [-99.251319, 19.272269], [-99.251295, 19.272302]]], [[[-99.242122, 19.263933], [-99.242869, 19.263812], [-99.242782, 19.263493], [-99.244015, 19.263543], [-99.244982, 19.264269], [-99.245218, 19.264863], [-99.245065, 19.265719], [-99.244702, 19.266221], [-99.243574, 19.266793], [-99.241888, 19.265023], [-99.242122, 19.263933]]], [[[-99.244774, 19.24414], [-99.244837, 19.244187], [-99.244745, 19.244157], [-99.244774, 19.24414]]], [[[-99.245049, 19.244367], [-99.245332, 19.244729], [-99.245091, 19.24447], [-99.245049, 19.244367]]], [[[-99.251102, 19.271788], [-99.251138, 19.271807], [-99.251118, 19.271818], [-99.251102, 19.271788]]]]}}, {"type": "Feature", "properties": {"cruce": "Inventario × ARCAC", "a": "Cumbres del Ajusco", "a_sub": "ANP · Federal", "b": "San Miguel Ajusco", "b_sub": "ARCAC · Comunidad", "ha": 500.38, "pct_a": 100.0, "pct_b": 8.7}, "geometry": {"type": "Polygon", "coordinates": [[[-99.256986, 19.21903], [-99.256795, 19.218858], [-99.2563, 19.218841], [-99.255739, 19.219059], [-99.255511, 19.219086], [-99.25513, 19.218969], [-99.25454, 19.218889], [-99.253693, 19.218691], [-99.253465, 19.218583], [-99.253112, 19.218276], [-99.252931, 19.217978], [-99.252711, 19.217084], [-99.252691, 19.21674], [-99.252776, 19.2158], [-99.252479, 19.21478], [-99.252384, 19.214644], [-99.252137, 19.214744], [-99.251661, 19.214681], [-99.251452, 19.214727], [-99.251081, 19.214926], [-99.250719, 19.214918], [-99.250577, 19.214963], [-99.250045, 19.215361], [-99.24955, 19.215452], [-99.249483, 19.215389], [-99.249369, 19.215064], [-99.249092, 19.214748], [-99.24894, 19.214703], [-99.248854, 19.214748], [-99.248483, 19.214767], [-99.248056, 19.215084], [-99.247752, 19.215428], [-99.247533, 19.215573], [-99.247096, 19.215727], [-99.246259, 19.215746], [-99.245992, 19.215701], [-99.245497, 19.215413], [-99.245231, 19.215323], [-99.24368, 19.215216], [-99.243451, 19.215162], [-99.24287, 19.214802], [-99.24268, 19.21444], [-99.242632, 19.214097], [-99.242924, 19.212488], [-99.243284, 19.211511], [-99.243607, 19.211267], [-99.24355, 19.210888], [-99.243587, 19.210644], [-99.244091, 19.21001], [-99.244547, 19.209784], [-99.244946, 19.209223], [-99.245174, 19.209015], [-99.245526, 19.208815], [-99.24621, 19.208598], [-99.246904, 19.208479], [-99.24698, 19.208389], [-99.24735, 19.207204], [-99.247653, 19.206445], [-99.247805, 19.206264], [-99.248299, 19.205947], [-99.248442, 19.205784], [-99.248915, 19.204238], [-99.249162, 19.203921], [-99.249685, 19.203595], [-99.250558, 19.202718], [-99.250663, 19.202519], [-99.250681, 19.202076], [-99.250766, 19.201841], [-99.251137, 19.201488], [-99.251413, 19.201388], [-99.251622, 19.201424], [-99.251755, 19.201532], [-99.251898, 19.20155], [-99.252002, 19.201026], [-99.252125, 19.200926], [-99.25242, 19.200844], [-99.253029, 19.200771], [-99.253323, 19.200563], [-99.253552, 19.200481], [-99.253866, 19.200517], [-99.254074, 19.200201], [-99.254198, 19.200173], [-99.254512, 19.200227], [-99.254711, 19.200028], [-99.254826, 19.199983], [-99.255082, 19.199973], [-99.255301, 19.199855], [-99.25551, 19.199909], [-99.255719, 19.199737], [-99.255853, 19.19971], [-99.256709, 19.199727], [-99.257204, 19.199862], [-99.257584, 19.199771], [-99.257926, 19.199798], [-99.259229, 19.199407], [-99.25979, 19.199343], [-99.260542, 19.199396], [-99.261455, 19.199386], [-99.262112, 19.199584], [-99.263597, 19.200305], [-99.264653, 19.200683], [-99.265634, 19.201332], [-99.266034, 19.201413], [-99.266367, 19.201602], [-99.26692, 19.202053], [-99.26731, 19.202495], [-99.268206, 19.203244], [-99.268654, 19.203777], [-99.268902, 19.204201], [-99.269064, 19.204364], [-99.27033, 19.205012], [-99.271073, 19.205472], [-99.271263, 19.205653], [-99.271359, 19.205842], [-99.271264, 19.206213], [-99.271312, 19.206285], [-99.271702, 19.206221], [-99.271825, 19.206257], [-99.272188, 19.206663], [-99.272417, 19.20725], [-99.272877, 19.20913], [-99.272804, 19.211253], [-99.272881, 19.211705], [-99.273091, 19.212355], [-99.273073, 19.212681], [-99.273197, 19.213377], [-99.273161, 19.214488], [-99.273067, 19.215265], [-99.272547, 19.216884], [-99.272442, 19.216992], [-99.271891, 19.217048], [-99.271444, 19.217292], [-99.271064, 19.217591], [-99.270608, 19.218143], [-99.270342, 19.21836], [-99.269943, 19.218505], [-99.269705, 19.21847], [-99.269724, 19.218695], [-99.269658, 19.218858], [-99.269382, 19.219121], [-99.26904, 19.219257], [-99.26807, 19.219484], [-99.266491, 19.21945], [-99.265511, 19.219867], [-99.265283, 19.219859], [-99.26495, 19.219642], [-99.264483, 19.219119], [-99.264006, 19.218469], [-99.263433, 19.217385], [-99.262423, 19.216365], [-99.262128, 19.216284], [-99.261576, 19.21624], [-99.261025, 19.21625], [-99.26073, 19.216323], [-99.260188, 19.216603], [-99.259893, 19.216812], [-99.259532, 19.217147], [-99.259295, 19.217581], [-99.259248, 19.217816], [-99.259267, 19.218051], [-99.259468, 19.218837], [-99.259689, 19.220002], [-99.259613, 19.220011], [-99.259203, 19.219768], [-99.258737, 19.219714], [-99.258347, 19.219796], [-99.258005, 19.220004], [-99.257682, 19.220068], [-99.257577, 19.220023], [-99.256986, 19.21903]]]}}, {"type": "Feature", "properties": {"cruce": "Inventario × ARCAC", "a": "Desierto de los Leones", "a_sub": "ANP · Federal", "b": "Santa Rosa Xochiac", "b_sub": "ARCAC · Comunidad", "ha": 0.87, "pct_a": 0.1, "pct_b": 0.3}, "geometry": {"type": "GeometryCollection", "geometries": [{"type": "Polygon", "coordinates": [[[-99.299036, 19.313613], [-99.298337, 19.311685], [-99.299597, 19.314992], [-99.299036, 19.313613]]]}, {"type": "Polygon", "coordinates": [[[-99.297662, 19.30654], [-99.298113, 19.304587], [-99.29763572508833, 19.307531532193167], [-99.297662, 19.30654]]]}, {"type": "Polygon", "coordinates": [[[-99.299417, 19.300215], [-99.29995300339097, 19.299476341005967], [-99.298875, 19.301508], [-99.299417, 19.300215]]]}, {"type": "Polygon", "coordinates": [[[-99.304312, 19.292838], [-99.305599, 19.292588], [-99.303581, 19.293145], [-99.304312, 19.292838]]]}, {"type": "Polygon", "coordinates": [[[-99.303123, 19.286908], [-99.301487, 19.286002], [-99.304097, 19.287158], [-99.303123, 19.286908]]]}, {"type": "LineString", "coordinates": [[-99.300199, 19.317204], [-99.29961, 19.316609]]}, {"type": "LineString", "coordinates": [[-99.29961, 19.316609], [-99.299597, 19.314992]]}, {"type": "LineString", "coordinates": [[-99.298337, 19.311685], [-99.298206, 19.309903]]}, {"type": "LineString", "coordinates": [[-99.298206, 19.309903], [-99.297399, 19.308992]]}, {"type": "LineString", "coordinates": [[-99.298113, 19.304587], [-99.297703, 19.303273]]}, {"type": "LineString", "coordinates": [[-99.298228, 19.301529], [-99.298875, 19.301508]]}, {"type": "LineString", "coordinates": [[-99.302321, 19.29582], [-99.30281, 19.294017]]}, {"type": "LineString", "coordinates": [[-99.30281, 19.294017], [-99.303581, 19.293145]]}, {"type": "LineString", "coordinates": [[-99.305599, 19.292588], [-99.306184, 19.291957]]}, {"type": "LineString", "coordinates": [[-99.306448, 19.288696], [-99.304097, 19.287158]]}, {"type": "Point", "coordinates": [-99.301103, 19.297309]}]}}, {"type": "Feature", "properties": {"cruce": "Inventario × ARCAC", "a": "Desierto de los Leones", "a_sub": "ANP · Federal", "b": "San Lorenzo Acopilco", "b_sub": "ARCAC · Comunidad", "ha": 0.95, "pct_a": 0.1, "pct_b": 0.1}, "geometry": {"type": "MultiPolygon", "coordinates": [[[[-99.32238683476245, 19.269069422479745], [-99.322205, 19.268416], [-99.32226571814141, 19.267751296136247], [-99.32238683476245, 19.269069422479745]]], [[[-99.325987, 19.281859], [-99.32685387520705, 19.283631265033705], [-99.3259351297838, 19.28181812361341], [-99.325987, 19.281859]]], [[[-99.327879, 19.285166], [-99.328781, 19.286072], [-99.329211, 19.286797], [-99.32933569857316, 19.287411799283365], [-99.329207, 19.286839], [-99.32749885122001, 19.284885983649247], [-99.327879, 19.285166]]], [[[-99.328037, 19.294602], [-99.327834735703, 19.29490724583032], [-99.32817766359689, 19.294346750888785], [-99.328037, 19.294602]]], [[[-99.326143, 19.300562], [-99.32579316617411, 19.301919084841497], [-99.32636261698697, 19.29822915861473], [-99.326143, 19.300562]]], [[[-99.324575, 19.30575], [-99.32437996641423, 19.306004655251886], [-99.32473635814678, 19.305482667360785], [-99.324575, 19.30575]]], [[[-99.324217, 19.307356], [-99.32416241721575, 19.307843149851205], [-99.3241897435621, 19.30628326447975], [-99.324217, 19.307356]]], [[[-99.32351024842572, 19.308747325957643], [-99.323508, 19.308745], [-99.32358943346222, 19.308637542694356], [-99.32351024842572, 19.308747325957643]]], [[[-99.322386, 19.310306], [-99.32192903341969, 19.310809198555948], [-99.323212, 19.309152], [-99.32321575041576, 19.309155622196414], [-99.322386, 19.310306]]], [[[-99.32150091887432, 19.311280626074502], [-99.321231, 19.311487], [-99.32097764228533, 19.311568815400996], [-99.32150091887432, 19.311280626074502]]], [[[-99.319109, 19.314298], [-99.3190855708521, 19.314348223808775], [-99.31916601287955, 19.314083284827902], [-99.319109, 19.314298]]], [[[-99.317447, 19.316885], [-99.31720064832655, 19.317214987031488], [-99.31807332726206, 19.315955024544724], [-99.317447, 19.316885]]], [[[-99.31677756585391, 19.317864824654905], [-99.31681, 19.317779], [-99.31681608463262, 19.317770215086632], [-99.31677756585391, 19.317864824654905]]], [[[-99.315843, 19.320389], [-99.31579704221843, 19.32045940822692], [-99.3159521361494, 19.320049011015822], [-99.315843, 19.320389]]]]}}, {"type": "Feature", "properties": {"cruce": "Inventario × ARCAC", "a": "Lago Tláhuac-Xico", "a_sub": "ANP · Federal", "b": "Tláhuac", "b_sub": "ARCAC · Ejido", "ha": 407.08, "pct_a": 11.5, "pct_b": 100.0}, "geometry": {"type": "MultiPolygon", "coordinates": [[[[-98.991313, 19.27942], [-98.99130536935763, 19.279477229817708], [-98.989902, 19.279296], [-98.99004, 19.277352], [-98.98936, 19.279237], [-98.989537, 19.277132], [-98.989215, 19.279214], [-98.971948, 19.276981], [-98.972892, 19.2703], [-98.974587, 19.261237], [-98.986654, 19.263306], [-98.986557, 19.264431], [-98.98696, 19.265114], [-98.988403, 19.265753], [-98.989524, 19.266659], [-98.989738, 19.267884], [-98.990254, 19.268473], [-98.990034, 19.270195], [-98.991151, 19.270404], [-98.991708, 19.27131], [-98.991651, 19.273549], [-98.992, 19.272565], [-98.992543, 19.272617], [-98.99142094225994, 19.279436650667755], [-98.991313, 19.27942]], [[-98.981616, 19.278076], [-98.982159, 19.274723], [-98.979804, 19.274781], [-98.978798, 19.274217], [-98.97841, 19.273271], [-98.972774, 19.27249], [-98.971988, 19.276758], [-98.981616, 19.278076]], [[-98.973508, 19.269693], [-98.973189, 19.26972], [-98.973067, 19.270227], [-98.973332, 19.270591], [-98.973508, 19.269693]], [[-98.988207, 19.278975], [-98.988946, 19.275044], [-98.988544, 19.275576], [-98.987663, 19.275483], [-98.987015, 19.274931], [-98.98569, 19.274817], [-98.984809, 19.274183], [-98.984308, 19.274245], [-98.983847, 19.274757], [-98.982316, 19.274599], [-98.981695, 19.278056], [-98.988207, 19.278975]], [[-98.990178, 19.278307], [-98.99, 19.27921], [-98.990207, 19.279211], [-98.990178, 19.278307]]], [[[-98.964658, 19.259675], [-98.965109, 19.259388], [-98.974235, 19.26112], [-98.973196, 19.267968], [-98.972683, 19.268226], [-98.97226, 19.267803], [-98.968776, 19.267315], [-98.967084, 19.27165], [-98.965983, 19.271513], [-98.965836, 19.273132], [-98.964942, 19.273975], [-98.964872, 19.275895], [-98.962438, 19.275518], [-98.964658, 19.259675]]], [[[-98.985723, 19.260493], [-98.987259, 19.261306], [-98.986588, 19.263062], [-98.974618, 19.261074], [-98.97539, 19.257625], [-98.984757, 19.260115], [-98.985142, 19.258268], [-98.985567, 19.258221], [-98.986064, 19.258624], [-98.985723, 19.260493]]]]}}, {"type": "Feature", "properties": {"cruce": "Inventario × ARCAC", "a": "Lago Tláhuac-Xico", "a_sub": "ANP · Federal", "b": "San Antonio Tecomitl", "b_sub": "ARCAC · Ejido", "ha": 29.73, "pct_a": 0.8, "pct_b": 32.9}, "geometry": {"type": "Polygon", "coordinates": [[[-98.971338, 19.280167], [-98.971338, 19.281152], [-98.972095, 19.281393], [-98.972856, 19.280706], [-98.973431, 19.28057], [-98.974237, 19.280952], [-98.974402, 19.28164], [-98.978763, 19.282169], [-98.978733, 19.282456], [-98.975992, 19.282146], [-98.975456, 19.286387], [-98.970236, 19.285645], [-98.971338, 19.280167]]]}}, {"type": "Feature", "properties": {"cruce": "Inventario × ARCAC", "a": "Lomas de Padierna", "a_sub": "ANP · Federal", "b": "San Bernabe Ocotepec", "b_sub": "ARCAC · Ejido", "ha": 27.83, "pct_a": 2.4, "pct_b": 100.0}, "geometry": {"type": "MultiPolygon", "coordinates": [[[[-99.250409, 19.321905], [-99.250382, 19.321897], [-99.250408, 19.321904], [-99.250409, 19.321905]]], [[[-99.25041, 19.320759], [-99.248388, 19.320319], [-99.248082, 19.320466], [-99.247535, 19.319506], [-99.247683, 19.319089], [-99.248425, 19.319503], [-99.249448, 19.319571], [-99.249731, 19.319276], [-99.249099, 19.319401], [-99.249283, 19.318912], [-99.248331, 19.319343], [-99.247975, 19.319053], [-99.248634, 19.319038], [-99.248939, 19.3187], [-99.247871, 19.318612], [-99.248515, 19.318628], [-99.249483, 19.318137], [-99.250204, 19.31938], [-99.251838, 19.320525], [-99.252457, 19.320262], [-99.254607, 19.320257], [-99.254948, 19.320324], [-99.255001, 19.320708], [-99.255356, 19.320614], [-99.255311, 19.319897], [-99.255487, 19.319865], [-99.255677, 19.319979], [-99.255844, 19.319906], [-99.256334, 19.320168], [-99.256198, 19.319406], [-99.256763, 19.319857], [-99.256549, 19.319912], [-99.256534, 19.320707], [-99.25507, 19.322407], [-99.254411, 19.323932], [-99.253334, 19.323695], [-99.252944, 19.324072], [-99.252188, 19.323989], [-99.250617, 19.324767], [-99.250155, 19.323922], [-99.250692, 19.321987], [-99.250408, 19.321904], [-99.25041, 19.320759]], [[-99.255369, 19.320742], [-99.255335, 19.320763], [-99.255358, 19.320795], [-99.255369, 19.320742]], [[-99.255474, 19.319893], [-99.255457, 19.319928], [-99.255478, 19.319937], [-99.255474, 19.319893]]]]}}, {"type": "Feature", "properties": {"cruce": "Inventario × Zona Patrimonio", "a": "Bosque de Nativitas", "a_sub": "AVA · Bosque Urbano", "b": "Zona Patrimonio Mundial (UNESCO)", "b_sub": "Zona Patrimonio", "ha": 19.41, "pct_a": 100.0, "pct_b": 0.3}, "geometry": {"type": "MultiPolygon", "coordinates": [[[[-99.094121, 19.249202], [-99.094166, 19.24917], [-99.094693, 19.249291], [-99.094545, 19.249947], [-99.094385, 19.249816], [-99.094202, 19.249543], [-99.094121, 19.249202]]], [[[-99.096461, 19.250433], [-99.096415, 19.250449], [-99.09643, 19.250495], [-99.094933, 19.250131], [-99.094614, 19.250005], [-99.095101, 19.248033], [-99.095227, 19.24797], [-99.09536, 19.247992], [-99.095863, 19.24816], [-99.096346, 19.248386], [-99.096819, 19.248501], [-99.098214, 19.248569], [-99.098722, 19.248517], [-99.101017, 19.247582], [-99.101392, 19.24739], [-99.101712, 19.247106], [-99.102183, 19.246381], [-99.102307, 19.246283], [-99.102903, 19.246807], [-99.102966, 19.246895], [-99.102878, 19.246979], [-99.103141, 19.247225], [-99.099365, 19.250842], [-99.099445, 19.250973], [-99.099261, 19.25109], [-99.096461, 19.250433]]]]}}, {"type": "Feature", "properties": {"cruce": "Inventario × Zona Patrimonio", "a": "Bosque de San Luis Tlaxialtemalco", "a_sub": "AVA · Bosque Urbano", "b": "Zona Patrimonio Mundial (UNESCO)", "b_sub": "Zona Patrimonio", "ha": 3.79, "pct_a": 100.0, "pct_b": 0.1}, "geometry": {"type": "Polygon", "coordinates": [[[-99.028099, 19.258451], [-99.028186, 19.258388], [-99.029817, 19.258518], [-99.030881, 19.258281], [-99.030455, 19.259699], [-99.028654, 19.2596], [-99.027701, 19.25938], [-99.027834, 19.258996], [-99.028099, 19.258451]]]}}, {"type": "Feature", "properties": {"cruce": "Inventario × Zona Patrimonio", "a": "Ejidos de Xochimilco y San Gregorio Atlapulco", "a_sub": "ANP · Local", "b": "Zona Patrimonio Mundial (UNESCO)", "b_sub": "Zona Patrimonio", "ha": 2517.33, "pct_a": 99.9, "pct_b": 33.4}, "geometry": {"type": "Polygon", "coordinates": [[[-99.022746, 19.261357], [-99.025953, 19.262267], [-99.026071, 19.262113], [-99.026666, 19.262007], [-99.027181, 19.260448], [-99.027147, 19.260369], [-99.027485, 19.259391], [-99.027621, 19.259431], [-99.027577, 19.259546], [-99.028391, 19.259743], [-99.028496, 19.259648], [-99.030361, 19.259783], [-99.03067, 19.25972], [-99.030386, 19.26052], [-99.030745, 19.260685], [-99.03126, 19.260644], [-99.031466, 19.260445], [-99.032229, 19.259955], [-99.032694, 19.259941], [-99.032677, 19.260038], [-99.03252, 19.260063], [-99.032299, 19.260291], [-99.032035, 19.26176], [-99.032117, 19.261771], [-99.031871, 19.262914], [-99.032054, 19.262958], [-99.031862, 19.263658], [-99.032442, 19.263764], [-99.032558, 19.26327], [-99.03298, 19.26332], [-99.032618, 19.265143], [-99.033825, 19.265436], [-99.034806, 19.265241], [-99.035873, 19.264311], [-99.035993, 19.264155], [-99.036565, 19.263728], [-99.036802, 19.261844], [-99.036648, 19.261822], [-99.036668, 19.261593], [-99.036931, 19.261616], [-99.036903, 19.261142], [-99.037178, 19.261161], [-99.037261, 19.261272], [-99.037335, 19.261024], [-99.037717, 19.261101], [-99.037896, 19.26036], [-99.038035, 19.26034], [-99.038027, 19.26039], [-99.038172, 19.260419], [-99.038205, 19.260035], [-99.038256, 19.259974], [-99.038418, 19.259992], [-99.038444, 19.259795], [-99.03858, 19.259806], [-99.038591, 19.259741], [-99.038684, 19.259755], [-99.038715, 19.259422], [-99.038945, 19.259481], [-99.03893, 19.259553], [-99.039123, 19.259589], [-99.039146, 19.259443], [-99.039433, 19.259533], [-99.039537, 19.259142], [-99.039663, 19.259117], [-99.039377, 19.260672], [-99.039677, 19.260717], [-99.039886, 19.259248], [-99.04065, 19.259375], [-99.040636, 19.259474], [-99.040743, 19.25949], [-99.040757, 19.259379], [-99.041205, 19.259449], [-99.041199, 19.259505], [-99.041388, 19.259526], [-99.041433, 19.259166], [-99.041789, 19.259203], [-99.041866, 19.258432], [-99.042502, 19.25852], [-99.042467, 19.258825], [-99.042623, 19.258834], [-99.042684, 19.258549], [-99.043013, 19.258597], [-99.043023, 19.258328], [-99.043192, 19.258341], [-99.043189, 19.258405], [-99.043485, 19.258425], [-99.04347, 19.25856], [-99.044045, 19.258585], [-99.044021, 19.258863], [-99.044113, 19.258879], [-99.044144, 19.25859], [-99.044375, 19.258648], [-99.044381, 19.258599], [-99.044465, 19.258601], [-99.044447, 19.258793], [-99.044618, 19.258816], [-99.044795, 19.25713], [-99.044876, 19.257132], [-99.044967, 19.256204], [-99.045511, 19.256258], [-99.045528, 19.256222], [-99.046048, 19.256226], [-99.04604, 19.256298], [-99.0462, 19.256314], [-99.046219, 19.256131], [-99.046316, 19.256145], [-99.046328, 19.255984], [-99.047291, 19.256076], [-99.047156, 19.256994], [-99.047327, 19.257025], [-99.047501, 19.256024], [-99.04775, 19.256052], [-99.047772, 19.255905], [-99.047859, 19.255918], [-99.047877, 19.255821], [-99.048015, 19.255839], [-99.048076, 19.255487], [-99.050587, 19.255856], [-99.050758, 19.256085], [-99.050945, 19.256189], [-99.051533, 19.255809], [-99.051763, 19.255725], [-99.052482, 19.256039], [-99.053409, 19.256366], [-99.053532, 19.256337], [-99.053811, 19.25614], [-99.054629, 19.256102], [-99.055843, 19.256521], [-99.056634, 19.256151], [-99.056989, 19.256151], [-99.057361, 19.256361], [-99.058143, 19.256579], [-99.059563, 19.256694], [-99.059413, 19.25735], [-99.059516, 19.257368], [-99.059494, 19.25744], [-99.059704, 19.257492], [-99.059526, 19.258219], [-99.059866, 19.258298], [-99.05989, 19.258208], [-99.060104, 19.258251], [-99.060084, 19.258348], [-99.060301, 19.2584], [-99.060246, 19.258657], [-99.06046, 19.258709], [-99.06056, 19.258104], [-99.060613, 19.258045], [-99.0607, 19.258059], [-99.060605, 19.258499], [-99.060667, 19.258519], [-99.060597, 19.258739], [-99.060745, 19.258788], [-99.060802, 19.258504], [-99.060879, 19.258517], [-99.060883, 19.258646], [-99.061079, 19.258684], [-99.061123, 19.258558], [-99.062177, 19.258815], [-99.062457, 19.2579], [-99.063695, 19.258175], [-99.063686, 19.258213], [-99.063886, 19.258263], [-99.063897, 19.258229], [-99.064392, 19.25831], [-99.064505, 19.25801], [-99.065123, 19.258215], [-99.065448, 19.258468], [-99.065847, 19.258896], [-99.067766, 19.259624], [-99.068766, 19.259649], [-99.070396, 19.259573], [-99.070506, 19.2595], [-99.071491, 19.259463], [-99.072069, 19.259588], [-99.074495, 19.260464], [-99.07558, 19.257095], [-99.075685, 19.256968], [-99.076849, 19.257246], [-99.07926, 19.257708], [-99.078547, 19.259636], [-99.078664, 19.259674], [-99.078097, 19.261032], [-99.081646, 19.261922], [-99.08376, 19.262401], [-99.088095, 19.263651], [-99.09116, 19.264436], [-99.093102, 19.264869], [-99.092792, 19.266032], [-99.092756, 19.26633], [-99.092554, 19.266848], [-99.092289, 19.26817], [-99.092016, 19.268888], [-99.092046, 19.268974], [-99.092705, 19.26922], [-99.093167, 19.269473], [-99.093351, 19.26954], [-99.093463, 19.269525], [-99.093632, 19.269382], [-99.093972, 19.269355], [-99.094377, 19.269106], [-99.094807, 19.269151], [-99.094906, 19.269085], [-99.095401, 19.268139], [-99.095573, 19.267664], [-99.095682, 19.267546], [-99.095842, 19.26709], [-99.096021, 19.26681], [-99.096212, 19.26634], [-99.097053, 19.266656], [-99.09721, 19.266737], [-99.097304, 19.266861], [-99.09759, 19.266947], [-99.09786, 19.266994], [-99.098326, 19.266928], [-99.098151, 19.267667], [-99.097836, 19.268539], [-99.098067, 19.268632], [-99.097979, 19.268894], [-99.098759, 19.26912], [-99.098821, 19.268975], [-99.099186, 19.26911], [-99.098951, 19.269621], [-99.098897, 19.269926], [-99.098916, 19.270023], [-99.099117, 19.270134], [-99.099135, 19.270197], [-99.099663, 19.270276], [-99.100226, 19.270244], [-99.10021, 19.27054], [-99.100125, 19.27077], [-99.100098, 19.271048], [-99.100322, 19.271139], [-99.10023, 19.271597], [-99.100268, 19.27171], [-99.100405, 19.271843], [-99.100352, 19.272137], [-99.101024, 19.272218], [-99.101143, 19.272187], [-99.10208, 19.272536], [-99.102515, 19.272549], [-99.102479, 19.273645], [-99.102499, 19.274059], [-99.102552, 19.274081], [-99.10262, 19.274084], [-99.102873, 19.273844], [-99.103704, 19.272931], [-99.10403, 19.2724], [-99.104071, 19.272185], [-99.104351, 19.271841], [-99.10467, 19.271303], [-99.10476, 19.271062], [-99.105223, 19.270313], [-99.105383, 19.269956], [-99.105682, 19.269629], [-99.106495, 19.268505], [-99.10662, 19.268399], [-99.106745, 19.268096], [-99.106923, 19.267902], [-99.107453, 19.268261], [-99.107815, 19.268432], [-99.108087, 19.267754], [-99.10871838728517, 19.26858418325082], [-99.1091132923405, 19.269553372555713], [-99.109163, 19.269785], [-99.108988, 19.270099], [-99.108818, 19.270745], [-99.10903053399994, 19.271312580000057], [-99.10957450499996, 19.27180479500006], [-99.11162810062767, 19.272389621130454], [-99.111419, 19.273073], [-99.111319, 19.273184], [-99.110932, 19.27414], [-99.112158, 19.274487], [-99.11236, 19.274945], [-99.113792, 19.275426], [-99.11465136302019, 19.27322788130119], [-99.11927997386543, 19.274706924513715], [-99.118913, 19.274971], [-99.115896, 19.276692], [-99.106478, 19.281727], [-99.105559, 19.282365], [-99.105085, 19.287616], [-99.1051220207617, 19.287618943221474], [-99.10511798799995, 19.287663562], [-99.10616260599994, 19.287746554], [-99.10611881999995, 19.28579901700006], [-99.10624849099996, 19.285490819000085], [-99.10655976199995, 19.285125473000058], [-99.11576364599995, 19.281084669000048], [-99.11615352599995, 19.281039235000033], [-99.11624428174856, 19.28107971920003], [-99.11645415839752, 19.281236706756072], [-99.116511, 19.281466], [-99.115223, 19.285642], [-99.114048, 19.289029], [-99.113826, 19.289321], [-99.112872, 19.289615], [-99.111348, 19.290208], [-99.101116, 19.294274], [-99.10031, 19.30131], [-99.099282, 19.313626], [-99.09899647057277, 19.319470368066337], [-99.097806, 19.317434], [-99.09457, 19.313192], [-99.091793, 19.309726], [-99.08707344499997, 19.304139207000066], [-99.079954, 19.295432], [-99.075045, 19.289572], [-99.074078, 19.288832], [-99.07335792923631, 19.288381196560312], [-99.072033, 19.287404], [-99.069031, 19.28464], [-99.06806, 19.283973], [-99.064767, 19.281924], [-99.064114, 19.281606], [-99.059873, 19.280087], [-99.057031, 19.279218], [-99.054985, 19.27914], [-99.05414, 19.278901], [-99.052955, 19.278427], [-99.052516, 19.278193], [-99.052324, 19.278167], [-99.051468, 19.277714], [-99.049883, 19.276704], [-99.047929, 19.275609], [-99.045846, 19.27487], [-99.041445, 19.273569], [-99.038642, 19.271997], [-99.037283, 19.27156], [-99.036781, 19.271497], [-99.035888, 19.270677], [-99.034133, 19.268149], [-99.033775, 19.267685], [-99.033349, 19.267345], [-99.030632, 19.266934], [-99.025217, 19.264976], [-99.022631, 19.262909], [-99.022067, 19.262699], [-99.020882, 19.261608], [-99.019305, 19.260973], [-99.02022, 19.260844], [-99.022746, 19.261357]]]}}, {"type": "Feature", "properties": {"cruce": "Inventario × Zona Patrimonio", "a": "Tempiluli", "a_sub": "ANP · Local", "b": "Zona Patrimonio Mundial (UNESCO)", "b_sub": "Zona Patrimonio", "ha": 47.63, "pct_a": 100.0, "pct_b": 0.6}, "geometry": {"type": "Polygon", "coordinates": [[[-99.025173, 19.269564], [-99.026999, 19.269911], [-99.030117, 19.270786], [-99.030755, 19.270913], [-99.033572, 19.271082], [-99.034408, 19.271232], [-99.032821, 19.276456], [-99.032383, 19.27626], [-99.031176, 19.275865], [-99.025982, 19.274245], [-99.025518, 19.274137], [-99.025489, 19.274334], [-99.02515, 19.274364], [-99.025173, 19.269564]]]}}, {"type": "Feature", "properties": {"cruce": "Inventario × Zona Patrimonio", "a": "Lago Tláhuac-Xico", "a_sub": "ANP · Federal", "b": "Zona Patrimonio Mundial (UNESCO)", "b_sub": "Zona Patrimonio", "ha": 1844.4, "pct_a": 52.1, "pct_b": 24.5}, "geometry": {"type": "MultiPolygon", "coordinates": [[[[-98.968972, 19.230872], [-98.969909, 19.231149], [-98.971161, 19.227594], [-98.970273, 19.226699], [-98.969137, 19.225709], [-98.969001, 19.225541], [-98.969043, 19.225501], [-98.96913, 19.225566], [-98.969186, 19.225548], [-98.96925, 19.224985], [-98.969439, 19.22487], [-98.969594, 19.224689], [-98.969762, 19.224481], [-98.969892, 19.224212], [-98.969987, 19.223586], [-98.970172, 19.222991], [-98.970071, 19.222958], [-98.970069, 19.22291], [-98.97046, 19.222779], [-98.970822, 19.222397], [-98.971059, 19.222282], [-98.9715, 19.222562], [-98.971801, 19.222652], [-98.97173, 19.222891], [-98.971509, 19.222824], [-98.971499, 19.22291], [-98.97177, 19.222997], [-98.971747, 19.223127], [-98.972012, 19.223236], [-98.971935, 19.223468], [-98.972157, 19.223516], [-98.972268, 19.223377], [-98.973236, 19.223714], [-98.97322, 19.223886], [-98.974342, 19.224234], [-98.974576, 19.223578], [-98.975615, 19.224702], [-98.975515, 19.224894], [-98.97614, 19.225541], [-98.977972, 19.221982], [-98.979342, 19.223638], [-98.980462, 19.221197], [-98.98136, 19.219458], [-98.982091, 19.220467], [-98.982527, 19.220893], [-98.983021, 19.221665], [-98.984516, 19.223706], [-98.982538, 19.228672], [-98.982453, 19.228644], [-98.982059, 19.229538], [-98.983006, 19.229899], [-98.982795, 19.230533], [-98.990909, 19.23365], [-98.991764, 19.234284], [-98.992022, 19.234565], [-98.992935, 19.23585], [-98.991569, 19.243723], [-98.99478, 19.244719], [-98.994004, 19.249079], [-98.99629, 19.249762], [-98.995532, 19.254036], [-98.99559, 19.254156], [-99.003803, 19.256628], [-98.999053, 19.264473], [-98.997594, 19.264027], [-98.997408, 19.265265], [-98.99431711210505, 19.26458697080321], [-98.99317043099994, 19.26427978100003], [-98.992921, 19.264705], [-98.99240249299997, 19.265675536000053], [-98.992878, 19.269], [-98.992929821715, 19.269104098006434], [-98.99300654899996, 19.26960296000005], [-98.99143464504643, 19.279438764395458], [-98.991313, 19.27942], [-98.99130160242791, 19.27950548179068], [-98.97189085699996, 19.27692742500007], [-98.97639264499995, 19.253035962000084], [-98.96584754899999, 19.249803406000087], [-98.96756069470608, 19.237929868052973], [-98.96778, 19.237837], [-98.968581, 19.232218], [-98.968972, 19.230872]]], [[[-98.95836, 19.223537], [-98.957668, 19.223219], [-98.956822, 19.222741], [-98.956561, 19.222699], [-98.955173, 19.222271], [-98.953874, 19.222012], [-98.952224, 19.221581], [-98.950052, 19.220858], [-98.950015, 19.220791], [-98.950845, 19.218111], [-98.951086, 19.218184], [-98.952175, 19.216569], [-98.952725, 19.216968], [-98.953545, 19.216437], [-98.954012, 19.216611], [-98.955129, 19.217067], [-98.954922, 19.217642], [-98.955356, 19.217781], [-98.955322, 19.217917], [-98.955979, 19.218136], [-98.956001, 19.218062], [-98.957232, 19.21848], [-98.957211, 19.218543], [-98.958009, 19.218812], [-98.958148, 19.21847], [-98.95828, 19.218512], [-98.958512, 19.217932], [-98.959111, 19.218109], [-98.959407, 19.217096], [-98.959327, 19.217067], [-98.959486, 19.216516], [-98.958824, 19.216311], [-98.958925, 19.216035], [-98.959173, 19.215706], [-98.959356, 19.215677], [-98.95946717614157, 19.214745656006915], [-98.95981661405334, 19.21466304395668], [-98.96007092799992, 19.214691804000054], [-98.9602376700587, 19.214591425983166], [-98.960346, 19.214573], [-98.96034721850565, 19.214525478279647], [-98.96068141399995, 19.21432429400008], [-98.961619, 19.214429], [-98.96174499322385, 19.214409771220495], [-98.96257389999994, 19.21443912400004], [-98.96308496899998, 19.21436240900005], [-98.96314499796367, 19.214235162745833], [-98.963505, 19.214327], [-98.963437, 19.214548], [-98.964196, 19.21477], [-98.964141, 19.214946], [-98.964365, 19.215011], [-98.964733, 19.213764], [-98.965672, 19.21408], [-98.965676, 19.214196], [-98.96751, 19.214767], [-98.967598, 19.214457], [-98.967758, 19.214502], [-98.968057, 19.213669], [-98.969341, 19.214019], [-98.970513, 19.214054], [-98.969732, 19.215673], [-98.97047, 19.215941], [-98.969919, 19.217234], [-98.969333, 19.217267], [-98.969264, 19.217234], [-98.968937, 19.218232], [-98.968577, 19.218126], [-98.968567, 19.21817], [-98.967817, 19.218039], [-98.967041, 19.21761], [-98.966506, 19.218844], [-98.966386, 19.218993], [-98.966416, 19.219803], [-98.966172, 19.220272], [-98.966073, 19.220566], [-98.96635, 19.220592], [-98.96632, 19.220726], [-98.966671, 19.220799], [-98.96676, 19.220653], [-98.967134, 19.220707], [-98.967237, 19.220799], [-98.968065, 19.220142], [-98.968177, 19.220164], [-98.9682, 19.220211], [-98.967222, 19.221093], [-98.966293, 19.222406], [-98.966217, 19.222169], [-98.965832, 19.22186], [-98.965054, 19.221702], [-98.964575, 19.221412], [-98.964182, 19.221344], [-98.964011, 19.221025], [-98.963827, 19.22091], [-98.963321, 19.220737], [-98.962749, 19.220685], [-98.962419, 19.220739], [-98.960591, 19.220472], [-98.960597, 19.220738], [-98.96071, 19.22098], [-98.961226, 19.221288], [-98.961499, 19.22149], [-98.961503, 19.221553], [-98.961233, 19.221335], [-98.960295, 19.220805], [-98.960114, 19.220638], [-98.959677, 19.220362], [-98.958771, 19.219965], [-98.958123, 19.219737], [-98.957829, 19.219685], [-98.957371, 19.219485], [-98.956282, 19.219121], [-98.95473, 19.218272], [-98.95407, 19.218028], [-98.9541, 19.218171], [-98.95457, 19.218812], [-98.955852, 19.220872], [-98.956568, 19.221755], [-98.95732, 19.222584], [-98.958133, 19.223126], [-98.958967, 19.223553], [-98.959776, 19.223843], [-98.959906, 19.223962], [-98.960704, 19.224102], [-98.96083, 19.224057], [-98.960938, 19.224107], [-98.960656, 19.224241], [-98.960571, 19.224353], [-98.960585, 19.224451], [-98.960543, 19.224501], [-98.959319, 19.224055], [-98.958589, 19.223698], [-98.95836, 19.223537]]], [[[-99.008089, 19.274], [-99.008006, 19.272415], [-99.007927, 19.272229], [-99.007381, 19.271886], [-99.007408, 19.271735], [-99.007821, 19.271748], [-99.008454, 19.271874], [-99.008485, 19.271783], [-99.009076, 19.27196], [-99.009201, 19.271628], [-99.008951, 19.271572], [-99.008831, 19.271442], [-99.008774, 19.270429], [-99.009599, 19.270027], [-99.010815, 19.269215], [-99.011543, 19.268938], [-99.012483, 19.267532], [-99.012714, 19.26707], [-99.01268, 19.266979], [-99.012345, 19.26691], [-99.009178, 19.266656], [-99.008797, 19.266819], [-99.008179, 19.266679], [-99.007823, 19.266697], [-99.007735, 19.266781], [-99.00754, 19.266811], [-99.007426, 19.266886], [-99.00736, 19.266853], [-99.007397, 19.266801], [-99.006796, 19.266724], [-99.00665, 19.266635], [-99.007009, 19.266155], [-99.007722, 19.266105], [-99.008271, 19.265933], [-99.00847, 19.265762], [-99.008536, 19.265633], [-99.008549, 19.265417], [-99.008544, 19.265358], [-99.008491, 19.265343], [-99.008474, 19.265144], [-99.008692, 19.264437], [-99.0086, 19.26439], [-99.008552, 19.2637], [-99.009043, 19.263969], [-99.009559, 19.264059], [-99.009704, 19.263395], [-99.009301, 19.263216], [-99.009275, 19.263114], [-99.008613, 19.262858], [-99.009271, 19.261272], [-99.009827, 19.261398], [-99.009861, 19.26197], [-99.013411, 19.263001], [-99.012959, 19.264632], [-99.012937, 19.265055], [-99.013088, 19.265916], [-99.012907, 19.266698], [-99.014503, 19.266866], [-99.014878, 19.266974], [-99.016098, 19.26744], [-99.017046, 19.267979], [-99.017863, 19.268335], [-99.019423, 19.268577], [-99.020775, 19.268885], [-99.023753, 19.269209], [-99.027184, 19.269827], [-99.030505, 19.270742], [-99.032832, 19.270906], [-99.033564, 19.270877], [-99.036622, 19.271349], [-99.036815, 19.271545], [-99.034408, 19.271232], [-99.032821, 19.276456], [-99.032383, 19.27626], [-99.031176, 19.275865], [-99.026021, 19.274256], [-99.025518, 19.274137], [-99.025489, 19.274334], [-99.02515, 19.274364], [-99.025153, 19.274223], [-99.024988, 19.274218], [-99.024932, 19.282877], [-99.012646, 19.282443], [-99.012539, 19.282297], [-99.011682, 19.280063], [-99.009898, 19.277622], [-99.009078, 19.276398], [-99.007923, 19.274096], [-99.008089, 19.274]]]]}}, {"type": "Feature", "properties": {"cruce": "Inventario × Zona Patrimonio", "a": "Bosque de Tláhuac", "a_sub": "ANP · Local", "b": "Zona Patrimonio Mundial (UNESCO)", "b_sub": "Zona Patrimonio", "ha": 58.69, "pct_a": 100.0, "pct_b": 0.8}, "geometry": {"type": "Polygon", "coordinates": [[[-99.04526082358421, 19.28301503951974], [-99.03967379346163, 19.28174345842303], [-99.03962492975391, 19.281681902315153], [-99.03926457480523, 19.279146514716633], [-99.0397486934264, 19.279274339640658], [-99.03989176502142, 19.279408283368603], [-99.04008387438668, 19.27934067322473], [-99.04110105602126, 19.279593714387325], [-99.04176563305884, 19.279708438218428], [-99.04238624817485, 19.279932764009644], [-99.04334512566373, 19.280103055214987], [-99.04411714579146, 19.280430492878672], [-99.04451881164766, 19.28042689784646], [-99.04489844626703, 19.280533445320323], [-99.0450579301326, 19.28063919496015], [-99.04584721902154, 19.28080914293092], [-99.04601507736427, 19.28072744156215], [-99.04611834445019, 19.2805649501916], [-99.04632112555483, 19.280078714389397], [-99.04637812507923, 19.279604518556937], [-99.0467000562198, 19.27888442730163], [-99.04681810700174, 19.27767025510519], [-99.04708218548734, 19.276548597620113], [-99.04776954927175, 19.27671109380854], [-99.04791555719741, 19.279022689098852], [-99.04882644759792, 19.279602913566887], [-99.04885237028361, 19.28071899583726], [-99.04895484511319, 19.281379089716886], [-99.04908448763699, 19.281938569686083], [-99.05014912090735, 19.281771438697636], [-99.05044698492983, 19.28196983957025], [-99.05042005510069, 19.285121830091814], [-99.05023461841958, 19.287242997086484], [-99.05015221463472, 19.2873118708674], [-99.05006913536994, 19.287321342744246], [-99.0491175012259, 19.287119028575564], [-99.04905895077825, 19.28709130873115], [-99.04898123498592, 19.286724808729634], [-99.04685308289602, 19.286236540900493], [-99.04662330497708, 19.286526354426076], [-99.04449878452014, 19.286023392432842], [-99.04526082358421, 19.28301503951974]]]}}, {"type": "Feature", "properties": {"cruce": "ARCAC × Zona Patrimonio", "a": "Tláhuac", "a_sub": "ARCAC · Ejido", "b": "Zona Patrimonio Mundial (UNESCO)", "b_sub": "Zona Patrimonio", "ha": 284.53, "pct_a": 69.9, "pct_b": 3.8}, "geometry": {"type": "MultiPolygon", "coordinates": [[[[-98.991412, 19.279491], [-98.989902, 19.279296], [-98.99004, 19.277352], [-98.98936, 19.279237], [-98.989537, 19.277132], [-98.989215, 19.279214], [-98.97195437788673, 19.276935861587635], [-98.97214957826202, 19.275554364016365], [-98.97313563216588, 19.270321272107086], [-98.973332, 19.270591], [-98.973508, 19.269693], [-98.97324989908535, 19.26971484553196], [-98.97483920294964, 19.261280242554307], [-98.986654, 19.263306], [-98.986557, 19.264431], [-98.98696, 19.265114], [-98.988403, 19.265753], [-98.989524, 19.266659], [-98.989738, 19.267884], [-98.990254, 19.268473], [-98.990034, 19.270195], [-98.991151, 19.270404], [-98.991708, 19.27131], [-98.991651, 19.273549], [-98.992, 19.272565], [-98.99252513518057, 19.272615289188565], [-98.991412, 19.279491]], [[-98.981616, 19.278076], [-98.982159, 19.274723], [-98.979804, 19.274781], [-98.978798, 19.274217], [-98.97841, 19.273271], [-98.972774, 19.27249], [-98.971988, 19.276758], [-98.981616, 19.278076]], [[-98.988207, 19.278975], [-98.988946, 19.275044], [-98.988544, 19.275576], [-98.987663, 19.275483], [-98.987015, 19.274931], [-98.98569, 19.274817], [-98.984809, 19.274183], [-98.984308, 19.274245], [-98.983847, 19.274757], [-98.982316, 19.274599], [-98.981695, 19.278056], [-98.988207, 19.278975]], [[-98.990178, 19.278307], [-98.99, 19.27921], [-98.990207, 19.279211], [-98.990178, 19.278307]]], [[[-98.985723, 19.260493], [-98.987259, 19.261306], [-98.986588, 19.263062], [-98.97487017297658, 19.261115881359853], [-98.97552136793773, 19.25765992112362], [-98.984757, 19.260115], [-98.985142, 19.258268], [-98.985567, 19.258221], [-98.986064, 19.258624], [-98.985723, 19.260493]]]]}}, {"type": "Feature", "properties": {"cruce": "ARCAC × Zona Patrimonio", "a": "San Gregorio Atlapulco", "a_sub": "ARCAC · Ejido", "b": "Zona Patrimonio Mundial (UNESCO)", "b_sub": "Zona Patrimonio", "ha": 298.72, "pct_a": 100.0, "pct_b": 4.0}, "geometry": {"type": "MultiPolygon", "coordinates": [[[[-99.049711, 19.272593], [-99.049234, 19.272455], [-99.048867, 19.272385], [-99.048209, 19.272373], [-99.048236, 19.271881], [-99.048048, 19.272365], [-99.046978, 19.272457], [-99.046732, 19.27295], [-99.045906, 19.273027], [-99.046232, 19.271794], [-99.045899, 19.271496], [-99.045322, 19.272883], [-99.044889, 19.272737], [-99.045053, 19.272271], [-99.04478, 19.272694], [-99.043175, 19.271864], [-99.046838, 19.263463], [-99.066343, 19.270732], [-99.068825, 19.271809], [-99.068572, 19.271691], [-99.068451, 19.27123], [-99.069291, 19.269084], [-99.069784, 19.268608], [-99.068678, 19.27162], [-99.069287, 19.271972], [-99.069406, 19.271442], [-99.070009, 19.271644], [-99.070083, 19.272252], [-99.070832, 19.270478], [-99.071384, 19.270881], [-99.07167, 19.270759], [-99.072236, 19.268537], [-99.072906, 19.26867], [-99.073385, 19.268151], [-99.073737, 19.268398], [-99.073715, 19.268803], [-99.074152, 19.268327], [-99.074074, 19.267968], [-99.07441, 19.267879], [-99.075295, 19.268294], [-99.075041, 19.268872], [-99.07524, 19.269268], [-99.075657, 19.268783], [-99.075237, 19.26874], [-99.075809, 19.268448], [-99.075558, 19.268009], [-99.075998, 19.268177], [-99.074134, 19.272959], [-99.076266, 19.273553], [-99.075843, 19.274976], [-99.077296, 19.275687], [-99.075489, 19.279873], [-99.074957, 19.279982], [-99.072194, 19.278926], [-99.072978, 19.278074], [-99.07284, 19.277315], [-99.071912, 19.278301], [-99.071816, 19.279278], [-99.069018, 19.278201], [-99.06955, 19.276396], [-99.068899, 19.278122], [-99.067807, 19.277423], [-99.067371, 19.278472], [-99.066173, 19.278071], [-99.064632, 19.278741], [-99.064098, 19.278406], [-99.062788, 19.278416], [-99.062234, 19.277881], [-99.061197, 19.277871], [-99.060884, 19.277565], [-99.061495, 19.275503], [-99.060765, 19.276759], [-99.060229, 19.276176], [-99.060132, 19.27639], [-99.05866, 19.275535], [-99.058253, 19.276188], [-99.057879, 19.275934], [-99.057949, 19.275424], [-99.057766, 19.275823], [-99.05745, 19.275445], [-99.056946, 19.275941], [-99.054588, 19.273895], [-99.049736, 19.272602], [-99.049711, 19.272593]], [[-99.049738, 19.272601], [-99.049737, 19.272601], [-99.049736, 19.272602], [-99.049738, 19.272601]], [[-99.047039, 19.263606], [-99.046887, 19.263624], [-99.046592, 19.264673], [-99.047039, 19.263606]], [[-99.056846, 19.275263], [-99.056806, 19.275387], [-99.056934, 19.275417], [-99.056846, 19.275263]], [[-99.060313, 19.26855], [-99.060313, 19.268605], [-99.060368, 19.268604], [-99.060313, 19.26855]], [[-99.06516, 19.275318], [-99.065231, 19.275327], [-99.065269, 19.275253], [-99.06516, 19.275318]], [[-99.065223, 19.275098], [-99.065313, 19.275087], [-99.065307, 19.27501], [-99.065223, 19.275098]], [[-99.067226, 19.271345], [-99.067045, 19.271255], [-99.066627, 19.272041], [-99.067226, 19.271345]], [[-99.06697, 19.274165], [-99.067142, 19.27421], [-99.067962, 19.27168], [-99.067781, 19.271589], [-99.06697, 19.274165]], [[-99.067151, 19.274485], [-99.067289, 19.274548], [-99.068368, 19.272031], [-99.067151, 19.274485]], [[-99.069845, 19.271776], [-99.069706, 19.271722], [-99.069562, 19.272072], [-99.069845, 19.271776]], [[-99.072264, 19.269928], [-99.072103, 19.270307], [-99.072238, 19.270361], [-99.072264, 19.269928]], [[-99.072419, 19.269973], [-99.072825, 19.268844], [-99.072674, 19.268787], [-99.072419, 19.269973]], [[-99.073978, 19.27322], [-99.074107, 19.272834], [-99.073961, 19.272904], [-99.073978, 19.27322]], [[-99.074861, 19.269763], [-99.074316, 19.271282], [-99.074507, 19.271668], [-99.075207, 19.269905], [-99.074861, 19.269763]], [[-99.074479, 19.274126], [-99.074726, 19.273312], [-99.074612, 19.273276], [-99.074479, 19.274126]]], [[[-99.049558, 19.272551], [-99.049557, 19.272551], [-99.049557, 19.272549], [-99.049558, 19.272551]]], [[[-99.06911, 19.271259], [-99.068957, 19.271514], [-99.068909, 19.271361], [-99.06911, 19.271259]]], [[[-99.069182, 19.270565], [-99.069357, 19.270824], [-99.069183, 19.271146], [-99.069182, 19.270565]]]]}}, {"type": "Feature", "properties": {"cruce": "ARCAC × ARCAC", "a": "La Magdalena Contreras", "a_sub": "ARCAC · Comunidad", "b": "San Bernabe Ocotepec", "b_sub": "ARCAC · Comunidad", "ha": 0.74, "pct_a": 0.0, "pct_b": 0.2}, "geometry": {"type": "MultiPolygon", "coordinates": [[[[-99.282135, 19.290359], [-99.28242048781864, 19.29034057255891], [-99.28427463723025, 19.2910871749082], [-99.282135, 19.290359]]], [[[-99.278555, 19.288807], [-99.27857264658823, 19.288791178920892], [-99.27890117859266, 19.288923467486626], [-99.278767, 19.289008], [-99.27709903538259, 19.288199800735324], [-99.278555, 19.288807]]], [[[-99.27087251516576, 19.290799568170193], [-99.273507, 19.28917], [-99.27419581437633, 19.288983953057183], [-99.27087251516576, 19.290799568170193]]], [[[-99.26652094513233, 19.296641957875924], [-99.26645, 19.296611], [-99.2678175344452, 19.29517455184257], [-99.26652094513233, 19.296641957875924]]]]}}, {"type": "Feature", "properties": {"cruce": "ARCAC × ARCAC", "a": "Santa Rosa Xochiac", "a_sub": "ARCAC · Comunidad", "b": "San Bartolo Ameyalco", "b_sub": "ARCAC · Comunidad", "ha": 1.02, "pct_a": 0.3, "pct_b": 0.4}, "geometry": {"type": "GeometryCollection", "geometries": [{"type": "Polygon", "coordinates": [[[-99.28798293161043, 19.311210383649428], [-99.287995, 19.311581], [-99.28779238619072, 19.312121217783357], [-99.28798293161043, 19.311210383649428]]]}, {"type": "Polygon", "coordinates": [[[-99.287038, 19.30502], [-99.287064, 19.304295], [-99.287902, 19.308725], [-99.28793614152728, 19.309773475289244], [-99.287038, 19.30502]]]}, {"type": "Polygon", "coordinates": [[[-99.29872703474544, 19.29026398688413], [-99.298852, 19.290258], [-99.297534, 19.291758], [-99.29872703474544, 19.29026398688413]]]}, {"type": "LineString", "coordinates": [[-99.287064, 19.304295], [-99.288253, 19.301425]]}, {"type": "LineString", "coordinates": [[-99.288253, 19.301425], [-99.28886, 19.298229]]}, {"type": "LineString", "coordinates": [[-99.28886, 19.298229], [-99.289611, 19.296931]]}, {"type": "LineString", "coordinates": [[-99.289611, 19.296931], [-99.290241, 19.296821]]}, {"type": "LineString", "coordinates": [[-99.290241, 19.296821], [-99.291093, 19.294993]]}, {"type": "LineString", "coordinates": [[-99.291093, 19.294993], [-99.293266, 19.292914]]}, {"type": "LineString", "coordinates": [[-99.293266, 19.292914], [-99.297534, 19.291758]]}]}}, {"type": "Feature", "properties": {"cruce": "ARCAC × ARCAC", "a": "San Miguel Ajusco", "a_sub": "ARCAC · Comunidad", "b": "San Miguel Topilejo", "b_sub": "ARCAC · Comunidad", "ha": 1.0, "pct_a": 0.0, "pct_b": 0.0}, "geometry": {"type": "MultiPolygon", "coordinates": [[[[-99.19003537356446, 19.19502060233096], [-99.201537, 19.180241], [-99.204057, 19.1764], [-99.201537, 19.180253], [-99.19003537356446, 19.19502060233096]]], [[[-99.219936, 19.151827], [-99.221398, 19.150968], [-99.229868, 19.151967], [-99.22984147551635, 19.151990141650945], [-99.221398, 19.15098], [-99.219936, 19.151839], [-99.20428800513153, 19.176044777156775], [-99.219936, 19.151827]]], [[[-99.23170289785854, 19.152212834336463], [-99.236339, 19.153486], [-99.240475, 19.153401], [-99.249242, 19.154323], [-99.261976, 19.147907], [-99.266466, 19.14743], [-99.26762077989119, 19.14707008928749], [-99.266466, 19.147442], [-99.261976, 19.147919], [-99.249242, 19.154335], [-99.240475, 19.153413], [-99.236339, 19.153498], [-99.23170289785854, 19.152212834336463]]]]}}]}